Timestamp,Consumption,Consumption cost,Production,Production profit,Net household,Net buy price,Net sell price,Expected consumption,Expected production
2025-04-22 23:00:00+02:00,0.145,0.0402710385,0.0,0.0,0.145,0.47618497299999996,0.33605487300000003,0.26849999999999996,0.0
2025-04-23 00:00:00+02:00,0.151,0.0408831896,0.0,0.0,0.151,0.467737116,0.327607016,0.19225,0.0
2025-04-23 01:00:00+02:00,0.166,0.0434299492,0.0,0.0,0.166,0.456697802,0.31656770199999995,0.1745,0.0
2025-04-23 02:00:00+02:00,0.156,0.0403493376,0.0,0.0,0.156,0.453096116,0.31296601599999996,0.17500000000000002,0.0
2025-04-23 03:00:00+02:00,0.168,0.0431685408,0.0,0.0,0.168,0.451046376,0.310916276,1.579,0.0
2025-04-23 04:00:00+02:00,0.162,0.042330519,0.0,0.0,0.162,0.456302495,0.316172395,1.5705,0.0
2025-04-23 05:00:00+02:00,0.161,0.0432166504,0.0,0.0,0.161,0.46492604400000004,0.324795944,1.7497500000000001,0.0
2025-04-23 06:00:00+02:00,0.463,0.1422143855,0.0,0.0,0.463,0.511791885,0.37166178499999997,1.6715,0.0
2025-04-23 07:00:00+02:00,0.235,0.077383009,0.001,0.0003292894,0.23399999999999999,0.538570274,0.398440174,0.25,0.0055
2025-04-23 08:00:00+02:00,0.018,0.0055055484,0.388,0.1186751544,-0.37,0.5102252979999999,0.370095198,0.168,0.058750000000000004
2025-04-23 09:00:00+02:00,0.007,0.0019095615,0.927,0.2528805015,-0.92,0.470211445,0.33008134499999997,0.02675,0.30675
2025-04-23 10:00:00+02:00,0.006,0.0015539304,1.162,0.3009445208,-1.156,0.45350606399999993,0.313375964,0.008,0.6715
2025-04-23 11:00:00+02:00,0.01,0.002618803,1.612,0.4221510436,-1.602,0.45700526300000005,0.316875163,0.062,1.04025
2025-04-23 12:00:00+02:00,0.091,0.0223611388,1.497,0.3678530196,-1.4060000000000001,0.437459528,0.297329428,0.0055,1.7594999999999998
2025-04-23 13:00:00+02:00,0.445,0.1105276315,0.18,0.044707806,0.265,0.44066590699999997,0.300535807,0.29975,2.102
2025-04-23 14:00:00+02:00,0.013,0.0032578403,0.836,0.2095041916,-0.823,0.443359851,0.303229751,0.0072499999999999995,1.313
2025-04-23 15:00:00+02:00,0.003,0.0007744242,0.989,0.2553018446,-0.986,0.45248119400000003,0.312351094,0.01925,1.6985000000000001
2025-04-23 16:00:00+02:00,0.01,0.002614084,0.36,0.094107024,-0.35,0.4564342639999999,0.316304164,0.99875,1.685
2025-04-23 17:00:00+02:00,0.011,0.0029936852,0.308,0.0838231856,-0.297,0.4694354719999999,0.329305372,0.064,1.9112500000000001
2025-04-23 18:00:00+02:00,0.013,0.0038371762,0.462,0.1363673388,-0.449,0.49728265400000005,0.357152554,0.19225,0.99875
2025-04-23 19:00:00+02:00,0.096,0.0313666848,0.0,0.0,0.096,0.5354810229999999,0.39535092299999997,2.748,0.23299999999999998
2025-04-23 20:00:00+02:00,0.13,0.041931461,0.0,0.0,0.13,0.530415237,0.390285137,0.73575,0.0
2025-04-23 21:00:00+02:00,0.136,0.040580496,0.0,0.0,0.136,0.50117716,0.36104706,0.512,0.0
2025-04-23 22:00:00+02:00,0.15,0.041710515,0.0,0.0,0.15,0.47659492099999995,0.33646482099999997,0.21875,0.0
2025-04-23 23:00:00+02:00,0.146,0.0382362904,0.0,0.0,0.146,0.457019904,0.316889804,0.1835,0.0
2025-04-24 00:00:00+02:00,0.149,0.0386613876,0.0,0.0,0.149,0.454091704,0.313961604,0.853,0.0
2025-04-24 01:00:00+02:00,0.155,0.0391848215,0.0,0.0,0.155,0.44602451299999996,0.305894413,0.27449999999999997,0.0
2025-04-24 02:00:00+02:00,0.17,0.04260047,0.0,0.0,0.17,0.44334520999999993,0.30321511,0.28275,0.0
2025-04-24 03:00:00+02:00,0.175,0.043743315,0.0,0.0,0.175,0.442583878,0.302453778,0.34600000000000003,0.0
2025-04-24 04:00:00+02:00,0.16,0.03943632,0.0,0.0,0.16,0.43836727000000003,0.29823717,0.45175,0.0
2025-04-24 05:00:00+02:00,0.172,0.0436906316,0.0,0.0,0.172,0.44748861300000004,0.307358513,0.46175,0.0
2025-04-24 06:00:00+02:00,0.163,0.0437929492,0.0,0.0,0.163,0.465218864,0.325088764,0.41950000000000004,0.0
2025-04-24 07:00:00+02:00,0.144,0.0411398064,0.0,0.0,0.144,0.485818751,0.34568865099999996,0.36075,0.0015
2025-04-24 08:00:00+02:00,0.066,0.01912647,0.001,0.000289795,0.065,0.49078204999999997,0.35065195000000005,0.161,0.14525
2025-04-24 09:00:00+02:00,0.015,0.0041950095,0.104,0.0290853992,-0.089,0.478527533,0.338397433,0.037250000000000005,0.53825
2025-04-24 10:00:00+02:00,0.007,0.0018524737,0.272,0.0719818352,-0.265,0.460343411,0.320213311,0.032,0.9752500000000001
2025-04-24 11:00:00+02:00,0.429,0.1119106131,0.149,0.0388687211,0.28,0.455775419,0.315645319,0.006999999999999999,1.60725
2025-04-24 12:00:00+02:00,0.438,0.107877429,0.093,0.0229054815,0.345,0.43814765499999997,0.298017555,0.001,2.72775
2025-04-24 13:00:00+02:00,0.004,0.0009716784,0.861,0.2091537756,-0.857,0.43406281599999996,0.293932716,0.0015,3.4742499999999996
2025-04-24 14:00:00+02:00,0.008,0.0019271912,0.975,0.2348764275,-0.967,0.431617769,0.291487669,1.07525,2.1395
2025-04-24 15:00:00+02:00,0.006,0.0014419086,1.204,0.2893429924,-1.198,0.43091500099999996,0.290784901,1.17575,1.8857500000000003
2025-04-24 16:00:00+02:00,0.008,0.0019576832,0.449,0.1098749696,-0.441,0.43622968399999995,0.29609958399999997,0.14775,2.14525
2025-04-24 17:00:00+02:00,0.02,0.0051304,0.168,0.04309536,-0.14800000000000002,0.45051930000000007,0.31038920000000003,0.10300000000000001,1.612
2025-04-24 18:00:00+02:00,0.02,0.005329082,0.051,0.0135891591,-0.030999999999999996,0.462539561,0.322409461,0.050249999999999996,1.12225
2025-04-24 19:00:00+02:00,0.077,0.0217030198,0.0,0.0,0.077,0.481177554,0.34104745399999997,0.11699999999999999,0.41525
2025-04-24 20:00:00+02:00,0.142,0.0414842208,0.0,0.0,0.142,0.49362240399999996,0.35349230400000003,0.48475,0.003
2025-04-24 21:00:00+02:00,0.421,0.1204856532,0.0,0.0,0.421,0.486419032,0.34628893199999994,0.25125000000000003,0.0
2025-04-24 22:00:00+02:00,0.587,0.1623464139,0.0,0.0,0.587,0.47477943699999997,0.33464933699999994,0.3105,0.0
2025-04-24 23:00:00+02:00,0.498,0.1296390612,0.0,0.0,0.498,0.45511657399999994,0.31498647399999996,0.281,0.0
2025-04-25 00:00:00+02:00,0.501,0.1277102607,0.0,0.0,0.501,0.44857204700000003,0.308441947,0.42425,0.0
2025-04-25 01:00:00+02:00,0.439,0.1076137821,0.0,0.0,0.439,0.436742119,0.29661201899999995,0.41800000000000004,0.0
2025-04-25 02:00:00+02:00,0.461,0.113012306,0.0,0.0,0.461,0.43675675999999997,0.29662666,0.25325000000000003,0.0
2025-04-25 03:00:00+02:00,0.439,0.1075606631,0.0,0.0,0.439,0.436595709,0.296465609,0.3325000000000001,0.0
2025-04-25 04:00:00+02:00,0.429,0.1060760415,0.0,0.0,0.429,0.43931893499999997,0.299188835,0.69025,0.0
2025-04-25 05:00:00+02:00,0.412,0.106508798,0.0,0.0,0.412,0.45293506499999997,0.312804965,0.43150000000000005,0.0
2025-04-25 06:00:00+02:00,0.416,0.1132459328,0.0,0.0,0.416,0.469523318,0.329393218,0.37525000000000003,0.0
2025-04-25 07:00:00+02:00,0.249,0.0709327047,0.0,0.0,0.249,0.48482316299999995,0.344693063,0.8780000000000001,0.0
2025-04-25 08:00:00+02:00,0.052,0.0147918628,0.069,0.0196276641,-0.017000000000000008,0.484325369,0.344195269,0.37625000000000003,0.0
2025-04-25 09:00:00+02:00,0.005,0.0013397725,0.499,0.1337092955,-0.494,0.4643550449999999,0.324224945,0.4435,0.101
2025-04-25 10:00:00+02:00,0.101,0.0263203677,0.174,0.0453439998,-0.07299999999999998,0.455453317,0.315323217,1.163,0.39225
2025-04-25 11:00:00+02:00,0.004,0.0009858596,1.685,0.4152933565,-1.681,0.43835262899999994,0.29822252899999996,0.7585,0.8079999999999999
2025-04-25 12:00:00+02:00,0.0,0.0,3.585,0.8113080855,-3.585,0.413960723,0.273830623,0.17725,1.5059999999999998
2025-04-25 13:00:00+02:00,0.0,0.0,4.788,0.9734205096,-4.788,0.386128182,0.24599808199999998,0.052,2.82525
2025-04-25 14:00:00+02:00,0.0,0.0,4.919,0.9510684821,-4.919,0.374078639,0.23394853899999998,0.05075,2.7150000000000003
2025-04-25 15:00:00+02:00,0.0,0.0,4.626,0.978436008,-4.626,0.39605478,0.25592468,0.04075,2.3884999999999996
2025-04-25 16:00:00+02:00,0.0,0.0,4.174,0.9441479476,-4.174,0.4138289539999999,0.273698854,0.04025,2.1292500000000003
2025-04-25 17:00:00+02:00,0.169,0.0417241396,2.34,0.577718856,-2.171,0.43886506399999997,0.298734964,0.126,1.73525
2025-04-25 18:00:00+02:00,0.001,0.0002646754,2.484,0.6574536936,-2.483,0.460387334,0.320257234,0.42800000000000005,1.08125
2025-04-25 19:00:00+02:00,0.007,0.0020073053,1.649,0.4728637771,-1.6420000000000001,0.48710715899999996,0.346977059,0.2505,0.5785
2025-04-25 20:00:00+02:00,0.304,0.0912353552,0.22,0.066025586,0.08399999999999999,0.5032708229999999,0.363140723,0.1645,0.0255
2025-04-25 21:00:00+02:00,0.179,0.0501774053,0.0,0.0,0.179,0.4793181469999999,0.33918804699999994,0.5345,0.0
2025-04-25 22:00:00+02:00,0.156,0.0419821116,0.0,0.0,0.156,0.46576058100000006,0.325630481,0.66575,0.0
2025-04-25 23:00:00+02:00,0.152,0.0393827896,0.0,0.0,0.152,0.45363783299999993,0.31350773299999996,0.498,0.0
2025-04-26 00:00:00+02:00,0.156,0.0411138156,0.0,0.0,0.156,0.45902572099999994,0.318895621,1.03575,0.0
2025-04-26 01:00:00+02:00,0.177,0.0449350077,0.0,0.0,0.177,0.4473129209999999,0.307182821,0.16125,0.0
2025-04-26 02:00:00+02:00,0.198,0.0497344122,0.0,0.0,0.198,0.444062619,0.303932519,2.98625,0.0
2025-04-26 03:00:00+02:00,0.186,0.0465469092,0.0,0.0,0.186,0.442935262,0.30280516199999996,1.58525,0.0
2025-04-26 04:00:00+02:00,0.563,0.1404083153,0.0,0.0,0.563,0.441895751,0.301765651,2.039,0.0
2025-04-26 05:00:00+02:00,0.702,0.1772144946,0.0,0.0,0.702,0.44558528299999994,0.305455183,3.124,0.0
2025-04-26 06:00:00+02:00,0.569,0.1465037871,0.0,0.0,0.569,0.4516759389999999,0.311545839,3.07175,0.0
2025-04-26 07:00:00+02:00,0.688,0.1753452624,0.0,0.0,0.688,0.44851348299999994,0.30838338299999996,0.3145,0.00075
2025-04-26 08:00:00+02:00,0.254,0.064003555,0.504,0.12699918,-0.25,0.44502892499999996,0.304898825,0.03225,0.3175
2025-04-26 09:00:00+02:00,0.003,0.0005680587,1.549,0.2933076421,-1.546,0.369247109,0.22911700899999998,0.958,1.0165
2025-04-26 10:00:00+02:00,0.002,0.0003015078,1.787,0.2693972193,-1.785,0.32254231899999997,0.182412219,0.035,1.59875
2025-04-26 11:00:00+02:00,0.001,0.0001476563,2.381,0.3515696503,-2.38,0.318794223,0.17866412299999998,0.00325,2.54925
2025-04-26 12:00:00+02:00,0.0,0.0,4.052,0.5328003164,-4.052,0.299233847,0.159103747,1.49725,2.7684999999999995
2025-04-26 13:00:00+02:00,0.0,0.0,4.786,0.5550151904,-4.786,0.280449444,0.14031934399999998,0.8365,3.1464999999999996
2025-04-26 14:00:00+02:00,0.0,0.0,4.908,0.62504607,-4.908,0.294226625,0.154096525,0.8685,3.373
2025-04-26 15:00:00+02:00,0.0,0.0,4.604,0.6678322992,-4.604,0.315646408,0.175516308,1.8570000000000002,2.73625
2025-04-26 16:00:00+02:00,0.0,0.0,4.148,0.6124281416,-4.148,0.31877958199999995,0.178649482,0.0425,3.4715
2025-04-26 17:00:00+02:00,0.0,0.0,3.601,0.6667838463,-3.601,0.36418132299999995,0.224051223,0.02275,2.6822500000000002
2025-04-26 18:00:00+02:00,0.0,0.0,2.83,0.68794187,-2.83,0.43426778999999993,0.29413769,0.0415,2.1605
2025-04-26 19:00:00+02:00,0.001,0.0002686079,1.662,0.4464263298,-1.661,0.46514565899999993,0.325015559,0.2175,0.84775
2025-04-26 20:00:00+02:00,0.059,0.0169137188,0.268,0.0768284176,-0.20900000000000002,0.487004672,0.346874572,0.23875000000000002,0.06325
2025-04-26 21:00:00+02:00,0.149,0.0410394127,0.0,0.0,0.149,0.47340318300000006,0.333273083,0.29125,0.0
2025-04-26 22:00:00+02:00,0.143,0.0384195812,0.0,0.0,0.143,0.465218864,0.325088764,0.416,0.0
2025-04-26 23:00:00+02:00,0.155,0.041932429,0.0,0.0,0.155,0.46747357799999995,0.32734347799999997,0.42325,0.0
2025-04-27 00:00:00+02:00,0.147,0.0415966782,0.0,0.0,0.147,0.482524526,0.34239442600000003,0.4755,0.0
2025-04-27 01:00:00+02:00,0.144,0.0379215936,0.0,0.0,0.144,0.45877682399999997,0.318646724,0.255,0.0
2025-04-27 02:00:00+02:00,0.151,0.0397650044,0.0,0.0,0.151,0.45877682399999997,0.318646724,0.16325,0.0
2025-04-27 03:00:00+02:00,0.147,0.0387116268,0.0,0.0,0.147,0.45877682399999997,0.318646724,0.40775,0.0
2025-04-27 04:00:00+02:00,0.171,0.0450318924,0.0,0.0,0.171,0.45877682399999997,0.318646724,0.3595,0.0
2025-04-27 05:00:00+02:00,0.255,0.063882192,0.0,0.0,0.255,0.443257364,0.30312726399999995,0.3165,0.0
2025-04-27 06:00:00+02:00,1.051,0.2566437951,0.001,0.0002441901,1.05,0.43560012099999995,0.29547002099999997,0.42174999999999996,0.0
2025-04-27 07:00:00+02:00,0.011,0.0025547214,0.101,0.0234569874,-0.09000000000000001,0.4211494539999999,0.281019354,0.27775,0.00175
2025-04-27 08:00:00+02:00,0.009,0.0017635266,0.783,0.1534268142,-0.774,0.37722645399999993,0.23709635399999998,0.04375,0.262
2025-04-27 09:00:00+02:00,0.004,0.0005908672,1.477,0.2181777136,-1.473,0.318867428,0.178737328,0.010499999999999999,1.0787499999999999
2025-04-27 10:00:00+02:00,0.001,0.0001440384,1.865,0.268631616,-1.864,0.31441656399999995,0.174286464,0.01475,1.6047500000000001
2025-04-27 11:00:00+02:00,0.0,0.0,2.968,0.2443506912,-2.968,0.239747464,0.09961736399999999,0.068,2.59125
2025-04-27 12:00:00+02:00,0.0,0.0,3.998,-0.1218102644,-3.998,0.10326406199999999,-0.036866038,0.45075,3.6382499999999998
2025-04-27 13:00:00+02:00,0.319,-0.0261932814,4.264,-0.3501195984,-3.9450000000000003,0.04077627399999999,-0.099353826,0.6317499999999999,3.68825
2025-04-27 14:00:00+02:00,0.0,0.0,4.8,-0.16239168,-4.8,0.09919386399999999,-0.040936236,2.026,2.9842500000000003
2025-04-27 15:00:00+02:00,0.0,0.0,4.534,0.3953312484,-4.534,0.24563314599999997,0.10550304599999999,0.85575,3.7742500000000003
2025-04-27 16:00:00+02:00,0.0,0.0,4.098,0.5795092446,-4.098,0.31123946700000005,0.17110936699999998,1.8525,2.363
2025-04-27 17:00:00+02:00,0.0,0.0,3.59,0.609840121,-3.59,0.345675099,0.20554499899999998,0.7395,1.61825
2025-04-27 18:00:00+02:00,0.0,0.0,2.897,0.7423322049,-2.897,0.450182557,0.310052457,2.216,0.3285
2025-04-27 19:00:00+02:00,0.003,0.0008473509,1.79,0.505586037,-1.7870000000000001,0.481894963,0.341764863,0.842,0.315
2025-04-27 20:00:00+02:00,0.043,0.0129055212,0.352,0.1056451968,-0.309,0.5032854640000001,0.36315536400000004,0.2215,0.002
2025-04-27 21:00:00+02:00,0.149,0.0418344916,0.0,0.0,0.149,0.47985986399999997,0.33972976399999993,0.252,0.0
2025-04-27 22:00:00+02:00,0.146,0.0390489264,0.0,0.0,0.146,0.46375476399999993,0.32362466399999995,0.309,0.0
2025-04-27 23:00:00+02:00,0.144,0.037566144,0.0,0.0,0.144,0.45579005999999994,0.31565995999999996,0.7115,0.0
2025-04-28 00:00:00+02:00,0.155,0.039974407,0.0,0.0,0.155,0.45218837399999995,0.31205827399999997,0.5177499999999999,0.0
2025-04-28 01:00:00+02:00,0.141,0.0353401554,0.0,0.0,0.141,0.44340377400000003,0.303273674,0.3305,0.0
2025-04-28 02:00:00+02:00,0.147,0.0364882518,0.0,0.0,0.147,0.440475574,0.300345474,0.36,0.0
2025-04-28 03:00:00+02:00,0.145,0.0362005985,0.0,0.0,0.145,0.442217853,0.302087753,0.44325,0.0
2025-04-28 04:00:00+02:00,0.303,0.0780408618,0.0,0.0,0.303,0.451778426,0.311648326,0.36175,0.0
2025-04-28 05:00:00+02:00,1.01,0.267798773,0.0,0.0,1.01,0.46095833299999994,0.32082823299999996,0.317,0.0
2025-04-28 06:00:00+02:00,0.102,0.0323409768,0.002,0.0006341368,0.09999999999999999,0.523782864,0.383652764,0.30625,0.0
2025-04-28 07:00:00+02:00,0.013,0.0039817349,0.113,0.0346104649,-0.1,0.510737733,0.370607633,0.252,0.011
2025-04-28 08:00:00+02:00,0.004,0.0010591372,0.804,0.2128865772,-0.8,0.46051910299999993,0.32038900299999995,0.06675,0.135
2025-04-28 09:00:00+02:00,0.005,0.0011459305,1.485,0.3403413585,-1.4800000000000002,0.417445281,0.277315181,0.0072499999999999995,0.713
2025-04-28 10:00:00+02:00,0.001,0.0001597684,1.893,0.3024415812,-1.8920000000000001,0.333449864,0.193319764,0.0075,1.18425
2025-04-28 11:00:00+02:00,0.0,0.0,2.88,0.425250144,-2.88,0.318794223,0.17866412299999998,0.00175,2.26675
2025-04-28 12:00:00+02:00,0.0,0.0,3.982,0.5552034906,-3.982,0.308838343,0.168708243,0.00125,2.904
2025-04-28 13:00:00+02:00,0.0,0.0,4.662,0.6551480628,-4.662,0.310170674,0.170040574,0.30825,3.37425
2025-04-28 14:00:00+02:00,0.0,0.0,4.781,0.6702512586,-4.781,0.30976072600000004,0.169630626,0.001,3.50725
2025-04-28 15:00:00+02:00,0.0,0.0,4.223,0.615734515,-4.223,0.31655415,0.17642404999999997,0.00175,3.49775
2025-04-28 16:00:00+02:00,0.0,0.0,4.101,0.6142223538,-4.101,0.32135639800000004,0.181226298,0.00275,3.0367500000000005
2025-04-28 17:00:00+02:00,0.0,0.0,3.544,0.8178102504,-3.544,0.4193486109999999,0.279218511,0.00475,2.26175
2025-04-28 18:00:00+02:00,0.0,0.0,2.759,0.7245641656,-2.759,0.457898364,0.31776826399999997,0.011,1.73325
2025-04-28 19:00:00+02:00,0.005,0.0015838295,1.659,0.5255146281,-1.6540000000000001,0.523416839,0.383286739,0.04825,0.57875
2025-04-28 20:00:00+02:00,0.029,0.0110351032,0.238,0.0905639504,-0.209,0.600560268,0.460430168,0.20425,0.0032500000000000003
2025-04-28 21:00:00+02:00,0.15,0.045532905,0.0,0.0,0.15,0.507428867,0.367298767,0.32475,0.0
2025-04-28 22:00:00+02:00,0.143,0.0394577612,0.0,0.0,0.143,0.47400346400000004,0.333873364,0.6857499999999999,0.0
2025-04-28 23:00:00+02:00,0.144,0.038019168,0.0,0.0,0.144,0.4595967199999999,0.31946662,0.15525,0.0
2025-04-29 00:00:00+02:00,0.151,0.0386449921,0.0,0.0,0.151,0.44980189100000006,0.30967179100000003,0.15475000000000003,0.0
2025-04-29 01:00:00+02:00,0.146,0.0365898192,0.0,0.0,0.146,0.443374492,0.303244392,0.4195,0.0
2025-04-29 02:00:00+02:00,0.142,0.034767777,0.0,0.0,0.142,0.4363907349999999,0.296260635,0.51175,0.0
2025-04-29 03:00:00+02:00,0.151,0.0364835328,0.0,0.0,0.151,0.432481588,0.292351488,0.1605,0.0
2025-04-29 04:00:00+02:00,0.967,0.2326216167,0.0,0.0,0.967,0.431207821,0.291077721,0.37575000000000003,0.0
2025-04-29 05:00:00+02:00,0.334,0.0837458908,0.0,0.0,0.334,0.44352090200000005,0.303390802,0.35475,0.0
2025-04-29 06:00:00+02:00,0.103,0.0284505364,0.004,0.0011048752,0.09899999999999999,0.47435484799999994,0.33422474799999996,0.335,0.0
2025-04-29 07:00:00+02:00,0.007,0.0019862997,0.162,0.0459686502,-0.155,0.48347619099999994,0.34334609099999996,0.23700000000000002,0.016
2025-04-29 08:00:00+02:00,0.009,0.0024177978,0.818,0.2197509556,-0.8089999999999999,0.46518958199999993,0.325059482,0.0565,0.257
2025-04-29 09:00:00+02:00,0.005,0.001210242,1.463,0.3541168092,-1.4580000000000002,0.433008664,0.292878564,0.00625,1.0299999999999998
2025-04-29 10:00:00+02:00,0.001,0.0001584374,1.889,0.2992882486,-1.8880000000000001,0.33183935400000003,0.191709254,0.003,1.50575
2025-04-29 11:00:00+02:00,0.0,0.0,2.947,0.4351787748,-2.947,0.31880886399999997,0.178678764,0.00075,2.7315
2025-04-29 12:00:00+02:00,0.0,0.0,4.008,0.5881691904,-4.008,0.31769614799999996,0.177566048,0.0015,3.43475
2025-04-29 13:00:00+02:00,0.0,0.0,4.684,0.6809102696,-4.684,0.316027074,0.175896974,0.8192499999999999,3.76825
2025-04-29 14:00:00+02:00,0.0,0.0,4.756,0.6927004612,-4.756,0.316363817,0.17623371699999998,0.21125,3.2327500000000002
2025-04-29 15:00:00+02:00,0.0,0.0,4.507,0.6654869441,-4.507,0.318794223,0.17866412299999998,0.0015,3.2795
2025-04-29 16:00:00+02:00,0.0,0.0,4.092,0.6679825812,-4.092,0.337651831,0.197521731,0.00125,3.3765
2025-04-29 17:00:00+02:00,0.0,0.0,3.569,0.8457330816,-3.569,0.426859444,0.286729344,0.035500000000000004,2.18675
2025-04-29 18:00:00+02:00,0.0,0.0,2.899,0.7695038923,-2.899,0.46130971699999995,0.321179617,0.10975,1.0835
2025-04-29 19:00:00+02:00,0.002,0.0005978368,1.775,0.53058016,-1.773,0.501821364,0.36169126399999996,0.209,0.19650000000000004
2025-04-29 20:00:00+02:00,0.047,0.015917913,0.294,0.099571626,-0.247,0.54993169,0.40980159,0.19574999999999998,0.00475
2025-04-29 21:00:00+02:00,0.149,0.0452798335,0.0,0.0,0.149,0.5078388149999999,0.36770871499999996,0.36525,0.0
2025-04-29 22:00:00+02:00,0.141,0.0389963277,0.0,0.0,0.141,0.47477943699999997,0.33464933699999994,0.30800000000000005,0.0
2025-04-29 23:00:00+02:00,0.148,0.0391361432,0.0,0.0,0.148,0.460094514,0.319964414,0.21325,0.0
2025-04-30 00:00:00+02:00,0.151,0.0396553784,0.0,0.0,0.151,0.457898364,0.31776826399999997,0.177,0.0
2025-04-30 01:00:00+02:00,0.141,0.0361607895,0.0,0.0,0.141,0.45044609500000005,0.310315995,0.173,0.0
2025-04-30 02:00:00+02:00,0.148,0.0371644724,0.0,0.0,0.148,0.443974773,0.30384467299999995,0.17125,0.0
2025-04-30 03:00:00+02:00,0.152,0.0384043352,0.0,0.0,0.152,0.445848821,0.30571872099999997,0.17375,0.0
2025-04-30 04:00:00+02:00,1.147,0.2924519664,0.0,0.0,1.147,0.44864525200000005,0.308515152,0.16775,0.0
2025-04-30 05:00:00+02:00,0.146,0.0381267612,0.0,0.0,0.146,0.45611216199999993,0.31598206199999995,0.266,0.0
2025-04-30 06:00:00+02:00,0.073,0.0209615923,0.023,0.0066043373,0.049999999999999996,0.487575671,0.34744557099999995,0.33399999999999996,0.0
2025-04-30 07:00:00+02:00,0.006,0.0017593884,0.204,0.0598192056,-0.19799999999999998,0.494940094,0.35480999399999996,0.20375,0.00575
2025-04-30 08:00:00+02:00,0.008,0.0021483792,0.87,0.233636238,-0.862,0.4650724539999999,0.324942354,0.0955,0.15575
2025-04-30 09:00:00+02:00,0.002,0.000507837,1.49,0.378338565,-1.488,0.447371485,0.307241385,0.01475,0.48225
2025-04-30 10:00:00+02:00,0.002,0.0003124704,1.893,0.2957532336,-1.891,0.329174692,0.18904459199999998,0.0065,0.8335
2025-04-30 11:00:00+02:00,0.0,0.0,2.958,0.4368031272,-2.958,0.31880886399999997,0.178678764,0.06,1.27525
2025-04-30 12:00:00+02:00,0.0,0.0,3.854,0.5644506736,-3.854,0.31734476399999995,0.177214664,0.025750000000000002,1.5699999999999998
2025-04-30 13:00:00+02:00,0.0,0.0,4.531,0.6350391333,-4.531,0.30971680300000004,0.169586703,0.40700000000000003,1.4765
2025-04-30 14:00:00+02:00,0.0,0.0,4.727,0.6808695168,-4.727,0.31441656399999995,0.174286464,0.00875,1.30775
2025-04-30 15:00:00+02:00,0.0,0.0,4.458,0.6581978436,-4.458,0.31877958199999995,0.178649482,0.019,1.582
2025-04-30 16:00:00+02:00,0.0,0.0,4.048,0.6823515248,-4.048,0.344093871,0.203963771,1.00025,1.211
2025-04-30 17:00:00+02:00,0.0,0.0,3.374,0.8092410788,-3.374,0.43034400199999995,0.290213902,0.06675,1.11525
2025-04-30 18:00:00+02:00,0.0,0.0,2.515,0.672657876,-2.515,0.46375476399999993,0.32362466399999995,0.036000000000000004,0.7475
2025-04-30 19:00:00+02:00,0.002,0.0005988048,1.579,0.4727563896,-1.577,0.502407004,0.362276904,2.74425,0.0895
2025-04-30 20:00:00+02:00,0.028,0.0101121636,0.37,0.133625019,-0.34199999999999997,0.577120027,0.436989927,0.6847500000000001,0.0
2025-04-30 21:00:00+02:00,0.139,0.0420542276,0.0,0.0,0.139,0.506213664,0.366083564,0.45699999999999996,0.0
2025-04-30 22:00:00+02:00,0.149,0.0414757145,0.0,0.0,0.149,0.47694630499999996,0.336816205,0.1795,0.0
2025-04-30 23:00:00+02:00,0.15,0.039851955,0.0,0.0,0.15,0.46160253700000003,0.321472437,0.1745,0.0
2025-05-01 00:00:00+02:00,0.143,0.0371997197,0.0,0.0,0.143,0.454896959,0.31476685899999995,0.84775,0.0
2025-05-01 01:00:00+02:00,0.147,0.0372619863,0.0,0.0,0.147,0.44684440900000005,0.306714309,0.16575,0.0
2025-05-01 02:00:00+02:00,0.149,0.0374949113,0.0,0.0,0.149,0.44461897699999997,0.30448887700000005,0.18775000000000003,0.0
2025-05-01 03:00:00+02:00,0.147,0.0371179116,0.0,0.0,0.147,0.44565848799999996,0.30552838800000004,0.25599999999999995,0.0
2025-05-01 04:00:00+02:00,1.094,0.2752584956,0.0,0.0,1.094,0.44457505399999997,0.304444954,0.232,0.0
2025-05-01 05:00:00+02:00,0.212,0.0520068648,0.0,0.0,0.212,0.436961734,0.29683163399999996,0.32425,0.0
2025-05-01 06:00:00+02:00,0.427,0.1081338643,0.004,0.0010129636,0.423,0.4465515889999999,0.306421489,0.32375000000000004,0.0
2025-05-01 07:00:00+02:00,0.007,0.0017740415,0.134,0.033960223,-0.127,0.44678584499999996,0.306655745,0.27575,0.0015
2025-05-01 08:00:00+02:00,0.009,0.0022566258,0.821,0.2058544202,-0.8119999999999999,0.44352090200000005,0.303390802,0.14400000000000002,0.10725
2025-05-01 09:00:00+02:00,0.004,0.0005906736,1.48,0.218549232,-1.476,0.31880886399999997,0.178678764,0.03900000000000001,0.35550000000000004
2025-05-01 10:00:00+02:00,0.001,0.0001440384,1.844,0.2656068096,-1.8430000000000002,0.31441656399999995,0.174286464,0.0305,0.7217500000000001
2025-05-01 11:00:00+02:00,0.0,0.0,2.905,0.288023197,-2.905,0.260098454,0.119968354,0.1095,1.2512500000000002
2025-05-01 12:00:00+02:00,0.004,6.76148e-05,3.802,0.0642678674,-3.798,0.16058357699999998,0.020453477,0.11025,1.97375
2025-05-01 13:00:00+02:00,0.985,-0.024289903,0.092,-0.0022687016,0.893,0.110291742,-0.029838358,0.0025,2.529
2025-05-01 14:00:00+02:00,0.0,0.0,4.747,0.0226308478,-4.747,0.145898654,0.0057685539999999995,1.07725,1.19075
2025-05-01 15:00:00+02:00,0.0,0.0,4.533,0.3951892065,-4.533,0.245618505,0.105488405,1.1772500000000001,1.0675
2025-05-01 16:00:00+02:00,0.0,0.0,3.872,0.5475499744,-3.872,0.31123946700000005,0.17110936699999998,0.14975,1.2545
2025-05-01 17:00:00+02:00,0.0,0.0,2.758,0.5615806504,-2.758,0.38650884799999996,0.24637874799999998,0.10700000000000001,1.06125
2025-05-01 18:00:00+02:00,0.0,0.0,2.226,0.5877399066,-2.226,0.459611361,0.31948126099999996,0.0535,0.5982500000000001
2025-05-01 19:00:00+02:00,0.004,0.0012192444,1.206,0.3676021866,-1.202,0.5089515309999999,0.368821431,0.105,0.26325
2025-05-01 20:00:00+02:00,0.049,0.0170233448,0.037,0.0128543624,0.012000000000000004,0.560502492,0.420372392,0.447,0.003
2025-05-01 21:00:00+02:00,0.143,0.0430394822,0.0,0.0,0.143,0.5043103339999999,0.364180234,0.27675,0.0
2025-05-01 22:00:00+02:00,0.15,0.04118235,0.0,0.0,0.15,0.47233439,0.33220428999999996,0.36374999999999996,0.0
2025-05-01 23:00:00+02:00,0.143,0.0368432779,0.0,0.0,0.143,0.45188091300000005,0.311750813,0.2805,0.0
2025-05-02 00:00:00+02:00,0.145,0.038255118,0.0,0.0,0.145,0.459362464,0.319232364,0.26875000000000004,0.0
2025-05-02 01:00:00+02:00,0.152,0.0394030208,0.0,0.0,0.152,0.45379888400000007,0.31366878400000003,0.2515,0.0
2025-05-02 02:00:00+02:00,0.141,0.0348112644,0.0,0.0,0.141,0.43886506399999997,0.298734964,0.32675,0.0
2025-05-02 03:00:00+02:00,0.148,0.0346663064,0.0,0.0,0.148,0.42355057799999996,0.283420478,0.3995000000000001,0.0
2025-05-02 04:00:00+02:00,0.157,0.0362310784,0.0,0.0,0.157,0.419363252,0.279233152,0.384,0.0
2025-05-02 05:00:00+02:00,1.135,0.263738134,0.0,0.0,1.135,0.42129586399999996,0.281165764,0.37775000000000003,0.0
2025-05-02 06:00:00+02:00,0.081,0.0206252244,0.017,0.0043287508,0.064,0.44823530399999995,0.30810520399999997,0.3635,0.0
2025-05-02 07:00:00+02:00,0.013,0.0035383062,0.244,0.0664112856,-0.23099999999999998,0.469464754,0.329334654,0.82725,0.0
2025-05-02 08:00:00+02:00,0.008,0.0020888472,0.58,0.151441422,-0.572,0.45606823899999993,0.315938139,0.3125,0.01725
2025-05-02 09:00:00+02:00,0.005,0.0012005015,0.866,0.2079268598,-0.861,0.430651463,0.290521363,0.39625,0.22575
2025-05-02 10:00:00+02:00,0.006,0.0008921814,1.475,0.2193279275,-1.469,0.320053349,0.17992324899999998,1.18475,0.3365
2025-05-02 11:00:00+02:00,0.001,0.0001476563,2.504,0.3697313752,-2.503,0.318794223,0.17866412299999998,0.75725,1.07125
2025-05-02 12:00:00+02:00,0.003,0.0004401012,1.435,0.210515074,-1.4320000000000002,0.31763758400000003,0.177507484,0.1755,2.1705
2025-05-02 13:00:00+02:00,0.003,0.0004321152,2.266,0.3263910144,-2.263,0.31441656399999995,0.174286464,0.05175,3.37
2025-05-02 14:00:00+02:00,0.0,0.0,4.666,0.6664373144,-4.666,0.312952464,0.17282236399999998,0.04975,3.62525
2025-05-02 15:00:00+02:00,0.0,0.0,4.4,0.64931504,-4.4,0.318691736,0.178561636,0.03825,3.4405
2025-05-02 16:00:00+02:00,0.0,0.0,3.996,0.5915334744,-3.996,0.319248094,0.179117994,0.03875,3.099
2025-05-02 17:00:00+02:00,0.0,0.0,3.414,0.7579448712,-3.414,0.408763168,0.268633068,0.11349999999999999,2.31425
2025-05-02 18:00:00+02:00,0.0,0.0,2.696,0.7086063952,-2.696,0.45816190200000007,0.31803180200000003,0.067,1.70225
2025-05-02 19:00:00+02:00,0.006,0.0016699452,1.395,0.388262259,-1.389,0.47690238199999996,0.33677228200000003,0.0045000000000000005,0.99075
2025-05-02 20:00:00+02:00,0.132,0.0419089308,0.096,0.0304792224,0.036000000000000004,0.524295299,0.38416519899999996,0.1835,0.0805
2025-05-02 21:00:00+02:00,0.358,0.1038635686,0.0,0.0,0.358,0.491177357,0.35104725699999995,0.50975,0.0
2025-05-02 22:00:00+02:00,0.355,0.096777615,0.0,0.0,0.355,0.46999182999999994,0.32986172999999996,0.627,0.0
2025-05-02 23:00:00+02:00,0.352,0.0915046528,0.0,0.0,0.352,0.45467734399999993,0.31454724399999995,0.29475,0.0
2025-05-03 00:00:00+02:00,0.359,0.0937326742,0.0,0.0,0.359,0.456053598,0.31592349799999997,0.16625,0.0
2025-05-03 01:00:00+02:00,0.361,0.0921843824,0.0,0.0,0.361,0.4491137639999999,0.308983664,0.161,0.0
2025-05-03 02:00:00+02:00,0.341,0.0869616836,0.0,0.0,0.341,0.448703816,0.308573716,0.197,0.0
2025-05-03 03:00:00+02:00,0.362,0.0939509098,0.0,0.0,0.362,0.454164909,0.314034809,0.32325,0.0
2025-05-03 04:00:00+02:00,0.356,0.0936816848,0.0,0.0,0.356,0.458542568,0.318412468,0.4095,0.0
2025-05-03 05:00:00+02:00,0.402,0.1066427208,0.0,0.0,0.402,0.461119384,0.32098928400000004,0.6679999999999999,0.0
2025-05-03 06:00:00+02:00,0.999,0.2703821472,0.0,0.0,0.999,0.467619988,0.327489888,0.49875,0.0
2025-05-03 07:00:00+02:00,0.194,0.051501956,0.007,0.001858318,0.187,0.46135363999999995,0.32122354,0.38825,0.00075
2025-05-03 08:00:00+02:00,0.005,0.001257795,0.616,0.154960344,-0.611,0.44451648999999993,0.30438638999999995,0.08125,0.40025
2025-05-03 09:00:00+02:00,0.004,0.0006561588,1.516,0.2486841852,-1.512,0.338618137,0.198488037,0.043000000000000003,1.281
2025-05-03 10:00:00+02:00,0.002,0.000295361,1.932,0.285318726,-1.93,0.31882350499999995,0.17869340499999997,0.033,1.6874999999999998
2025-05-03 11:00:00+02:00,0.0,0.0,2.994,0.4420829622,-2.994,0.318794223,0.17866412299999998,0.0034999999999999996,2.54225
2025-05-03 12:00:00+02:00,0.0,0.0,4.046,0.5917873808,-4.046,0.317110508,0.176980408,1.496,3.1279999999999997
2025-05-03 13:00:00+02:00,0.0,0.0,3.53,0.5082847,-3.53,0.314358,0.1742279,0.83575,3.8235
2025-05-03 14:00:00+02:00,0.0,0.0,4.39,0.633975265,-4.39,0.314870435,0.174740335,0.8385,3.9082500000000007
2025-05-03 15:00:00+02:00,0.0,0.0,4.621,0.6822079341,-4.621,0.318764941,0.178634841,1.8562500000000002,2.989
2025-05-03 16:00:00+02:00,0.0,0.0,4.14,0.611347176,-4.14,0.31880886399999997,0.178678764,0.02875,3.96575
2025-05-03 17:00:00+02:00,0.0,0.0,2.619,0.4720210605,-2.619,0.358207795,0.218077695,0.01875,3.0785
2025-05-03 18:00:00+02:00,0.008,0.0017631152,1.369,0.3017130886,-1.361,0.40680127400000005,0.266671174,0.026250000000000002,2.374
2025-05-03 19:00:00+02:00,0.02,0.004749492,0.508,0.1206370968,-0.488,0.427474366,0.287344266,0.159,1.23175
2025-05-03 20:00:00+02:00,0.587,0.1479634464,0.0,0.0,0.587,0.445131412,0.30500131199999997,0.1755,0.13025
2025-05-03 21:00:00+02:00,0.231,0.0579731691,0.0,0.0,0.231,0.44379908100000004,0.303668981,0.24225000000000002,0.0
2025-05-03 22:00:00+02:00,0.244,0.0634736476,0.0,0.0,0.244,0.454896959,0.31476685899999995,0.36924999999999997,0.0
2025-05-03 23:00:00+02:00,0.272,0.0684701248,0.0,0.0,0.272,0.44472146400000007,0.30459136400000003,0.37475,0.0
2025-05-04 00:00:00+02:00,0.156,0.0343524324,0.0,0.0,0.156,0.406581659,0.266451559,0.44475,0.0
2025-05-04 01:00:00+02:00,0.149,0.0300976126,0.0,0.0,0.149,0.38454695399999994,0.244416854,0.24575000000000002,0.0
2025-05-04 02:00:00+02:00,0.145,0.027271948,0.0,0.0,0.145,0.367709804,0.227579704,0.15775,0.0
2025-05-04 03:00:00+02:00,0.152,0.026420108,0.0,0.0,0.152,0.350448065,0.210317965,0.40175,0.0
2025-05-04 04:00:00+02:00,0.144,0.0247525344,0.0,0.0,0.144,0.348120146,0.207990046,0.36050000000000004,0.0
2025-05-04 05:00:00+02:00,0.232,0.0386326864,0.0,0.0,0.232,0.34161954199999994,0.201489442,0.33899999999999997,0.0
2025-05-04 06:00:00+02:00,1.11,0.182204946,0.0,0.0,1.11,0.338749906,0.198619806,0.5215,0.00025
2025-05-04 07:00:00+02:00,0.011,0.0017285697,0.182,0.0285999714,-0.17099999999999999,0.33027276699999997,0.190142667,0.19,0.027000000000000003
2025-05-04 08:00:00+02:00,0.026,0.0039315562,0.458,0.0692558746,-0.432,0.32309867699999995,0.182968577,0.0275,0.45625
2025-05-04 09:00:00+02:00,0.025,0.00369171,1.073,0.1584481932,-1.048,0.31880886399999997,0.178678764,0.005,1.24225
2025-05-04 10:00:00+02:00,0.021,0.0031007823,1.196,0.1765969348,-1.175,0.318794223,0.17866412299999998,0.014499999999999999,1.6332499999999999
2025-05-04 11:00:00+02:00,0.005,0.0007382815,1.931,0.2851243153,-1.9260000000000002,0.318794223,0.17866412299999998,0.067,2.68025
2025-05-04 12:00:00+02:00,0.003,0.0004429326,1.227,0.1811594334,-1.2240000000000002,0.31877958199999995,0.178649482,0.0005,3.9804999999999997
2025-05-04 13:00:00+02:00,0.011,0.0015977324,1.572,0.2283304848,-1.5610000000000002,0.31588066400000003,0.175750564,0.14350000000000002,4.28425
2025-05-04 14:00:00+02:00,0.0,0.0,2.235,0.3164900805,-2.235,0.311473723,0.17134362299999997,1.36775,3.7012500000000004
2025-05-04 15:00:00+02:00,0.395,0.0575690775,0.225,0.0327925125,0.17,0.316480945,0.176350845,0.85575,3.9625000000000004
2025-05-04 16:00:00+02:00,0.171,0.0252492273,0.686,0.1012922218,-0.515,0.318794223,0.17866412299999998,1.83175,2.9065
2025-05-04 17:00:00+02:00,0.051,0.0080827758,0.788,0.1248868104,-0.737,0.33189791799999996,0.191767818,0.73775,2.3085
2025-05-04 18:00:00+02:00,1.219,0.2880360472,0.521,0.1231064648,0.6980000000000001,0.426039548,0.285909448,2.121,1.03525
2025-05-04 19:00:00+02:00,0.093,0.0238608612,1.164,0.2986456176,-1.071,0.450577864,0.31044776399999996,0.79075,0.7625
2025-05-04 20:00:00+02:00,0.098,0.0269188458,0.349,0.0958640529,-0.251,0.472495441,0.332365341,0.14175,0.09
2025-05-04 21:00:00+02:00,0.34,0.098834736,0.0,0.0,0.34,0.49186548399999996,0.351735384,0.1965,0.0
2025-05-04 22:00:00+02:00,0.398,0.1092367914,0.0,0.0,0.398,0.47223190299999995,0.332101803,0.25675,0.0
2025-05-04 23:00:00+02:00,0.18,0.04495392,0.0,0.0,0.18,0.44232034,0.30219024,0.49125,0.0
2025-05-05 00:00:00+02:00,0.245,0.0609471555,0.0,0.0,0.245,0.441134419,0.301004319,0.23374999999999999,0.0
2025-05-05 01:00:00+02:00,0.171,0.0398819025,0.0,0.0,0.171,0.422335375,0.282205275,0.17375,0.0
2025-05-05 02:00:00+02:00,0.345,0.085009518,0.0,0.0,0.345,0.438279424,0.298149324,0.25649999999999995,0.0
2025-05-05 03:00:00+02:00,1.15,0.288944975,0.0,0.0,1.15,0.44415046499999994,0.30402036499999996,0.24,0.0
2025-05-05 04:00:00+02:00,0.453,0.1118404452,0.0,0.0,0.453,0.43886506399999997,0.298734964,0.27475,0.0
2025-05-05 05:00:00+02:00,0.437,0.1120146368,0.0,0.0,0.437,0.450285044,0.310154944,0.45275,0.0
2025-05-05 06:00:00+02:00,0.349,0.1010033222,0.0,0.0,0.349,0.49031353799999994,0.35018343799999996,0.22050000000000003,0.0005
2025-05-05 07:00:00+02:00,0.661,0.1911465919,0.034,0.0098320486,0.627,0.49003535899999995,0.34990525899999997,0.14550000000000002,0.03925
2025-05-05 08:00:00+02:00,0.023,0.0061654582,0.775,0.207749135,-0.752,0.464486814,0.324356714,0.0225,0.3320000000000001
2025-05-05 09:00:00+02:00,0.015,0.0036839055,0.897,0.2202975489,-0.882,0.43729847699999996,0.297168377,0.007,0.9762500000000001
2025-05-05 10:00:00+02:00,0.008,0.0018602056,1.695,0.3941310615,-1.687,0.421486197,0.28135609699999997,0.00625,1.4132500000000001
2025-05-05 11:00:00+02:00,0.021,0.0044698731,2.288,0.4870033168,-2.267,0.397679931,0.25754983099999995,0.001,2.398
2025-05-05 12:00:00+02:00,0.005,0.000767987,3.211,0.4932012514,-3.206,0.32598295399999994,0.18585285399999998,0.00125,3.0835000000000004
2025-05-05 13:00:00+02:00,0.005,0.000726242,3.494,0.5074979096,-3.4890000000000003,0.31588066400000003,0.175750564,0.095,3.5997500000000002
2025-05-05 14:00:00+02:00,0.0,0.0,4.442,0.6451933928,-4.442,0.31588066400000003,0.175750564,0.001,3.509
2025-05-05 15:00:00+02:00,0.394,0.0574185656,2.802,0.4083421848,-2.408,0.316466304,0.176336204,0.00175,3.4317499999999996
2025-05-05 16:00:00+02:00,0.002,0.0002977568,3.611,0.5375999024,-3.6090000000000004,0.320272964,0.18014286399999999,0.00275,3.07425
2025-05-05 17:00:00+02:00,0.0,0.0,3.686,0.885767916,-3.686,0.43090036,0.29077026,0.0035,2.5020000000000002
2025-05-05 18:00:00+02:00,0.0,0.0,3.041,0.7674562577,-3.041,0.445497437,0.30536733699999996,0.01,1.79625
2025-05-05 19:00:00+02:00,0.04,0.011305756,1.77,0.500279703,-1.73,0.482129219,0.341999119,0.0335,0.7745
2025-05-05 20:00:00+02:00,0.266,0.0714657944,0.324,0.0870485616,-0.057999999999999996,0.465218864,0.325088764,0.13824999999999998,0.06275
2025-05-05 21:00:00+02:00,0.45,0.13124628,0.0,0.0,0.45,0.4930367639999999,0.352906664,0.20500000000000002,0.0
2025-05-05 22:00:00+02:00,0.233,0.0634821781,0.0,0.0,0.233,0.46980149700000007,0.32967139700000003,0.40274999999999994,0.0
2025-05-05 23:00:00+02:00,0.163,0.0417082281,0.0,0.0,0.163,0.44974332699999997,0.309613227,0.153,0.0
2025-05-06 00:00:00+02:00,0.601,0.148714445,0.0,0.0,0.601,0.43953855,0.29940845,0.15075000000000002,0.0
2025-05-06 01:00:00+02:00,1.247,0.3069796015,0.0,0.0,1.247,0.438001245,0.297871145,0.32075,0.0
2025-05-06 02:00:00+02:00,0.424,0.1067328416,0.0,0.0,0.424,0.44472146400000007,0.30459136400000003,0.425,0.0
2025-05-06 03:00:00+02:00,0.157,0.039304793,0.0,0.0,0.157,0.44305239,0.30292229,0.1575,0.0
2025-05-06 04:00:00+02:00,0.159,0.0392918097,0.0,0.0,0.159,0.43914324299999996,0.299013143,0.4575,0.0
2025-05-06 05:00:00+02:00,0.153,0.039562281,0.0,0.0,0.153,0.45300827,0.31287817,0.29575,0.0
2025-05-06 06:00:00+02:00,0.069,0.0193897176,0.015,0.004215156,0.054000000000000006,0.48015268399999994,0.34002258399999996,0.22625,0.001
2025-05-06 07:00:00+02:00,0.015,0.004490673,0.118,0.0353266276,-0.103,0.502377722,0.362247622,0.12350000000000001,0.0565
2025-05-06 08:00:00+02:00,0.037,0.0102429283,0.504,0.1395252936,-0.467,0.47510153899999996,0.33497143900000004,0.02375,0.44799999999999995
2025-05-06 09:00:00+02:00,0.009,0.0023308956,1.409,0.3649146556,-1.4000000000000001,0.45350606399999993,0.313375964,0.006,1.11225
2025-05-06 10:00:00+02:00,0.006,0.0013651704,1.39,0.316264476,-1.384,0.415439464,0.275309364,0.0025,1.59075
2025-05-06 11:00:00+02:00,0.11,0.023182027,1.323,0.2788165611,-1.2129999999999999,0.39513239699999997,0.255002297,0.00075,2.76
2025-05-06 12:00:00+02:00,0.011,0.0021213478,2.632,0.5075806736,-2.621,0.37347835799999995,0.23334825799999998,0.00025,3.54675
2025-05-06 13:00:00+02:00,0.008,0.001492656,1.682,0.313830924,-1.674,0.36589432,0.22576422,0.8192499999999999,3.7399999999999998
2025-05-06 14:00:00+02:00,0.001,0.0001945801,2.565,0.4990979565,-2.564,0.375572021,0.235441921,0.1665,3.7902500000000003
2025-05-06 15:00:00+02:00,0.001,0.0002157188,2.468,0.5323939984,-2.467,0.4011498479999999,0.261019748,0.001,3.3347499999999997
2025-05-06 16:00:00+02:00,0.004,0.0008995624,1.014,0.2280390684,-1.01,0.41224772600000004,0.272117626,0.00125,3.3695
2025-05-06 17:00:00+02:00,0.152,0.0368980304,0.108,0.0262170216,0.044,0.433857842,0.293727742,0.0145,2.50025
2025-05-06 18:00:00+02:00,0.359,0.0935589182,0.041,0.0106850018,0.318,0.45546795799999995,0.31533785799999997,0.10575,1.4177499999999998
2025-05-06 19:00:00+02:00,0.787,0.2338679893,0.002,0.0005943278,0.785,0.499698419,0.35956831899999997,0.123,0.5984999999999999
2025-05-06 20:00:00+02:00,1.366,0.4788831278,0.0,0.0,1.366,0.5643237929999999,0.424193693,0.12475,0.07825
2025-05-06 21:00:00+02:00,0.903,0.2864220282,0.0,0.0,0.903,0.523929274,0.383799174,0.34099999999999997,0.0
2025-05-06 22:00:00+02:00,0.272,0.0805817408,0.0,0.0,0.272,0.4986003439999999,0.35847024399999994,0.275,0.0
2025-05-06 23:00:00+02:00,0.323,0.0875771864,0.0,0.0,0.323,0.46820562800000004,0.328075528,0.18824999999999997,0.0
2025-05-07 00:00:00+02:00,0.162,0.0412112448,0.0,0.0,0.162,0.447942484,0.307812384,0.1755,0.0
2025-05-07 01:00:00+02:00,0.156,0.0386353968,0.0,0.0,0.156,0.439802088,0.299671988,0.159,0.0
2025-05-07 02:00:00+02:00,0.17,0.041925774,0.0,0.0,0.17,0.438542962,0.298412862,0.16575,0.0
2025-05-07 03:00:00+02:00,0.171,0.0429069267,0.0,0.0,0.171,0.443740517,0.303610417,0.17075,0.0
2025-05-07 04:00:00+02:00,0.168,0.0445813368,0.0,0.0,0.168,0.46122187099999995,0.321091771,0.41374999999999995,0.0
2025-05-07 05:00:00+02:00,0.176,0.0499476384,0.0,0.0,0.176,0.4835201139999999,0.34339001399999997,0.16625,0.0
2025-05-07 06:00:00+02:00,0.154,0.0483664104,0.0,0.0,0.154,0.520151896,0.38002179599999997,0.22299999999999998,0.00575
2025-05-07 07:00:00+02:00,0.009,0.0028966311,0.194,0.0624384926,-0.185,0.5295660590000001,0.389435959,0.10899999999999999,0.056749999999999995
2025-05-07 08:00:00+02:00,0.011,0.003356782,0.33,0.10070346,-0.319,0.50937612,0.36924601999999995,0.08275,0.3305
2025-05-07 09:00:00+02:00,0.01,0.00264869,0.561,0.148591509,-0.551,0.46062158999999997,0.32049149,0.01325,0.6712499999999999
2025-05-07 10:00:00+02:00,0.006,0.001456719,0.911,0.2211785015,-0.905,0.433901765,0.29377166499999996,0.006,0.9944999999999999
2025-05-07 11:00:00+02:00,0.0,0.0,2.749,0.626673036,-2.749,0.41596654,0.27583644,0.05925,1.5465
2025-05-07 12:00:00+02:00,0.002,0.0004337608,3.147,0.6825226188,-3.145,0.40255538399999996,0.262425284,0.02425,1.9315
2025-05-07 13:00:00+02:00,0.0,0.0,4.4,0.94990808,-4.4,0.401354822,0.261224722,0.406,1.9989999999999999
2025-05-07 14:00:00+02:00,0.0,0.0,4.64,1.021483936,-4.64,0.40650845399999996,0.266378354,0.00575,2.05825
2025-05-07 15:00:00+02:00,0.0,0.0,3.689,0.8431017672,-3.689,0.41666930799999996,0.276539208,0.00375,2.11675
2025-05-07 16:00:00+02:00,0.0,0.0,3.578,0.8442291,-3.578,0.42562959999999994,0.28549949999999996,0.0045000000000000005,1.9420000000000002
2025-05-07 17:00:00+02:00,0.011,0.0027517094,2.696,0.6744189584,-2.685,0.442818134,0.30268803400000005,0.00525,1.60475
2025-05-07 18:00:00+02:00,0.022,0.0059085752,0.617,0.1657086772,-0.595,0.465101736,0.324971636,0.034,1.1087500000000001
2025-05-07 19:00:00+02:00,0.683,0.1996737523,0.039,0.0114015759,0.644,0.49387130099999993,0.353741201,2.733,0.39649999999999996
2025-05-07 20:00:00+02:00,0.223,0.0736743832,0.046,0.0151974064,0.177,0.539887964,0.399757864,0.62025,0.0925
2025-05-07 21:00:00+02:00,0.272,0.0819772096,0.0,0.0,0.272,0.5048081280000001,0.364678028,0.39375000000000004,0.0
2025-05-07 22:00:00+02:00,0.364,0.1002573572,0.0,0.0,0.364,0.47340318300000006,0.333273083,0.16824999999999998,0.0
2025-05-07 23:00:00+02:00,0.2,0.0520663,0.0,0.0,0.2,0.45513121500000003,0.315001115,0.16549999999999998,0.0
2025-05-08 00:00:00+02:00,0.153,0.0395493219,0.0,0.0,0.153,0.45290578299999995,0.312775683,0.839,0.0
2025-05-08 01:00:00+02:00,0.161,0.0408380203,0.0,0.0,0.161,0.447049383,0.306919283,0.1615,0.0
2025-05-08 02:00:00+02:00,0.169,0.0428283856,0.0,0.0,0.169,0.44677120400000003,0.306641104,0.17975000000000002,0.0
2025-05-08 03:00:00+02:00,0.159,0.0404711604,0.0,0.0,0.159,0.4481181759999999,0.30798807599999994,0.25025,0.0
2025-05-08 04:00:00+02:00,0.167,0.0440775291,0.0,0.0,0.167,0.459494233,0.319364133,0.46349999999999997,0.0
2025-05-08 05:00:00+02:00,0.168,0.0469393848,0.0,0.0,0.168,0.478205431,0.338075331,0.3285,0.0
2025-05-08 06:00:00+02:00,0.071,0.021142451,0.003,0.000893343,0.06799999999999999,0.50044511,0.36031501,0.37474999999999997,0.001
2025-05-08 07:00:00+02:00,0.039,0.0123151743,0.21,0.066312477,-0.17099999999999999,0.522216277,0.38208617699999997,0.24,0.0335
2025-05-08 08:00:00+02:00,0.012,0.0036362436,0.807,0.2445373821,-0.795,0.506784663,0.366654563,0.14500000000000002,0.2055
2025-05-08 09:00:00+02:00,0.012,0.0031701516,1.399,0.3695868407,-1.387,0.45978705299999995,0.319656953,0.037000000000000005,0.44500000000000006
2025-05-08 10:00:00+02:00,0.009,0.0022214511,1.386,0.3421034694,-1.377,0.43879185899999995,0.29866175899999997,0.00975,0.8315
2025-05-08 11:00:00+02:00,0.112,0.0250752656,1.499,0.3356055637,-1.387,0.411032523,0.270902423,0.1095,1.46375
2025-05-08 12:00:00+02:00,0.0,0.0,3.517,0.7493633213,-3.517,0.39794346899999994,0.257813369,0.11125,2.28675
2025-05-08 13:00:00+02:00,0.0,0.0,4.509,0.9386313156,-4.509,0.392013864,0.251883764,0.24875,1.7134999999999998
2025-05-08 14:00:00+02:00,0.0,0.0,3.86,0.831553624,-3.86,0.40079846399999997,0.260668364,0.97875,2.0555
2025-05-08 15:00:00+02:00,0.003,0.0006824763,4.172,0.9490970412,-4.169,0.415395541,0.275265441,0.9067500000000001,2.12125
2025-05-08 16:00:00+02:00,0.002,0.0004781678,2.674,0.6393103486,-2.672,0.429421619,0.289291519,0.0235,2.2224999999999997
2025-05-08 17:00:00+02:00,0.058,0.014267594,1.249,0.307245257,-1.191,0.43778163,0.29765153,0.007,1.75075
2025-05-08 18:00:00+02:00,0.228,0.060362544,0.44,0.11648912,-0.212,0.46047517999999993,0.32034507999999995,0.01025,1.15475
2025-05-08 19:00:00+02:00,0.047,0.0141742788,0.608,0.1833608832,-0.5609999999999999,0.505042384,0.36491228400000003,0.054,0.56475
2025-05-08 20:00:00+02:00,0.07,0.026064731,0.057,0.0212241381,0.013000000000000005,0.5906775929999999,0.45054749299999997,0.39925000000000005,0.01225
2025-05-08 21:00:00+02:00,0.325,0.1061421075,0.0,0.0,0.325,0.535305331,0.395175231,0.2465,0.0
2025-05-08 22:00:00+02:00,0.435,0.122513226,0.0,0.0,0.435,0.48091401599999994,0.34078391599999996,0.3265,0.0
2025-05-08 23:00:00+02:00,0.289,0.0784809267,0.0,0.0,0.289,0.4687180629999999,0.328587963,0.268,0.0
2025-05-09 00:00:00+02:00,0.208,0.0568016592,0.0,0.0,0.208,0.470562829,0.33043272900000004,0.24625000000000002,0.0
2025-05-09 01:00:00+02:00,0.163,0.0419942116,0.0,0.0,0.163,0.45186627199999996,0.311736172,0.2545,0.0
2025-05-09 02:00:00+02:00,0.155,0.0394548935,0.0,0.0,0.155,0.448132817,0.308002717,0.332,0.0
2025-05-09 03:00:00+02:00,0.167,0.042778219,0.0,0.0,0.167,0.45008007000000005,0.30994997,0.40549999999999997,0.0
2025-05-09 04:00:00+02:00,0.162,0.0433282608,0.0,0.0,0.162,0.46375476399999993,0.32362466399999995,0.39375,0.0
2025-05-09 05:00:00+02:00,0.165,0.0461411115,0.0,0.0,0.165,0.478498251,0.33836815099999995,0.6315,0.0
2025-05-09 06:00:00+02:00,0.148,0.0471052032,0.005,0.001591392,0.143,0.525246964,0.385116864,0.35350000000000004,0.00425
2025-05-09 07:00:00+02:00,0.944,0.2968910208,0.0,0.0,0.944,0.5206789719999999,0.380548872,0.7967500000000001,0.061
2025-05-09 08:00:00+02:00,0.211,0.0585323706,0.646,0.1792033716,-0.43500000000000005,0.47578966599999994,0.33565956599999996,0.26925,0.16225
2025-05-09 09:00:00+02:00,0.01,0.002414797,1.424,0.3438670928,-1.414,0.43232053699999995,0.29219043699999997,0.35200000000000004,0.44225000000000003
2025-05-09 10:00:00+02:00,0.004,0.0008141848,1.889,0.3844987718,-1.885,0.38642100199999996,0.246290902,1.13025,0.7052499999999999
2025-05-09 11:00:00+02:00,0.017,0.0025124198,2.393,0.3536600342,-2.376,0.31895527399999996,0.17882517399999998,0.7054999999999999,1.69725
2025-05-09 12:00:00+02:00,7.622,1.12054833,0.031,0.004557465,7.591,0.31801824999999995,0.17788815,0.0022500000000000003,2.5292499999999998
2025-05-09 13:00:00+02:00,3.326,0.4910243646,2.346,0.3463449066,0.98,0.318764941,0.178634841,0.00075,3.9364999999999997
2025-05-09 14:00:00+02:00,4.969,0.7337041547,1.752,0.2586938376,3.2170000000000005,0.318794223,0.17866412299999998,0.0,4.79175
2025-05-09 15:00:00+02:00,1.302,0.1919491728,3.015,0.444490596,-1.713,0.31851604400000005,0.17838594400000002,0.0,4.5405
2025-05-09 16:00:00+02:00,0.001,0.0002033405,3.788,0.770253814,-3.787,0.386172105,0.246042005,0.0,4.098
2025-05-09 17:00:00+02:00,0.01,0.002324168,3.106,0.7218865808,-3.096,0.421354428,0.281224328,0.04225,3.16775
2025-05-09 18:00:00+02:00,0.02,0.005210018,2.331,0.6072275979,-2.311,0.455336189,0.31520608899999997,0.00075,2.3762499999999998
2025-05-09 19:00:00+02:00,0.018,0.0052648794,1.257,0.3676640781,-1.2389999999999999,0.49404699300000005,0.353916893,0.006,1.3395
2025-05-09 20:00:00+02:00,0.747,0.248202702,0.01,0.00332266,0.737,0.54217196,0.40204186,0.155,0.10450000000000001
2025-05-09 21:00:00+02:00,0.389,0.1227889003,0.0,0.0,0.389,0.5220698669999999,0.381939767,0.21225,0.0
2025-05-09 22:00:00+02:00,0.549,0.1561280787,0.0,0.0,0.549,0.48423752299999995,0.34410742299999997,0.2015,0.0
2025-05-09 23:00:00+02:00,0.271,0.072172991,0.0,0.0,0.271,0.46237850999999996,0.32224841,0.20025,0.0
2025-05-10 00:00:00+02:00,0.262,0.0754634408,0.0,0.0,0.262,0.48864446400000006,0.348514364,0.20825000000000002,0.0
2025-05-10 01:00:00+02:00,0.152,0.0402711232,0.0,0.0,0.152,0.46070943599999997,0.320579336,0.20850000000000002,0.0
2025-05-10 02:00:00+02:00,0.154,0.0400463294,0.0,0.0,0.154,0.45477983099999997,0.31464973100000004,0.21575000000000003,0.0
2025-05-10 03:00:00+02:00,0.153,0.0403102062,0.0,0.0,0.153,0.458923234,0.31879313400000003,0.28425,0.0
2025-05-10 04:00:00+02:00,0.141,0.0381347472,0.0,0.0,0.141,0.46738573199999994,0.327255632,0.38775,0.0
2025-05-10 05:00:00+02:00,0.158,0.0425394618,0.0,0.0,0.158,0.46590699099999994,0.325776891,0.66025,0.0
2025-05-10 06:00:00+02:00,0.076,0.0202183256,0.009,0.0023942754,0.067,0.46202712599999995,0.321897026,0.64025,0.0
2025-05-10 07:00:00+02:00,0.007,0.0018508644,0.14,0.037017288,-0.133,0.46006523199999994,0.319935132,0.36024999999999996,0.0025
2025-05-10 08:00:00+02:00,0.008,0.0019072504,0.827,0.1971620101,-0.819,0.428601723,0.28847162299999995,0.07275000000000001,0.48975
2025-05-10 09:00:00+02:00,0.215,0.0339053495,1.032,0.1627456776,-0.8170000000000001,0.3309462529999999,0.190816153,0.0032500000000000003,1.4275
2025-05-10 10:00:00+02:00,0.027,0.0039847599,1.669,0.2463171953,-1.6420000000000001,0.318706377,0.178576277,0.0025,1.8535
2025-05-10 11:00:00+02:00,0.0,0.0,2.923,0.3506059579,-2.923,0.285266333,0.145136233,0.00025,2.7735
2025-05-10 12:00:00+02:00,0.0,0.0,3.934,0.2477176856,-3.934,0.216321864,0.076191764,0.8145,3.5734999999999997
2025-05-10 13:00:00+02:00,0.0,0.0,4.541,-0.0278027266,-4.541,0.132721754,-0.007408346,0.8055,3.7612499999999995
2025-05-10 14:00:00+02:00,0.0,0.0,4.747,0.0656524341,-4.747,0.156864763,0.016734663,0.8385,3.9395
2025-05-10 15:00:00+02:00,0.0,0.0,3.698,0.3245860332,-3.698,0.246335914,0.106205814,1.8562500000000002,2.9915000000000003
2025-05-10 16:00:00+02:00,0.0,0.0,3.515,0.4939183095,-3.515,0.31015603300000005,0.17002593300000002,0.02875,3.9617500000000003
2025-05-10 17:00:00+02:00,0.0,0.0,3.392,0.5836753472,-3.392,0.34833976099999997,0.208209661,0.00075,2.9602500000000003
2025-05-10 18:00:00+02:00,0.099,0.0246815316,1.912,0.4766776608,-1.813,0.441793264,0.301663164,0.008,2.291
2025-05-10 19:00:00+02:00,0.044,0.0125241776,1.462,0.4161442648,-1.418,0.48454498399999996,0.34441488400000003,0.04525,1.2805
2025-05-10 20:00:00+02:00,0.083,0.0268328874,0.259,0.0837315402,-0.176,0.531308338,0.391178238,0.2405,0.13025
2025-05-10 21:00:00+02:00,0.275,0.08427892,0.0,0.0,0.275,0.5109573479999999,0.370827248,0.2245,0.0
2025-05-10 22:00:00+02:00,0.25,0.0678931,0.0,0.0,0.25,0.468732704,0.32860260399999996,0.348,0.0
2025-05-10 23:00:00+02:00,0.265,0.06784954,0.0,0.0,0.265,0.44993366,0.30980356,0.4025,0.0
2025-05-11 00:00:00+02:00,0.702,0.1867364928,0.0,0.0,0.702,0.46199784399999994,0.32186774399999996,0.44675,0.0
2025-05-11 01:00:00+02:00,1.237,0.3172553692,0.0,0.0,1.237,0.450460736,0.310330636,0.24175,0.0
2025-05-11 02:00:00+02:00,0.407,0.104452887,0.0,0.0,0.407,0.45066570999999994,0.31053561,0.15225,0.0
2025-05-11 03:00:00+02:00,0.149,0.0381782104,0.0,0.0,0.149,0.450167916,0.31003781599999997,0.22675,0.0
2025-05-11 04:00:00+02:00,0.153,0.0391605489,0.0,0.0,0.153,0.4498311729999999,0.309701073,0.22875,0.0
2025-05-11 05:00:00+02:00,0.147,0.037619505,0.0,0.0,0.147,0.44978724999999997,0.30965715,0.27625,0.0
2025-05-11 06:00:00+02:00,0.064,0.0158271872,0.012,0.0029675976,0.052000000000000005,0.43936285799999997,0.299232758,0.6855,0.00025
2025-05-11 07:00:00+02:00,0.012,0.0026754552,0.151,0.0336661446,-0.13899999999999998,0.40990516599999993,0.269775066,0.092,0.07250000000000001
2025-05-11 08:00:00+02:00,0.284,0.04364228,0.683,0.10495661,-0.3990000000000001,0.3260708,0.1859407,0.023,0.49775
2025-05-11 09:00:00+02:00,0.032,0.0047215168,1.401,0.2067139074,-1.369,0.31866245399999993,0.17853235399999998,0.00975,1.2175
2025-05-11 10:00:00+02:00,0.136,0.0181065368,1.419,0.1889204097,-1.283,0.301225023,0.161094923,0.0195,1.4617499999999999
2025-05-11 11:00:00+02:00,0.007,0.0004626314,2.823,0.1865726346,-2.816,0.220099242,0.079969142,0.06825,2.40925
2025-05-11 12:00:00+02:00,10.872,-2.5926110496,0.0,0.0,10.872,-0.148414728,-0.288544828,0.00125,3.2672499999999998
2025-05-11 13:00:00+02:00,11.377,-3.1381361132,0.0,0.0,11.377,-0.193626136,-0.333756236,0.14625,3.60825
2025-05-11 14:00:00+02:00,10.961,-2.3593212709,0.0,0.0,10.961,-0.12031864899999999,-0.260448749,1.36775,3.228
2025-05-11 15:00:00+02:00,0.095,0.001388596,4.406,0.0644016208,-4.311,0.157816428,0.017686327999999998,0.9545,2.85425
2025-05-11 16:00:00+02:00,0.0,0.0,3.757,0.4709170323,-3.757,0.291796219,0.15166611900000002,0.9554999999999999,2.58525
2025-05-11 17:00:00+02:00,0.0,0.0,3.478,0.5130856896,-3.478,0.31863317199999996,0.17850307199999998,0.043,2.0555
2025-05-11 18:00:00+02:00,0.0,0.0,2.781,0.6698052405,-2.781,0.431559205,0.29142910499999997,0.3095,1.16125
2025-05-11 19:00:00+02:00,0.008,0.0022650232,1.014,0.2870916906,-1.006,0.48271485899999994,0.34258475899999996,0.0285,0.9392499999999999
2025-05-11 20:00:00+02:00,0.836,0.249754164,0.016,0.004779984,0.82,0.50161639,0.36148629,0.09125,0.17675
2025-05-11 21:00:00+02:00,0.928,0.2665043392,0.0,0.0,0.928,0.487619594,0.34748949399999995,0.1995,0.0
2025-05-11 22:00:00+02:00,0.523,0.1395326867,0.0,0.0,0.523,0.4629495089999999,0.322819409,0.27425,0.0
2025-05-11 23:00:00+02:00,0.412,0.1030540544,0.0,0.0,0.412,0.44278885199999996,0.302658752,0.3705,0.0
2025-05-12 00:00:00+02:00,0.373,0.0919539742,0.0,0.0,0.373,0.43842583399999996,0.298295734,0.17750000000000002,0.0
2025-05-12 01:00:00+02:00,0.365,0.0880164285,0.0,0.0,0.365,0.43191058899999996,0.291780489,0.1545,0.0
2025-05-12 02:00:00+02:00,0.36,0.086710536,0.0,0.0,0.36,0.431573846,0.291443746,0.19775,0.0
2025-05-12 03:00:00+02:00,0.372,0.0897899376,0.0,0.0,0.372,0.43218876799999995,0.29205866799999997,0.39974999999999994,0.0
2025-05-12 04:00:00+02:00,0.361,0.0883972397,0.0,0.0,0.361,0.436420017,0.29628991699999996,0.2695,0.0
2025-05-12 05:00:00+02:00,0.363,0.0936394437,0.0,0.0,0.363,0.45226157899999997,0.312131479,0.4435,0.0
2025-05-12 06:00:00+02:00,0.251,0.0744666549,0.0,0.0,0.251,0.49911277899999995,0.35898267899999997,0.19675,0.0005
2025-05-12 07:00:00+02:00,0.118,0.035659305,0.038,0.011483505,0.07999999999999999,0.5057890749999999,0.365658975,0.2285,0.04775
2025-05-12 08:00:00+02:00,0.028,0.00773311,0.687,0.1897373775,-0.659,0.47431092499999994,0.334180825,0.02025,0.4555
2025-05-12 09:00:00+02:00,0.008,0.001784024,1.492,0.332720476,-1.484,0.40996373,0.26983363,0.00875,0.91075
2025-05-12 10:00:00+02:00,0.009,0.0013072356,1.753,0.2546204452,-1.744,0.31588066400000003,0.175750564,0.00625,1.44325
2025-05-12 11:00:00+02:00,0.0,0.0,2.877,0.4038853434,-2.877,0.309994982,0.16986488199999997,0.00625,2.2515
2025-05-12 12:00:00+02:00,0.0,0.0,3.751,0.3533839606,-3.751,0.254124926,0.11399482600000001,0.0025,3.1235
2025-05-12 13:00:00+02:00,0.0,0.0,4.482,0.3529431576,-4.482,0.235413728,0.09528362800000001,0.09625,3.3555
2025-05-12 14:00:00+02:00,0.0,0.0,4.233,0.3780496533,-4.233,0.248195321,0.108065221,0.001,3.5039999999999996
2025-05-12 15:00:00+02:00,0.0,0.0,4.172,0.561098538,-4.172,0.302864815,0.162734715,0.10025,3.03525
2025-05-12 16:00:00+02:00,0.0,0.0,3.748,0.5365906656,-3.748,0.31336241200000003,0.173232312,0.00325,2.9715
2025-05-12 17:00:00+02:00,0.017,0.0038365107,2.45,0.552908895,-2.4330000000000003,0.41319939099999997,0.273069291,0.003,2.6215
2025-05-12 18:00:00+02:00,0.01,0.002633081,2.115,0.5568966315,-2.1050000000000004,0.458732901,0.318602801,0.01,1.901
2025-05-12 19:00:00+02:00,0.201,0.0613010805,1.084,0.330598862,-0.883,0.509156505,0.369026405,0.025249999999999998,0.9477500000000001
2025-05-12 20:00:00+02:00,0.579,0.2041939614,0.135,0.047609991,0.44399999999999995,0.566856686,0.42672658599999996,0.132,0.14225000000000002
2025-05-12 21:00:00+02:00,0.521,0.1510588442,0.0,0.0,0.521,0.4909577419999999,0.35082764199999994,0.23299999999999998,0.0
2025-05-12 22:00:00+02:00,0.479,0.1293528962,0.0,0.0,0.479,0.466887938,0.326757838,0.419,0.0
2025-05-12 23:00:00+02:00,0.385,0.098983808,0.0,0.0,0.385,0.451222068,0.311091968,0.1525,0.0
2025-05-13 00:00:00+02:00,0.369,0.0934146378,0.0,0.0,0.369,0.446449102,0.306319002,0.263,0.0
2025-05-13 01:00:00+02:00,0.368,0.0921907712,0.0,0.0,0.368,0.443257364,0.30312726399999995,0.4295,0.0
2025-05-13 02:00:00+02:00,0.367,0.0919535749,0.0,0.0,0.367,0.443301287,0.303171187,0.221,0.0
2025-05-13 03:00:00+02:00,0.364,0.0938841904,0.0,0.0,0.364,0.45221765599999997,0.312087556,0.15825,0.0
2025-05-13 04:00:00+02:00,0.372,0.0970728792,0.0,0.0,0.372,0.45587790599999994,0.31574780599999996,0.36,0.0
2025-05-13 05:00:00+02:00,0.363,0.0966174231,0.0,0.0,0.363,0.462188177,0.322058077,0.20700000000000002,0.0
2025-05-13 06:00:00+02:00,0.242,0.073893127,0.0,0.0,0.242,0.5095957349999999,0.36946563499999996,0.12724999999999997,0.00475
2025-05-13 07:00:00+02:00,0.136,0.0408882232,0.037,0.0111240019,0.099,0.5039150269999999,0.363784927,0.042,0.08600000000000001
2025-05-13 08:00:00+02:00,0.019,0.0051483806,0.685,0.185612669,-0.666,0.46800065400000007,0.32787055400000004,0.023749999999999997,0.51125
2025-05-13 09:00:00+02:00,0.004,0.000956142,1.53,0.365724315,-1.526,0.42936305500000005,0.289232955,0.00675,1.17725
2025-05-13 10:00:00+02:00,0.002,0.0003340568,1.914,0.3196923576,-1.912,0.34223446399999996,0.20210436399999998,0.0032500000000000003,1.49125
2025-05-13 11:00:00+02:00,0.0,0.0,2.907,0.4254731712,-2.907,0.317227636,0.177097536,0.02825,2.4749999999999996
2025-05-13 12:00:00+02:00,0.0,0.0,3.907,0.5301384858,-3.907,0.304314274,0.164184174,0.00275,3.4085
2025-05-13 13:00:00+02:00,0.0,0.0,4.684,0.5691444088,-4.684,0.287155022,0.147024922,0.8212499999999999,3.0555
2025-05-13 14:00:00+02:00,0.0,0.0,4.389,0.6091892499,-4.389,0.308077011,0.167946911,0.16675,3.2365
2025-05-13 15:00:00+02:00,0.0,0.0,4.374,0.6238846152,-4.374,0.31271820800000005,0.172588108,0.00125,2.83925
2025-05-13 16:00:00+02:00,0.0,0.0,3.813,0.5635209822,-3.813,0.31895527399999996,0.17882517399999998,0.0022500000000000003,2.6814999999999998
2025-05-13 17:00:00+02:00,0.002,0.0004629218,3.008,0.6962343872,-3.0060000000000002,0.420197789,0.280067689,0.05225,1.899
2025-05-13 18:00:00+02:00,0.094,0.0249136096,2.303,0.6103834352,-2.209,0.46082656399999994,0.320696464,0.1035,1.38175
2025-05-13 19:00:00+02:00,0.389,0.1160768609,0.33,0.098471373,0.059,0.5011918009999999,0.361061701,0.20800000000000002,0.5865
2025-05-13 20:00:00+02:00,0.072,0.0291817152,0.24,0.097272384,-0.16799999999999998,0.630545036,0.49041493599999997,0.40700000000000003,0.07475
2025-05-13 21:00:00+02:00,0.471,0.1541093631,0.0,0.0,0.471,0.536037381,0.395907281,0.49750000000000005,0.0
2025-05-13 22:00:00+02:00,0.481,0.1363474827,0.0,0.0,0.481,0.48312480700000004,0.342994707,0.27375000000000005,0.0
2025-05-13 23:00:00+02:00,0.374,0.100124475,0.0,0.0,0.374,0.464062225,0.323932125,0.19275,0.0
2025-05-14 00:00:00+02:00,0.362,0.0961541504,0.0,0.0,0.362,0.461529332,0.321399232,0.15475,0.0
2025-05-14 01:00:00+02:00,0.353,0.090508847,0.0,0.0,0.353,0.45037289,0.31024279,0.156,0.0
2025-05-14 02:00:00+02:00,0.354,0.0898742988,0.0,0.0,0.354,0.447327562,0.307197462,0.161,0.0
2025-05-14 03:00:00+02:00,0.355,0.090437457,0.0,0.0,0.355,0.448381714,0.308251614,0.16599999999999998,0.0
2025-05-14 04:00:00+02:00,0.366,0.0959057616,0.0,0.0,0.366,0.4571955959999999,0.31706549599999995,0.41324999999999995,0.0
2025-05-14 05:00:00+02:00,0.348,0.0944314008,0.0,0.0,0.348,0.46846916599999994,0.328339066,0.16425,0.0
2025-05-14 06:00:00+02:00,0.274,0.0830905548,0.0,0.0,0.274,0.507062842,0.36693274200000003,0.21549999999999997,0.00575
2025-05-14 07:00:00+02:00,0.168,0.0496958616,0.044,0.0130155828,0.12400000000000001,0.498058627,0.35792852699999994,0.07225,0.10525000000000001
2025-05-14 08:00:00+02:00,0.03,0.008118858,0.517,0.1399149862,-0.487,0.46759070599999997,0.327460606,0.01575,0.40850000000000003
2025-05-14 09:00:00+02:00,0.007,0.0016110787,1.397,0.3215252777,-1.3900000000000001,0.418616561,0.278486461,0.0065,0.791
2025-05-14 10:00:00+02:00,0.002,0.0002955788,1.802,0.2663164988,-1.8,0.31895527399999996,0.17882517399999998,0.006,1.1187500000000001
2025-05-14 11:00:00+02:00,0.0,0.0,2.85,0.411785385,-2.85,0.314958281,0.174828181,0.00475,1.9672500000000002
2025-05-14 12:00:00+02:00,0.0,0.0,3.917,0.4467992639,-3.917,0.278150807,0.138020707,0.0245,2.28475
2025-05-14 13:00:00+02:00,0.0,0.0,4.212,0.4034914884,-4.212,0.256042897,0.115912797,0.11275,2.62575
2025-05-14 14:00:00+02:00,0.0,0.0,4.6,0.42323864,-4.6,0.251460264,0.111330164,0.00475,2.7835
2025-05-14 15:00:00+02:00,0.0,0.0,4.476,0.5648304684,-4.476,0.292821089,0.152690989,0.0025,2.5625000000000004
2025-05-14 16:00:00+02:00,0.0,0.0,3.808,0.5531059072,-3.808,0.31588066400000003,0.175750564,0.0045000000000000005,2.2199999999999998
2025-05-14 17:00:00+02:00,0.003,0.0005475129,3.185,0.5812761955,-3.182,0.36096030300000004,0.220830203,0.006999999999999999,1.699
2025-05-14 18:00:00+02:00,0.041,0.010249426,1.642,0.410477012,-1.601,0.44261316,0.30248306,0.01275,0.9182500000000001
2025-05-14 19:00:00+02:00,0.031,0.0085804125,0.883,0.2444033625,-0.852,0.47504297500000003,0.334912875,0.21375,0.40474999999999994
2025-05-14 20:00:00+02:00,0.031,0.0106809725,0.357,0.1230034575,-0.32599999999999996,0.5570325749999999,0.416902475,0.17975000000000002,0.104
2025-05-14 21:00:00+02:00,0.247,0.0762566805,0.0,0.0,0.247,0.513695215,0.373565115,0.38525,0.0
2025-05-14 22:00:00+02:00,0.269,0.075057994,0.0,0.0,0.269,0.47775155999999996,0.33762146,0.20625000000000002,0.0
2025-05-14 23:00:00+02:00,0.159,0.0418140426,0.0,0.0,0.159,0.45833759399999996,0.318207494,0.16825,0.0
2025-05-15 00:00:00+02:00,0.15,0.03975939,0.0,0.0,0.15,0.460855846,0.320725746,0.15275,0.0
2025-05-15 01:00:00+02:00,0.151,0.0383764084,0.0,0.0,0.151,0.447649664,0.30751956399999997,0.15999999999999998,0.0
2025-05-15 02:00:00+02:00,0.151,0.0373239988,0.0,0.0,0.151,0.439216448,0.299086348,0.17875,0.0
2025-05-15 03:00:00+02:00,0.16,0.039438256,0.0,0.0,0.16,0.43838191099999996,0.298251811,0.247,0.0
2025-05-15 04:00:00+02:00,0.146,0.036577453,0.0,0.0,0.146,0.4432720049999999,0.303141905,0.46425,0.0
2025-05-15 05:00:00+02:00,0.173,0.0453973971,0.0,0.0,0.173,0.45764946700000003,0.317519367,0.24225000000000002,0.0
2025-05-15 06:00:00+02:00,0.106,0.0310312244,0.0,0.0,0.106,0.49435445399999994,0.35422435399999996,0.2725,0.00175
2025-05-15 07:00:00+02:00,0.074,0.0223751506,0.113,0.0341674597,-0.03900000000000001,0.5059940489999999,0.36586394899999997,0.14775,0.086
2025-05-15 08:00:00+02:00,0.052,0.0147723576,0.472,0.1340875536,-0.42,0.48387149799999996,0.343741398,0.078,0.40725
2025-05-15 09:00:00+02:00,0.016,0.0041844704,1.391,0.3637873954,-1.375,0.45658067399999996,0.31645057400000004,0.02425,0.77275
2025-05-15 10:00:00+02:00,0.066,0.010453674,1.625,0.257382125,-1.559,0.33178078999999994,0.19165068999999998,0.0055,1.00975
2025-05-15 11:00:00+02:00,0.0,0.0,2.952,0.4356313632,-2.952,0.318691736,0.178561636,0.1375,1.30825
2025-05-15 12:00:00+02:00,0.0,0.0,3.928,0.536837796,-3.928,0.305500195,0.165370095,0.111,2.2365
2025-05-15 13:00:00+02:00,0.0,0.0,4.288,0.4769250816,-4.288,0.274710172,0.134580072,0.24875,1.63425
2025-05-15 14:00:00+02:00,0.001,0.0001113684,4.003,0.4458077052,-4.002,0.274885864,0.134755764,0.00425,2.5835
2025-05-15 15:00:00+02:00,0.011,0.0013767864,1.938,0.2425647312,-1.927,0.291576604,0.151446504,0.0035000000000000005,2.64825
2025-05-15 16:00:00+02:00,0.0,0.0,4.038,0.5865130392,-4.038,0.31588066400000003,0.175750564,0.00475,1.9239999999999997
2025-05-15 17:00:00+02:00,1.2,0.17720208,3.071,0.4534896564,-1.8710000000000002,0.31880886399999997,0.178678764,0.0215,1.2475
2025-05-15 18:00:00+02:00,0.406,0.093806097,1.902,0.439456149,-1.496,0.419699995,0.27956989499999996,0.0635,0.746
2025-05-15 19:00:00+02:00,0.146,0.0390966246,1.43,0.382932693,-1.284,0.46415007099999994,0.32401997099999996,0.051750000000000004,0.4625
2025-05-15 20:00:00+02:00,0.225,0.068819355,0.368,0.1125578784,-0.143,0.5102252979999999,0.370095198,0.34575,0.0235
2025-05-15 21:00:00+02:00,0.447,0.1336868379,0.0,0.0,0.447,0.502011697,0.361881597,0.25875,0.0
2025-05-15 22:00:00+02:00,0.568,0.1624661192,0.0,0.0,0.568,0.48622869899999993,0.346098599,0.32875,0.0
2025-05-15 23:00:00+02:00,0.404,0.10864469,0.0,0.0,0.404,0.465526325,0.325396225,0.27375,0.0
2025-05-16 00:00:00+02:00,0.364,0.0953728776,0.0,0.0,0.364,0.457166314,0.317036214,0.2545,0.0
2025-05-16 01:00:00+02:00,0.353,0.0899151363,0.0,0.0,0.353,0.448337791,0.30820769099999995,0.229,0.0
2025-05-16 02:00:00+02:00,0.354,0.088644963,0.0,0.0,0.354,0.44312559500000004,0.302995495,0.232,0.0
2025-05-16 03:00:00+02:00,0.365,0.091439216,0.0,0.0,0.365,0.443257364,0.30312726399999995,0.321,0.0
2025-05-16 04:00:00+02:00,0.343,0.087488324,0.0,0.0,0.343,0.44876238,0.30863228000000004,0.30674999999999997,0.0
2025-05-16 05:00:00+02:00,0.422,0.1161354128,0.0,0.0,0.422,0.473125004,0.332994904,0.5405,0.0
2025-05-16 06:00:00+02:00,0.466,0.1355857756,0.0,0.0,0.466,0.49218758599999995,0.352057486,0.27375,0.0055000000000000005
2025-05-16 07:00:00+02:00,0.385,0.1132993785,0.0,0.0,0.385,0.496213861,0.356083761,0.387,0.061
2025-05-16 08:00:00+02:00,0.22,0.062109784,0.114,0.0321841608,0.106,0.481733912,0.34160381199999995,0.11925,0.32375
2025-05-16 09:00:00+02:00,0.011,0.0025573834,1.113,0.2587607022,-1.102,0.421442274,0.281312174,0.279,0.69925
2025-05-16 10:00:00+02:00,0.005,0.0007877705,1.945,0.3064427245,-1.9400000000000002,0.33077056099999996,0.190640461,0.1585,0.9867499999999999
2025-05-16 11:00:00+02:00,0.001,0.0001467246,2.948,0.4325441208,-2.947,0.317666866,0.177536766,0.051,1.9047500000000002
2025-05-16 12:00:00+02:00,0.002,0.0002868426,3.586,0.5143087818,-3.584,0.313669873,0.173539773,1.9065,1.8655
2025-05-16 13:00:00+02:00,0.0,0.0,4.331,0.5876707914,-4.331,0.304314274,0.164184174,0.83225,3.5404999999999998
2025-05-16 14:00:00+02:00,0.0,0.0,4.871,0.6014145764,-4.871,0.289526864,0.14939676400000002,1.24225,4.07025
2025-05-16 15:00:00+02:00,0.001,0.0001296273,3.691,0.4784543643,-3.69,0.296979133,0.156849033,0.3255,4.1665
2025-05-16 16:00:00+02:00,0.006,0.0008642304,2.066,0.2975833344,-2.06,0.31441656399999995,0.174286464,0.00025,4.03275
2025-05-16 17:00:00+02:00,2.366,0.5251630384,0.368,0.0816821632,1.9980000000000002,0.40870460399999997,0.268574504,0.044750000000000005,3.1254999999999997
2025-05-16 18:00:00+02:00,7.351,1.8727811905,0.096,0.024457488,7.255,0.4483963549999999,0.308266255,0.00575,2.358
2025-05-16 19:00:00+02:00,0.013,0.0035165988,0.191,0.0516669516,-0.178,0.46744429600000004,0.327314196,0.0095,1.3825
2025-05-16 20:00:00+02:00,0.032,0.0106669728,0.041,0.0136670589,-0.009000000000000001,0.5434750089999999,0.403344909,0.31475000000000003,0.10325000000000001
2025-05-16 21:00:00+02:00,0.14,0.045922646,0.0,0.0,0.14,0.537032969,0.396902869,0.26899999999999996,0.0
2025-05-16 22:00:00+02:00,0.192,0.0557428608,0.0,0.0,0.192,0.49142625399999995,0.351296154,0.3025,0.0
2025-05-16 23:00:00+02:00,0.191,0.0523672149,0.0,0.0,0.191,0.47188051900000005,0.331750419,0.22825,0.0
2025-05-17 00:00:00+02:00,0.436,0.1131827224,0.0,0.0,0.436,0.4542381139999999,0.31410801399999994,0.232,0.0
2025-05-17 01:00:00+02:00,1.217,0.3195182386,0.0,0.0,1.217,0.457810518,0.31768041799999996,0.21075,0.0
2025-05-17 02:00:00+02:00,0.234,0.0606514194,0.0,0.0,0.234,0.4537549609999999,0.313624861,0.21525000000000002,0.0
2025-05-17 03:00:00+02:00,0.164,0.0420772176,0.0,0.0,0.164,0.450577864,0.31044776399999996,0.2785,0.0
2025-05-17 04:00:00+02:00,0.166,0.0425702684,0.0,0.0,0.166,0.45043145399999995,0.310301354,0.379,0.0
2025-05-17 05:00:00+02:00,0.155,0.039768102,0.0,0.0,0.155,0.450577864,0.31044776399999996,0.43825000000000003,0.0
2025-05-17 06:00:00+02:00,0.057,0.014731992,0.016,0.004135296,0.041,0.45286185999999995,0.31273176,0.5455,0.00225
2025-05-17 07:00:00+02:00,0.012,0.0031030692,0.245,0.0633543295,-0.23299999999999998,0.453022911,0.312892811,0.2895,0.037500000000000006
2025-05-17 08:00:00+02:00,0.004,0.0008602132,0.735,0.1580641755,-0.731,0.40034459299999997,0.260214493,0.06925,0.60575
2025-05-17 09:00:00+02:00,0.033,0.0049022061,1.125,0.1671206625,-1.092,0.31987765700000004,0.179747557,0.05625,1.3692499999999999
2025-05-17 10:00:00+02:00,0.009,0.0013283622,1.528,0.2255263824,-1.5190000000000001,0.318721018,0.178590918,0.00825,1.81425
2025-05-17 11:00:00+02:00,0.0,0.0,2.859,0.4074469542,-2.859,0.31257179799999996,0.17244169799999998,0.00025,2.7705
2025-05-17 12:00:00+02:00,0.0,0.0,3.91,0.554201054,-3.91,0.31163477399999995,0.17150467399999997,0.0,4.053
2025-05-17 13:00:00+02:00,0.0,0.0,4.508,0.6110332536,-4.508,0.30413858199999994,0.164008482,0.0,4.32475
2025-05-17 14:00:00+02:00,0.0,0.0,4.62,0.619282356,-4.62,0.30232309799999996,0.16219299799999998,0.0,4.50975
2025-05-17 15:00:00+02:00,0.0,0.0,4.456,0.6267921,-4.456,0.310331725,0.170201625,0.00025,3.9160000000000004
2025-05-17 16:00:00+02:00,0.0,0.0,4.103,0.6004719985,-4.103,0.317212995,0.177082895,0.0,3.8569999999999998
2025-05-17 17:00:00+02:00,0.0,0.0,3.569,0.5464617246,-3.569,0.32539731400000005,0.185267214,0.0,3.0147500000000003
2025-05-17 18:00:00+02:00,0.0,0.0,2.876,0.6624451856,-2.876,0.418836176,0.27870607599999997,0.026750000000000003,2.251
2025-05-17 19:00:00+02:00,0.042,0.0111986952,0.809,0.2157082004,-0.767,0.46275917599999994,0.32262907599999996,0.017,1.353
2025-05-17 20:00:00+02:00,0.391,0.11165396,0.0,0.0,0.391,0.48565769999999997,0.3455276,0.19824999999999998,0.1935
2025-05-17 21:00:00+02:00,0.528,0.1658979696,0.0,0.0,0.528,0.520312947,0.380182847,0.201,0.0
2025-05-17 22:00:00+02:00,0.426,0.1309474584,0.0,0.0,0.426,0.512070064,0.371939964,0.1955,0.0
2025-05-17 23:00:00+02:00,0.48,0.129762336,0.0,0.0,0.48,0.4672393219999999,0.327109222,0.20875000000000002,0.0
2025-05-18 00:00:00+02:00,1.295,0.3584711515,0.0,0.0,1.295,0.47507225699999994,0.33494215699999996,0.28724999999999995,0.0
2025-05-18 01:00:00+02:00,8.94,2.418013422,0.0,0.0,8.94,0.46740037300000004,0.327270273,0.424,0.0
2025-05-18 02:00:00+02:00,0.51,0.136138431,0.0,0.0,0.51,0.46312520100000004,0.322995101,0.216,0.0
2025-05-18 03:00:00+02:00,0.345,0.091605228,0.0,0.0,0.345,0.461412204,0.32128210399999996,0.22475,0.0
2025-05-18 04:00:00+02:00,0.357,0.0952277865,0.0,0.0,0.357,0.462890945,0.32276084499999996,0.22925,0.0
2025-05-18 05:00:00+02:00,0.421,0.1119886944,0.0,0.0,0.421,0.46199784399999994,0.32186774399999996,0.27575,0.0
2025-05-18 06:00:00+02:00,0.383,0.0991693857,0.0,0.0,0.383,0.4534328589999999,0.313302759,0.66325,0.0032500000000000003
2025-05-18 07:00:00+02:00,0.233,0.0590699736,0.0,0.0,0.233,0.446888332,0.30675823199999996,0.05775,0.10999999999999999
2025-05-18 08:00:00+02:00,0.017,0.004270332,0.507,0.127356372,-0.49,0.4440772599999999,0.30394715999999994,0.082,0.60675
2025-05-18 09:00:00+02:00,0.007,0.0011693682,1.428,0.2385511128,-1.421,0.3422637459999999,0.202133646,0.016,1.3390000000000002
2025-05-18 10:00:00+02:00,0.046,0.0067938596,1.38,0.203815788,-1.3339999999999999,0.31883814600000004,0.178708046,0.0405,1.58925
2025-05-18 11:00:00+02:00,0.021,0.0030959544,2.82,0.415742448,-2.799,0.31851604400000005,0.17838594400000002,0.003,2.6835
2025-05-18 12:00:00+02:00,0.0,0.0,3.675,0.53378787,-3.675,0.31588066400000003,0.175750564,2.71875,2.327
2025-05-18 13:00:00+02:00,0.0,0.0,4.524,0.6277081668,-4.524,0.308018447,0.167888347,2.92675,2.6654999999999998
2025-05-18 14:00:00+02:00,6.541,0.8471798544,0.206,0.0266807904,6.335,0.296847364,0.156717264,2.74025,2.9565
2025-05-18 15:00:00+02:00,7.315,1.0007995305,0.0,0.0,7.315,0.30567588700000003,0.165545787,0.1225,3.3572499999999996
2025-05-18 16:00:00+02:00,0.672,0.0990705408,2.305,0.339817852,-1.633,0.31851604400000005,0.17838594400000002,0.04275,2.9585
2025-05-18 17:00:00+02:00,0.099,0.0157727493,1.812,0.2886891084,-1.713,0.332908147,0.192778047,0.0135,2.43675
2025-05-18 18:00:00+02:00,0.43,0.108061107,0.99,0.248791851,-0.56,0.44420902900000003,0.304078929,0.30675,1.744
2025-05-18 19:00:00+02:00,0.09,0.023910084,0.908,0.2412261808,-0.8180000000000001,0.46158789599999994,0.321457796,0.027500000000000004,1.082
2025-05-18 20:00:00+02:00,0.486,0.1410344298,0.268,0.0777720724,0.21799999999999997,0.491265203,0.351135103,0.27175,0.1795
2025-05-18 21:00:00+02:00,0.673,0.2036150732,0.0,0.0,0.673,0.506213664,0.366083564,0.39,0.0
2025-05-18 22:00:00+02:00,0.423,0.1215289152,0.0,0.0,0.423,0.48776600400000003,0.347635904,0.30324999999999996,0.0
2025-05-18 23:00:00+02:00,0.378,0.1015566552,0.0,0.0,0.378,0.465218864,0.325088764,0.2195,0.0
2025-05-19 00:00:00+02:00,0.363,0.1021297596,0.0,0.0,0.363,0.48056263200000005,0.340432532,0.231,0.0
2025-05-19 01:00:00+02:00,0.344,0.0920181768,0.0,0.0,0.344,0.46379868699999993,0.32366858699999995,0.20475000000000002,0.0
2025-05-19 02:00:00+02:00,0.359,0.0935719499,0.0,0.0,0.359,0.45551188099999995,0.31538178099999997,0.24925,0.0
2025-05-19 03:00:00+02:00,0.359,0.0921514946,0.0,0.0,0.359,0.45072427400000004,0.310594174,0.45424999999999993,0.0
2025-05-19 04:00:00+02:00,0.349,0.0898590891,0.0,0.0,0.349,0.4516759389999999,0.311545839,0.315,0.0
2025-05-19 05:00:00+02:00,0.345,0.093692478,0.0,0.0,0.345,0.468732704,0.32860260399999996,0.491,0.0
2025-05-19 06:00:00+02:00,0.401,0.1213219084,0.0,0.0,0.401,0.506213664,0.366083564,0.21725,0.0005
2025-05-19 07:00:00+02:00,0.11,0.034548767,0.033,0.0103646301,0.077,0.520166537,0.380036437,0.23725000000000002,0.04625
2025-05-19 08:00:00+02:00,0.019,0.0054665622,0.675,0.194206815,-0.656,0.48826379799999997,0.348133698,0.02425,0.57325
2025-05-19 09:00:00+02:00,0.011,0.0028274433,1.326,0.3408354378,-1.3150000000000002,0.45114886299999996,0.311018763,0.01,1.0090000000000001
2025-05-19 10:00:00+02:00,0.007,0.0015785539,1.742,0.3928344134,-1.735,0.412994417,0.272864317,0.007500000000000001,1.395
2025-05-19 11:00:00+02:00,0.0,0.0,2.541,0.4599924021,-2.541,0.35917410099999997,0.219044001,0.00625,2.2167499999999993
2025-05-19 12:00:00+02:00,0.0,0.0,2.781,0.4536369981,-2.781,0.3375054209999999,0.197375321,0.0025,3.1232499999999996
2025-05-19 13:00:00+02:00,0.0,0.0,4.259,0.6546866656,-4.259,0.326129364,0.185999264,0.09625,3.3857500000000003
2025-05-19 14:00:00+02:00,0.0,0.0,4.662,0.7335582408,-4.662,0.330521664,0.19039156399999999,0.001,3.586
2025-05-19 15:00:00+02:00,0.0,0.0,4.384,0.7849806272,-4.384,0.3567876179999999,0.21665751799999997,0.10025,3.0237499999999997
2025-05-19 16:00:00+02:00,0.0,0.0,4.019,0.9146311592,-4.019,0.41549802799999996,0.275367928,0.00325,2.95725
2025-05-19 17:00:00+02:00,0.049,0.0125119687,2.586,0.6603255318,-2.537,0.449099123,0.308969023,0.00725,2.4419999999999997
2025-05-19 18:00:00+02:00,0.011,0.003037342,2.431,0.671252582,-2.42,0.4742377199999999,0.33410761999999994,0.01225,1.9807500000000002
2025-05-19 19:00:00+02:00,0.005,0.001554366,1.611,0.5008167252,-1.606,0.516286672,0.376156572,0.07300000000000001,1.12825
2025-05-19 20:00:00+02:00,0.137,0.0522822003,0.409,0.1560833571,-0.27199999999999996,0.601892599,0.461762499,0.24875,0.17425000000000002
2025-05-19 21:00:00+02:00,0.478,0.1573424952,0.0,0.0,0.478,0.538423864,0.398293764,0.317,0.0
2025-05-19 22:00:00+02:00,0.549,0.1588516677,0.0,0.0,0.549,0.4902403329999999,0.35011023299999994,0.25075,0.0
2025-05-19 23:00:00+02:00,0.381,0.1037917914,0.0,0.0,0.381,0.4697575739999999,0.329627474,0.21000000000000002,0.0
2025-05-20 00:00:00+02:00,0.363,0.1014928761,0.0,0.0,0.363,0.4784396869999999,0.33830958699999997,0.315,0.0
2025-05-20 01:00:00+02:00,0.365,0.099000264,0.0,0.0,0.365,0.46832275600000006,0.328192656,0.48200000000000004,0.0
2025-05-20 02:00:00+02:00,0.359,0.0953268855,0.0,0.0,0.359,0.461426845,0.321296745,0.27325,0.0
2025-05-20 03:00:00+02:00,0.363,0.0962528622,0.0,0.0,0.363,0.460972974,0.320842874,0.20875000000000002,0.0
2025-05-20 04:00:00+02:00,0.36,0.095248296,0.0,0.0,0.36,0.46027020599999996,0.320140106,0.41425,0.0
2025-05-20 05:00:00+02:00,0.349,0.0971013626,0.0,0.0,0.349,0.476785254,0.336655154,0.25475000000000003,0.0
2025-05-20 06:00:00+02:00,0.188,0.0594427988,0.011,0.0034780361,0.177,0.5227140709999999,0.38258397099999997,0.1445,0.00475
2025-05-20 07:00:00+02:00,0.03,0.009003852,0.146,0.0438187464,-0.11599999999999999,0.5032854640000001,0.36315536400000004,0.0685,0.07925
2025-05-20 08:00:00+02:00,0.016,0.0044574464,0.545,0.151831768,-0.529,0.47722448399999995,0.337094384,0.025999999999999995,0.53325
2025-05-20 09:00:00+02:00,0.011,0.0028290405,0.411,0.1057032405,-0.39999999999999997,0.451324555,0.311194455,0.006749999999999999,1.2095
2025-05-20 10:00:00+02:00,0.003,0.0006501693,1.804,0.3909684724,-1.8010000000000002,0.40236505100000003,0.262234951,0.0035000000000000005,1.49975
2025-05-20 11:00:00+02:00,0.0,0.0,2.882,0.4812014878,-2.882,0.342161259,0.202031159,0.0275,2.43975
2025-05-20 12:00:00+02:00,0.001,0.0001476684,3.523,0.5202357732,-3.5220000000000002,0.31880886399999997,0.178678764,0.00275,3.3945000000000003
2025-05-20 13:00:00+02:00,0.0,0.0,4.43,0.652616525,-4.43,0.31838427499999994,0.178254175,0.0022500000000000003,3.6015
2025-05-20 14:00:00+02:00,0.0,0.0,4.681,0.6882904952,-4.681,0.318047532,0.17791743200000001,0.00025,3.86825
2025-05-20 15:00:00+02:00,0.0,0.0,4.324,0.6699104016,-4.324,0.327593464,0.187463364,0.00025,3.7715
2025-05-20 16:00:00+02:00,0.0,0.0,3.961,0.8605969636,-3.961,0.40302389599999994,0.262893796,0.001,3.2425
2025-05-20 17:00:00+02:00,0.223,0.056448436,1.771,0.448296772,-1.5479999999999998,0.44641981999999997,0.30628972000000004,0.0385,2.5815
2025-05-20 18:00:00+02:00,0.004,0.0010804332,2.467,0.6663571761,-2.463,0.466961143,0.32683104300000004,0.11349999999999999,1.9500000000000002
2025-05-20 19:00:00+02:00,0.132,0.0400130544,1.576,0.4777316192,-1.444,0.5069164319999999,0.366786332,0.29600000000000004,0.6652499999999999
2025-05-20 20:00:00+02:00,1.21,0.430255067,0.411,0.1461444897,0.7989999999999999,0.570385167,0.43025506699999994,0.39375000000000004,0.13475
2025-05-20 21:00:00+02:00,8.276,2.5945168964,0.0,0.0,8.276,0.519463769,0.37933366900000004,0.41700000000000004,0.0
2025-05-20 22:00:00+02:00,0.418,0.118251364,0.0,0.0,0.418,0.48243667999999995,0.34230657999999997,0.2595,0.0
2025-05-20 23:00:00+02:00,0.362,0.0967410972,0.0,0.0,0.362,0.46349122600000003,0.323361126,0.24750000000000003,0.0
2025-05-21 00:00:00+02:00,0.366,0.1018445142,0.0,0.0,0.366,0.47682917699999994,0.336699077,0.20650000000000002,0.0
2025-05-21 01:00:00+02:00,0.363,0.0985500351,0.0,0.0,0.363,0.46863021699999996,0.328500117,0.20400000000000001,0.0
2025-05-21 02:00:00+02:00,0.344,0.0915478256,0.0,0.0,0.344,0.462144254,0.322014154,0.20700000000000002,0.0
2025-05-21 03:00:00+02:00,0.362,0.0950240588,0.0,0.0,0.362,0.45775195399999996,0.317621854,0.21150000000000002,0.0
2025-05-21 04:00:00+02:00,0.362,0.0944984348,0.0,0.0,0.362,0.4559950339999999,0.315864934,0.46075,0.0
2025-05-21 05:00:00+02:00,3.803,0.9987377752,0.0,0.0,3.803,0.457898364,0.31776826399999997,0.20775000000000002,0.0
2025-05-21 06:00:00+02:00,2.854,0.7859111172,0.0,0.0,2.854,0.47332997800000004,0.333199878,0.241,0.00575
2025-05-21 07:00:00+02:00,6.098,1.7342614432,0.0,0.0,6.098,0.484252164,0.344122064,0.10450000000000001,0.11074999999999999
2025-05-21 08:00:00+02:00,6.24,1.735534944,0.239,0.0664732134,6.001,0.47666812599999997,0.336538026,0.016749999999999998,0.52625
2025-05-21 09:00:00+02:00,7.474,1.8707466844,0.327,0.0818482962,7.147,0.4429938259999999,0.30286372599999994,0.006500000000000001,1.09375
2025-05-21 10:00:00+02:00,9.583,1.9046653318,0.0,0.0,9.583,0.38062316599999996,0.240493066,0.004,1.442
2025-05-21 11:00:00+02:00,2.013,0.2976218487,1.572,0.2324200428,0.44099999999999984,0.319028479,0.178898379,0.0025,2.54225
2025-05-21 12:00:00+02:00,0.107,0.0155415788,3.555,0.516358062,-3.448,0.31588066400000003,0.175750564,0.02325,3.10375
2025-05-21 13:00:00+02:00,0.001,0.0001404084,3.558,0.4995730872,-3.557,0.31002426399999994,0.169894164,0.11125,3.33075
2025-05-21 14:00:00+02:00,0.0,0.0,2.935,0.4119566,-2.935,0.3099657,0.1698356,0.00325,3.7007499999999998
2025-05-21 15:00:00+02:00,0.501,0.0719207544,2.905,0.417025532,-2.404,0.313830924,0.173700824,0.00075,3.403
2025-05-21 16:00:00+02:00,6.034,0.8910311256,0.639,0.0943601076,5.395,0.31880886399999997,0.178678764,0.0025,2.9484999999999997
2025-05-21 17:00:00+02:00,1.718,0.3557208336,0.959,0.1985659368,0.759,0.39066689199999993,0.250536792,0.0062499999999999995,2.39075
2025-05-21 18:00:00+02:00,0.498,0.1255535688,0.174,0.0438681144,0.324,0.44518997599999993,0.305059876,0.019,1.309
2025-05-21 19:00:00+02:00,0.045,0.012095523,0.697,0.1873462118,-0.6519999999999999,0.46536527400000005,0.325235174,0.203,0.62525
2025-05-21 20:00:00+02:00,0.056,0.0160177864,0.455,0.1301445145,-0.399,0.48622869899999993,0.346098599,0.10300000000000001,0.19324999999999998
2025-05-21 21:00:00+02:00,0.254,0.0774619736,0.0,0.0,0.254,0.5091418639999999,0.36901176399999996,0.1985,0.0
2025-05-21 22:00:00+02:00,0.336,0.0993266736,0.0,0.0,0.336,0.497824371,0.357694271,0.233,0.0
2025-05-21 23:00:00+02:00,0.163,0.0467316762,0.0,0.0,0.163,0.48703395399999994,0.34690385399999996,0.16375,0.0
2025-05-22 00:00:00+02:00,0.159,0.0459311886,0.0,0.0,0.159,0.48966933399999996,0.349539234,0.14875,0.0
2025-05-22 01:00:00+02:00,0.154,0.0428936046,0.0,0.0,0.154,0.47715127899999993,0.337021179,0.1535,0.0
2025-05-22 02:00:00+02:00,0.165,0.047325036,0.0,0.0,0.165,0.487180364,0.34705026399999994,0.15975,0.0
2025-05-22 03:00:00+02:00,0.166,0.0444382664,0.0,0.0,0.166,0.464047584,0.323917484,0.16025,0.0
2025-05-22 04:00:00+02:00,0.162,0.0402585876,0.0,0.0,0.162,0.44082695799999994,0.300696858,0.39175,0.0
2025-05-22 05:00:00+02:00,0.166,0.0425903544,0.0,0.0,0.166,0.450577864,0.31044776399999996,0.18124999999999997,0.0
2025-05-22 06:00:00+02:00,0.068,0.0182694512,0.012,0.0032240208,0.05600000000000001,0.465218864,0.325088764,0.19175,0.00175
2025-05-22 07:00:00+02:00,0.024,0.006622572,0.224,0.061810672,-0.2,0.47401810499999997,0.333888005,0.066,0.11425
2025-05-22 08:00:00+02:00,0.015,0.00399663,0.917,0.244327314,-0.902,0.46252492,0.32239482,0.03475,0.5252499999999999
2025-05-22 09:00:00+02:00,0.004,0.0008546472,1.465,0.313014537,-1.461,0.39866087799999994,0.258530778,0.01175,1.0935
2025-05-22 10:00:00+02:00,0.006,0.0008714904,1.916,0.2782959344,-1.91,0.31588066400000003,0.175750564,0.02075,1.2817500000000002
2025-05-22 11:00:00+02:00,0.007,0.0010082688,2.472,0.3560629248,-2.465,0.31441656399999995,0.174286464,0.13525,1.87625
2025-05-22 12:00:00+02:00,0.004,0.0005567452,2.879,0.4007173577,-2.875,0.308545523,0.168415423,0.1105,2.835
2025-05-22 13:00:00+02:00,0.008,0.0010458272,2.597,0.3395016548,-2.589,0.29831146399999997,0.158181364,0.24725,2.4375000000000004
2025-05-22 14:00:00+02:00,0.008,0.0010119472,3.788,0.4791569992,-3.78,0.29318711399999997,0.153057014,0.0022500000000000003,3.3962499999999998
2025-05-22 15:00:00+02:00,0.0,0.0,3.646,0.4903118924,-3.646,0.30285017399999997,0.162720074,0.004999999999999999,2.9617500000000003
2025-05-22 16:00:00+02:00,0.004,0.000576202,2.493,0.3591178965,-2.489,0.314431205,0.17430110499999998,0.0025,2.75825
2025-05-22 17:00:00+02:00,0.059,0.0086588931,2.002,0.2938153218,-1.9429999999999998,0.317710789,0.17758068899999999,0.3195,1.8115
2025-05-22 18:00:00+02:00,0.003,0.000608751,1.679,0.340697643,-1.6760000000000002,0.38565966999999995,0.24552956999999997,0.1635,1.15475
2025-05-22 19:00:00+02:00,0.737,0.1956186672,0.421,0.1117441776,0.316,0.46129507599999997,0.321164976,0.0685,0.8109999999999999
2025-05-22 20:00:00+02:00,0.359,0.1032805664,0.198,0.0569625408,0.16099999999999998,0.48823451599999995,0.34810441599999997,0.1215,0.11549999999999999
2025-05-22 21:00:00+02:00,0.393,0.1185448737,0.0,0.0,0.393,0.505115589,0.364985489,0.334,0.0
2025-05-22 22:00:00+02:00,0.327,0.0974297808,0.0,0.0,0.327,0.500650084,0.360519984,0.43499999999999994,0.0
2025-05-22 23:00:00+02:00,0.164,0.0457523264,0.0,0.0,0.164,0.477692996,0.337562896,0.3335,0.0
2025-05-23 00:00:00+02:00,0.152,0.0390259848,0.0,0.0,0.152,0.45079747899999995,0.31066737899999997,0.3045,0.0
2025-05-23 01:00:00+02:00,0.162,0.042183504,0.0,0.0,0.162,0.45520442000000005,0.31507432,0.27675,0.0
2025-05-23 02:00:00+02:00,0.169,0.0427711284,0.0,0.0,0.169,0.44636125600000004,0.306231156,0.27775,0.0
2025-05-23 03:00:00+02:00,0.162,0.0408838914,0.0,0.0,0.162,0.445497437,0.30536733699999996,0.27975,0.0
2025-05-23 04:00:00+02:00,0.24,0.059543616,0.0,0.0,0.24,0.440329164,0.30019906399999996,0.27275,0.0
2025-05-23 05:00:00+02:00,0.504,0.1329024312,0.0,0.0,0.504,0.45920141300000006,0.319071313,0.5335,0.0
2025-05-23 06:00:00+02:00,0.257,0.0738647041,0.0,0.0,0.257,0.487897773,0.34776767299999994,0.27775,0.0055000000000000005
2025-05-23 07:00:00+02:00,0.163,0.0479170285,0.026,0.007643207,0.137,0.49583319499999995,0.35570309499999997,0.39774999999999994,0.061
2025-05-23 08:00:00+02:00,0.048,0.0130982016,0.441,0.1203397272,-0.393,0.47031393199999993,0.33018383199999995,0.12275,0.35224999999999995
2025-05-23 09:00:00+02:00,0.023,0.0055334389,1.293,0.3110754999,-1.27,0.431237103,0.291107003,0.00775,0.9755
2025-05-23 10:00:00+02:00,0.243,0.05410152,0.291,0.06478824,-0.04799999999999999,0.4095245,0.2693944,0.029,1.3707500000000001
2025-05-23 11:00:00+02:00,0.005,0.0010254145,2.186,0.4483112194,-2.181,0.38828040900000005,0.248150309,0.005750000000000001,2.3825
2025-05-23 12:00:00+02:00,0.0,0.0,2.918,0.4769024546,-2.918,0.337886087,0.19775598699999997,1.90675,2.15925
2025-05-23 13:00:00+02:00,0.097,0.0143226611,2.473,0.3651540299,-2.376,0.318794223,0.17866412299999998,0.83225,3.4327500000000004
2025-05-23 14:00:00+02:00,0.034,0.0049853452,2.061,0.3021998958,-2.027,0.31754973799999997,0.177419638,1.24225,4.0520000000000005
2025-05-23 15:00:00+02:00,0.063,0.0092230677,1.152,0.1686503808,-1.089,0.317271559,0.177141459,0.32575,3.933
2025-05-23 16:00:00+02:00,0.025,0.004322725,1.312,0.226856608,-1.2870000000000001,0.34934999,0.20921989,0.00175,3.5060000000000002
2025-05-23 17:00:00+02:00,0.238,0.053247502,1.312,0.293532448,-1.074,0.41084219000000005,0.27071209,0.63625,2.307
2025-05-23 18:00:00+02:00,0.383,0.0971998082,2.019,0.5123927226,-1.6360000000000001,0.447210434,0.307080334,1.843,1.90175
2025-05-23 19:00:00+02:00,0.384,0.1066999296,1.033,0.2870339252,-0.6489999999999999,0.476346024,0.336215924,0.011,1.123
2025-05-23 20:00:00+02:00,0.125,0.0365783,0.25,0.0731566,-0.125,0.494208044,0.354077944,0.30375,0.09175
2025-05-23 21:00:00+02:00,0.23,0.070560182,0.003,0.0009203502,0.227,0.511338014,0.37120791399999997,0.2665,0.0
2025-05-23 22:00:00+02:00,0.333,0.0989072271,0.0,0.0,0.333,0.49952272700000006,0.359392627,0.313,0.0
2025-05-23 23:00:00+02:00,0.261,0.0710288271,0.0,0.0,0.261,0.469420831,0.329290731,0.24150000000000002,0.0
2025-05-24 00:00:00+02:00,0.178,0.0473060632,0.0,0.0,0.178,0.46170502399999996,0.321574924,0.30324999999999996,0.0
2025-05-24 01:00:00+02:00,0.157,0.041185496,0.0,0.0,0.157,0.45754697999999994,0.31741688,0.47675,0.0
2025-05-24 02:00:00+02:00,0.17,0.043357446,0.0,0.0,0.17,0.448733098,0.30860299799999996,0.23175,0.0
2025-05-24 03:00:00+02:00,0.166,0.0411039904,0.0,0.0,0.166,0.43974352399999994,0.299613424,0.21625,0.0
2025-05-24 04:00:00+02:00,0.171,0.0410654277,0.0,0.0,0.171,0.43071002699999994,0.29057992699999996,0.3065,0.0
2025-05-24 05:00:00+02:00,0.149,0.0349456107,0.0,0.0,0.149,0.423916603,0.28378650299999997,0.35425,0.0
2025-05-24 06:00:00+02:00,0.827,0.1938698058,0.0,0.0,0.827,0.42378483399999994,0.283654734,0.42525,0.00625
2025-05-24 07:00:00+02:00,0.468,0.1082840616,0.166,0.0384084492,0.30200000000000005,0.420095302,0.279965202,0.22524999999999998,0.098
2025-05-24 08:00:00+02:00,0.463,0.0983147627,0.352,0.0747447008,0.11100000000000004,0.39706500899999997,0.256934909,0.06775,0.6705
2025-05-24 09:00:00+02:00,0.297,0.048263391,0.545,0.088564135,-0.24800000000000005,0.33675873,0.19662863,0.06375,1.3054999999999999
2025-05-24 10:00:00+02:00,0.13,0.019195319,0.637,0.0940570631,-0.507,0.318794223,0.17866412299999998,0.01,1.7289999999999999
2025-05-24 11:00:00+02:00,0.008,0.001180476,1.301,0.1919749095,-1.293,0.318677095,0.17854699500000001,0.00025,2.78925
2025-05-24 12:00:00+02:00,0.006,0.0008851392,1.139,0.1680289248,-1.133,0.31863317199999996,0.17850307199999998,0.0,3.9855
2025-05-24 13:00:00+02:00,0.008,0.0011797984,0.915,0.134939442,-0.907,0.318574608,0.17844450799999997,0.0,4.34125
2025-05-24 14:00:00+02:00,0.005,0.0007397335,0.487,0.0720500429,-0.482,0.31914560699999994,0.179015507,0.0,4.666250000000001
2025-05-24 15:00:00+02:00,0.125,0.0193615125,0.486,0.0752775606,-0.361,0.327549541,0.187419441,0.0,4.34475
2025-05-24 16:00:00+02:00,0.159,0.0273270756,0.184,0.0316237856,-0.024999999999999994,0.348090864,0.207960764,0.0,3.9764999999999997
2025-05-24 17:00:00+02:00,0.568,0.1292361312,0.286,0.0650731224,0.282,0.415439464,0.275309364,0.0,3.2952500000000002
2025-05-24 18:00:00+02:00,0.995,0.252877658,0.001,0.0002541484,0.994,0.447649664,0.30751956399999997,0.026750000000000003,2.24675
2025-05-24 19:00:00+02:00,0.187,0.0516936442,0.001,0.0002764366,0.186,0.474618386,0.33448828599999997,0.02675,1.11025
2025-05-24 20:00:00+02:00,0.546,0.1495668174,0.0,0.0,0.546,0.47158769899999997,0.331457599,0.27999999999999997,0.13175
2025-05-24 21:00:00+02:00,1.384,0.3755547664,0.0,0.0,1.384,0.46846916599999994,0.328339066,0.29575,0.0
2025-05-24 22:00:00+02:00,0.549,0.1402515477,0.0,0.0,0.549,0.44924553300000003,0.309115433,0.26575,0.0
2025-05-24 23:00:00+02:00,0.159,0.0375660714,0.0,0.0,0.159,0.426010266,0.285880166,0.293,0.0
2025-05-25 00:00:00+02:00,0.158,0.027195355,0.0,0.0,0.158,0.348398325,0.208268225,0.575,0.0
2025-05-25 01:00:00+02:00,0.146,0.0252411808,0.0,0.0,0.146,0.34932070800000004,0.209190608,2.6174999999999997,0.0
2025-05-25 02:00:00+02:00,0.153,0.0252035982,0.0,0.0,0.153,0.339452674,0.199322574,0.30325,0.0
2025-05-25 03:00:00+02:00,0.16,0.025249312,0.0,0.0,0.16,0.331078022,0.190947922,0.19825,0.0
2025-05-25 04:00:00+02:00,0.146,0.0222485604,0.0,0.0,0.146,0.324518854,0.18438875400000002,0.20625000000000002,0.0
2025-05-25 05:00:00+02:00,0.537,0.0806234616,0.0,0.0,0.537,0.32179562799999994,0.18166552799999997,0.26375,0.0
2025-05-25 06:00:00+02:00,0.737,0.1097144631,0.007,0.0010420641,0.73,0.32025832299999996,0.180128223,0.652,0.0032500000000000003
2025-05-25 07:00:00+02:00,0.452,0.0673094444,0.004,0.0005956588,0.448,0.32031688700000005,0.18018678700000001,0.06675,0.10849999999999999
2025-05-25 08:00:00+02:00,0.012,0.0017724564,0.189,0.0279161883,-0.177,0.31885278699999997,0.178722687,0.084,0.60775
2025-05-25 09:00:00+02:00,0.049,0.0072262652,0.206,0.0303798088,-0.15699999999999997,0.318574608,0.17844450799999997,0.017,1.34475
2025-05-25 10:00:00+02:00,0.009,0.0013072356,0.836,0.1214276624,-0.827,0.31588066400000003,0.175750564,0.051,1.465
2025-05-25 11:00:00+02:00,0.019,0.0025958009,1.246,0.1702298906,-1.227,0.305441631,0.16531153099999998,0.00825,2.6355
2025-05-25 12:00:00+02:00,0.002,0.000253979,2.141,0.2718845195,-2.1390000000000002,0.293787395,0.153657295,2.71875,2.225
2025-05-25 13:00:00+02:00,4.562,0.5080626408,1.006,0.1120366104,3.556,0.274885864,0.134755764,2.92675,2.59
2025-05-25 14:00:00+02:00,4.609,0.5032585536,1.293,0.1411831872,3.316,0.27225048399999996,0.132120384,4.375500000000001,1.81025
2025-05-25 15:00:00+02:00,4.368,0.5089196112,0.993,0.1156953237,3.3750000000000004,0.281108289,0.140978189,1.95125,2.29125
2025-05-25 16:00:00+02:00,6.689,0.8908724583,0.341,0.0454159827,6.348,0.30128358699999996,0.16115348699999998,0.21075000000000002,2.7115
2025-05-25 17:00:00+02:00,0.668,0.0985859116,0.029,0.0042799273,0.639,0.318706377,0.178576277,0.0375,2.417
2025-05-25 18:00:00+02:00,0.305,0.0484673365,0.533,0.0846986569,-0.22800000000000004,0.332410353,0.192280253,0.41225,1.79725
2025-05-25 19:00:00+02:00,0.105,0.02604525,1.11,0.2753355,-1.0050000000000001,0.44027059999999996,0.3001405,0.0485,1.219
2025-05-25 20:00:00+02:00,0.029,0.0077913836,0.478,0.1284234952,-0.44899999999999995,0.465218864,0.325088764,0.36575,0.24625
2025-05-25 21:00:00+02:00,0.22,0.063100048,0.0,0.0,0.22,0.487180364,0.34705026399999994,0.5225,0.0
2025-05-25 22:00:00+02:00,0.177,0.0480319059,0.0,0.0,0.177,0.46848380700000003,0.328353707,0.37249999999999994,0.0
2025-05-25 23:00:00+02:00,0.151,0.0392753416,0.0,0.0,0.151,0.454853036,0.31472293599999995,0.27849999999999997,0.0
2025-05-26 00:00:00+02:00,0.159,0.0394418739,0.0,0.0,0.159,0.44028524100000005,0.300155141,0.284,0.0
2025-05-26 01:00:00+02:00,0.165,0.039287127,0.0,0.0,0.165,0.428235698,0.288105598,0.25525,0.0
2025-05-26 02:00:00+02:00,0.147,0.0332865918,0.0,0.0,0.147,0.41412177400000005,0.273991674,0.30275,0.0
2025-05-26 03:00:00+02:00,0.16,0.035920544,0.0,0.0,0.16,0.41177921399999995,0.27164911399999997,0.5065,0.0
2025-05-26 04:00:00+02:00,0.16,0.036787872,0.0,0.0,0.16,0.41833838199999995,0.278208282,0.3665,0.0
2025-05-26 05:00:00+02:00,0.143,0.0342668612,0.0,0.0,0.143,0.430080464,0.28995036399999996,0.5387500000000001,0.0
2025-05-26 06:00:00+02:00,0.032,0.0087704672,0.037,0.0101408527,-0.0049999999999999975,0.47176339100000003,0.331633291,0.27575,0.0005
2025-05-26 07:00:00+02:00,0.01,0.003100262,0.381,0.1181199822,-0.371,0.5152618019999999,0.37513170199999996,0.2255,0.05450000000000001
2025-05-26 08:00:00+02:00,0.005,0.001423323,0.698,0.1986958908,-0.693,0.484574266,0.344444166,0.018500000000000003,0.73525
2025-05-26 09:00:00+02:00,0.038,0.0091330074,1.15,0.276393645,-1.1119999999999999,0.430944283,0.290814183,0.00975,1.3
2025-05-26 10:00:00+02:00,0.013,0.0019542952,1.479,0.2223386616,-1.4660000000000002,0.322029884,0.181899784,0.00625,1.77075
2025-05-26 11:00:00+02:00,0.004,0.0005867532,2.557,0.3750819831,-2.553,0.31762294299999994,0.17749284299999998,0.00525,2.6464999999999996
2025-05-26 12:00:00+02:00,0.001,0.0001440384,3.53,0.508455552,-3.529,0.31441656399999995,0.174286464,0.00125,3.4312500000000004
2025-05-26 13:00:00+02:00,0.0,0.0,4.7,0.67698048,-4.7,0.31441656399999995,0.174286464,0.00125,4.22425
2025-05-26 14:00:00+02:00,0.202,0.029305958,3.459,0.501828261,-3.257,0.31567569,0.17554559,0.0,4.5295
2025-05-26 15:00:00+02:00,0.112,0.0161323008,1.698,0.2445772032,-1.5859999999999999,0.31441656399999995,0.174286464,0.0985,3.89525
2025-05-26 16:00:00+02:00,0.0,0.0,3.462,0.5028499608,-3.462,0.31588066400000003,0.175750564,0.0005,3.86975
2025-05-26 17:00:00+02:00,0.181,0.0300350314,2.474,0.4105340756,-2.293,0.340916774,0.20078667399999997,0.0165,3.0665
2025-05-26 18:00:00+02:00,0.37,0.093139508,0.897,0.2258003748,-0.527,0.44472146400000007,0.30459136400000003,0.0052499999999999995,2.5865
2025-05-26 19:00:00+02:00,0.525,0.1448941725,0.234,0.0645814026,0.29100000000000004,0.47407666899999995,0.33394656899999997,0.06275,1.531
2025-05-26 20:00:00+02:00,0.416,0.1369340544,0.0,0.0,0.416,0.538423864,0.398293764,0.25275,0.2765
2025-05-26 21:00:00+02:00,0.505,0.1650507155,0.0,0.0,0.505,0.535598151,0.395468051,0.39975,0.0
2025-05-26 22:00:00+02:00,1.08,0.305843472,0.0,0.0,1.08,0.48278806399999996,0.342657964,0.35100000000000003,0.0
2025-05-26 23:00:00+02:00,1.21,0.311443352,0.0,0.0,1.21,0.451573452,0.31144335199999995,0.26825,0.0
2025-05-27 00:00:00+02:00,0.36,0.086601636,0.0,0.0,0.36,0.431207821,0.291077721,0.371,0.0
2025-05-27 01:00:00+02:00,0.36,0.081775188,0.0,0.0,0.36,0.41498559299999993,0.274855493,0.5315,0.0
2025-05-27 02:00:00+02:00,0.362,0.0731230588,0.0,0.0,0.362,0.38454695399999994,0.244416854,0.32299999999999995,0.0
2025-05-27 03:00:00+02:00,0.342,0.0587789928,0.0,0.0,0.342,0.348090864,0.207960764,0.25875,0.0
2025-05-27 04:00:00+02:00,0.357,0.0598019268,0.0,0.0,0.357,0.34282010399999996,0.202690004,0.4645,0.0
2025-05-27 05:00:00+02:00,0.346,0.0701422964,0.0,0.0,0.346,0.38542541399999997,0.245295314,0.29975,0.0
2025-05-27 06:00:00+02:00,2.865,0.601255776,0.0,0.0,2.865,0.39406360399999996,0.253933504,0.1505,0.0075
2025-05-27 07:00:00+02:00,0.109,0.0246990403,0.005,0.0011329835,0.104,0.414312107,0.274182007,0.047,0.11574999999999999
2025-05-27 08:00:00+02:00,0.047,0.0106807547,0.029,0.0065902529,0.018,0.41510272099999995,0.27497262100000003,0.02025,0.638
2025-05-27 09:00:00+02:00,0.015,0.0031256115,0.177,0.0368822157,-0.16199999999999998,0.39226276099999996,0.252132661,0.00725,1.2032500000000002
2025-05-27 10:00:00+02:00,0.009,0.001375407,0.371,0.056697333,-0.362,0.32504593,0.18491582999999998,0.003,1.74925
2025-05-27 11:00:00+02:00,0.015,0.002268387,1.348,0.2038523784,-1.3330000000000002,0.323113318,0.18298321799999998,0.0275,2.5147500000000003
2025-05-27 12:00:00+02:00,0.004,0.0005907704,2.392,0.3532806992,-2.388,0.31883814600000004,0.178708046,0.003,3.5175
2025-05-27 13:00:00+02:00,0.003,0.0004427148,2.543,0.3752745788,-2.54,0.318691736,0.178561636,0.002,3.87
2025-05-27 14:00:00+02:00,0.004,0.000589754,2.513,0.3705129505,-2.509,0.318530685,0.178400585,0.00025,4.09775
2025-05-27 15:00:00+02:00,0.004,0.0006012732,1.91,0.287107953,-1.906,0.32201524299999995,0.18188514299999997,0.00025,3.91825
2025-05-27 16:00:00+02:00,0.005,0.0010356995,0.559,0.1157912041,-0.554,0.39076937900000003,0.250639279,0.001,3.2199999999999998
2025-05-27 17:00:00+02:00,1.504,0.4025850048,0.103,0.0275706486,1.401,0.464018302,0.32388820199999996,0.09425,2.114
2025-05-27 18:00:00+02:00,0.393,0.1091531562,0.001,0.0002777434,0.392,0.47619961399999994,0.33606951399999996,0.11424999999999999,1.9275
2025-05-27 19:00:00+02:00,1.584,0.4621785696,0.0,0.0,1.584,0.49318317399999995,0.353053074,0.3275,0.92075
2025-05-27 20:00:00+02:00,1.335,0.425127813,0.0,0.0,1.335,0.525451938,0.38532183799999997,0.6737500000000001,0.23625000000000002
2025-05-27 21:00:00+02:00,0.423,0.1196863272,0.0,0.0,0.423,0.482495244,0.34236514399999995,2.44975,0.0
2025-05-27 22:00:00+02:00,0.411,0.1107161253,0.0,0.0,0.411,0.46608268300000005,0.325952583,0.328,0.0
2025-05-27 23:00:00+02:00,0.183,0.045216006,0.0,0.0,0.183,0.43909931999999996,0.29896922,0.30174999999999996,0.0
2025-05-28 00:00:00+02:00,0.169,0.0393275168,0.0,0.0,0.169,0.42170581199999996,0.281575712,0.26025,0.0
2025-05-28 01:00:00+02:00,0.158,0.0350968244,0.0,0.0,0.158,0.40890957799999994,0.26877947799999996,0.25325,0.0
2025-05-28 02:00:00+02:00,0.15,0.033085635,0.0,0.0,0.15,0.40702088899999994,0.26689078899999996,0.254,0.0
2025-05-28 03:00:00+02:00,0.158,0.0335673844,0.0,0.0,0.158,0.397196778,0.257066678,0.26,0.0
2025-05-28 04:00:00+02:00,0.154,0.0334349862,0.0,0.0,0.154,0.402833563,0.262703463,0.51075,0.0
2025-05-28 05:00:00+02:00,0.157,0.0355718825,0.0,0.0,0.157,0.414282825,0.274152725,1.11825,0.0
2025-05-28 06:00:00+02:00,0.159,0.0400190439,0.0,0.0,0.159,0.4446775409999999,0.304547441,0.83875,0.00575
2025-05-28 07:00:00+02:00,0.017,0.0046233132,0.307,0.0834915972,-0.29,0.46920121600000003,0.329071116,1.5702500000000001,0.11049999999999999
2025-05-28 08:00:00+02:00,0.031,0.0093790004,0.145,0.043869518,-0.11399999999999999,0.506213664,0.366083564,1.5722500000000001,0.489
2025-05-28 09:00:00+02:00,0.012,0.0032240208,0.44,0.118214096,-0.428,0.465218864,0.325088764,1.8732499999999999,0.9437500000000001
2025-05-28 10:00:00+02:00,0.006,0.0013926132,0.901,0.2091240822,-0.895,0.420973762,0.280843662,2.3982500000000004,1.1515
2025-05-28 11:00:00+02:00,0.005,0.0011087835,0.994,0.2204261598,-0.989,0.408455707,0.26832560699999997,0.50325,2.5322500000000003
2025-05-28 12:00:00+02:00,3.759,0.8106595497,0.894,0.1927985202,2.8649999999999998,0.40107664299999995,0.260946543,0.02725,3.6182499999999997
2025-05-28 13:00:00+02:00,7.567,1.5728297046,0.345,0.071709561,7.222,0.391633198,0.251503098,0.00025,4.17525
2025-05-28 14:00:00+02:00,6.421,1.3033185275,0.108,0.02192157,6.313000000000001,0.385732875,0.245602775,0.0,4.2255
2025-05-28 15:00:00+02:00,6.748,1.2963697516,0.345,0.0662785365,6.4030000000000005,0.37258525699999995,0.232455157,0.12525,3.882
2025-05-28 16:00:00+02:00,0.4,0.08709096,2.837,0.6176926338,-2.4370000000000003,0.40358025399999997,0.263450154,1.5085,3.01825
2025-05-28 17:00:00+02:00,1.797,0.4265679066,2.023,0.4802152894,-0.2260000000000002,0.427357238,0.287227138,0.43299999999999994,2.5535
2025-05-28 18:00:00+02:00,0.06,0.015756378,1.733,0.4550967179,-1.673,0.457883723,0.317753623,0.14025,1.237
2025-05-28 19:00:00+02:00,0.001,0.000289674,1.778,0.515040372,-1.7770000000000001,0.49063563999999993,0.35050553999999995,0.19025,0.7995
2025-05-28 20:00:00+02:00,0.029,0.008758464,0.514,0.155236224,-0.485,0.50556946,0.36543936,0.0845,0.30700000000000005
2025-05-28 21:00:00+02:00,0.407,0.1422598089,0.0,0.0,0.407,0.563064667,0.422934567,0.228,0.0
2025-05-28 22:00:00+02:00,0.39,0.12311871,0.0,0.0,0.39,0.5221137899999999,0.38198369,0.27949999999999997,0.0
2025-05-28 23:00:00+02:00,0.359,0.0985804666,0.0,0.0,0.359,0.4723929539999999,0.332262854,0.168,0.0
2025-05-29 00:00:00+02:00,0.365,0.103469762,0.0,0.0,0.365,0.48313944799999997,0.34300934799999994,0.15125,0.0
2025-05-29 01:00:00+02:00,0.355,0.099157322,0.0,0.0,0.355,0.478102944,0.337972844,0.15325,0.0
2025-05-29 02:00:00+02:00,0.357,0.0968217558,0.0,0.0,0.357,0.468293474,0.32816337399999995,0.1585,0.0
2025-05-29 03:00:00+02:00,0.364,0.0985176192,0.0,0.0,0.364,0.467619988,0.327489888,0.158,0.0
2025-05-29 04:00:00+02:00,0.354,0.096183747,0.0,0.0,0.354,0.468893755,0.328763655,0.39225,0.0
2025-05-29 05:00:00+02:00,0.504,0.1352869056,0.0,0.0,0.504,0.46492604400000004,0.324795944,0.17975,0.0
2025-05-29 06:00:00+02:00,0.246,0.0655506852,0.0,0.0,0.246,0.4625542019999999,0.322424102,0.16799999999999998,0.00475
2025-05-29 07:00:00+02:00,0.158,0.0412681148,0.0,0.0,0.158,0.456170726,0.316040626,0.036000000000000004,0.17025
2025-05-29 08:00:00+02:00,0.164,0.0421109524,0.076,0.0195148316,0.08800000000000001,0.45082676099999996,0.310696661,0.022,0.7542500000000001
2025-05-29 09:00:00+02:00,0.057,0.0134829453,0.362,0.0856285298,-0.305,0.42634700899999994,0.286216909,0.009000000000000001,1.4337499999999999
2025-05-29 10:00:00+02:00,0.026,0.0047243482,0.435,0.0790419795,-0.409,0.35999399699999995,0.219863897,0.0205,1.69275
2025-05-29 11:00:00+02:00,0.014,0.0021068278,0.709,0.1066957793,-0.695,0.322220217,0.182090117,0.029750000000000002,2.457
2025-05-29 12:00:00+02:00,0.065,0.009598446,0.332,0.0490259088,-0.267,0.31880886399999997,0.178678764,0.002,3.5315
2025-05-29 13:00:00+02:00,0.433,0.0628925572,0.0,0.0,0.433,0.31588066400000003,0.175750564,0.24825,2.8715
2025-05-29 14:00:00+02:00,0.984,0.1429244256,0.059,0.0085696556,0.925,0.31588066400000003,0.175750564,0.0022500000000000003,4.0995
2025-05-29 15:00:00+02:00,0.157,0.0226596216,0.275,0.03969042,-0.11800000000000002,0.314767948,0.174637848,0.0034999999999999996,3.5722500000000004
2025-05-29 16:00:00+02:00,0.031,0.0045180795,0.946,0.137874297,-0.9149999999999999,0.316480945,0.176350845,0.0015,3.26925
2025-05-29 17:00:00+02:00,0.007,0.0012030788,1.608,0.2763643872,-1.6010000000000002,0.348090864,0.207960764,0.32925,2.2700000000000005
2025-05-29 18:00:00+02:00,0.512,0.1125420032,0.754,0.1657356844,-0.242,0.40609850599999997,0.265968406,0.15925,1.56175
2025-05-29 19:00:00+02:00,0.125,0.0295769375,0.437,0.1034009735,-0.312,0.426434855,0.286304755,0.2335,0.91625
2025-05-29 20:00:00+02:00,0.028,0.0066824912,0.522,0.1245807288,-0.494,0.42890918399999994,0.28877908399999996,0.17575,0.16500000000000004
2025-05-29 21:00:00+02:00,0.167,0.0394925608,0.006,0.0014188944,0.161,0.426273804,0.286143704,0.327,0.0
2025-05-29 22:00:00+02:00,0.168,0.0403185552,0.0,0.0,0.168,0.43051969399999995,0.290389594,0.37,0.0
2025-05-29 23:00:00+02:00,0.148,0.0320624832,0.0,0.0,0.148,0.40226256399999993,0.262132464,0.25,0.0
2025-05-30 00:00:00+02:00,0.139,0.0280776386,0.0,0.0,0.139,0.38454695399999994,0.244416854,0.21725,0.0
2025-05-30 01:00:00+02:00,0.142,0.02568709,0.0,0.0,0.142,0.35901305,0.21888295,0.20750000000000002,0.0
2025-05-30 02:00:00+02:00,0.138,0.0259687296,0.0,0.0,0.138,0.36782693199999994,0.227696832,0.20475000000000002,0.0
2025-05-30 03:00:00+02:00,0.141,0.0266134539,0.0,0.0,0.141,0.368515059,0.228384959,0.21050000000000002,0.0
2025-05-30 04:00:00+02:00,0.137,0.0264287111,0.0,0.0,0.137,0.373551563,0.233421463,0.2255,0.0
2025-05-30 05:00:00+02:00,0.732,0.1568787264,0.0,0.0,0.732,0.399451492,0.259321392,0.5565,0.0
2025-05-30 06:00:00+02:00,0.945,0.2169925065,0.008,0.0018369736,0.9369999999999999,0.417972357,0.277842257,0.23800000000000002,0.0055000000000000005
2025-05-30 07:00:00+02:00,0.011,0.0025344902,0.22,0.050689804,-0.209,0.418924022,0.278793922,0.37625,0.0675
2025-05-30 08:00:00+02:00,0.01,0.002118105,0.566,0.119884743,-0.5559999999999999,0.396420805,0.256290705,0.12175,0.44525000000000003
2025-05-30 09:00:00+02:00,0.014,0.0025608198,1.02,0.186574014,-1.006,0.361458097,0.22132799699999997,0.01225,1.174
2025-05-30 10:00:00+02:00,0.005,0.0007494135,1.361,0.2039903547,-1.356,0.321488167,0.181358067,0.0645,1.4
2025-05-30 11:00:00+02:00,0.006,0.0008856474,2.161,0.3189806719,-2.1550000000000002,0.31873565899999995,0.17860555899999997,0.006,2.50775
2025-05-30 12:00:00+02:00,0.001,0.0001468093,3.291,0.4831494063,-3.29,0.317769353,0.177639253,1.90675,1.9924999999999997
2025-05-30 13:00:00+02:00,0.017,0.0024523554,3.102,0.4474827324,-3.085,0.314680102,0.174550002,0.8565,2.854
2025-05-30 14:00:00+02:00,0.003,0.0004314255,3.806,0.547335151,-3.803,0.31413838499999996,0.174008285,1.25075,3.3375000000000004
2025-05-30 15:00:00+02:00,0.002,0.0002911744,4.079,0.5938501888,-4.077,0.31629061199999997,0.176160512,0.3415,3.0645000000000002
2025-05-30 16:00:00+02:00,0.0,0.0,3.857,0.5694170097,-3.857,0.318764941,0.178634841,0.008,2.7905
2025-05-30 17:00:00+02:00,0.023,0.0035911832,2.857,0.4460874088,-2.834,0.32905756399999997,0.18892746400000002,0.6535,2.05
2025-05-30 18:00:00+02:00,0.019,0.0044159192,2.254,0.5238674672,-2.235,0.421354428,0.281224328,1.9385,1.7854999999999999
2025-05-30 19:00:00+02:00,0.046,0.0129153464,0.766,0.2150685944,-0.72,0.47985986399999997,0.33972976399999993,0.10525000000000001,0.969
2025-05-30 20:00:00+02:00,0.066,0.0205487766,0.225,0.0700526475,-0.159,0.516857671,0.376727571,0.259,0.09925
2025-05-30 21:00:00+02:00,0.365,0.120225963,0.0,0.0,0.365,0.538687402,0.398557302,0.27925,0.00075
2025-05-30 22:00:00+02:00,0.79,0.241106657,0.0,0.0,0.79,0.509420043,0.36928994299999995,0.35725,0.0
2025-05-30 23:00:00+02:00,1.265,0.3523403235,0.0,0.0,1.265,0.47715127899999993,0.337021179,0.26875000000000004,0.0
2025-05-31 00:00:00+02:00,0.572,0.1585231648,0.0,0.0,0.572,0.47546756399999995,0.335337464,0.30874999999999997,0.0
2025-05-31 01:00:00+02:00,0.352,0.0935916608,0.0,0.0,0.352,0.461851434,0.32172133399999997,0.47175,0.0
2025-05-31 02:00:00+02:00,0.357,0.0936726945,0.0,0.0,0.357,0.45762018499999996,0.31749008500000003,0.22475,0.0
2025-05-31 03:00:00+02:00,0.351,0.0915972057,0.0,0.0,0.351,0.455892547,0.315762447,0.21125,0.0
2025-05-31 04:00:00+02:00,0.352,0.0920711264,0.0,0.0,0.352,0.45662459699999997,0.316494497,0.2085,0.0
2025-05-31 05:00:00+02:00,0.327,0.0849186954,0.0,0.0,0.327,0.45435524199999994,0.31422514199999996,0.216,0.0
2025-05-31 06:00:00+02:00,0.176,0.0461761168,0.002,0.0005247286,0.174,0.45759090299999994,0.31746080299999996,0.48975,0.00625
2025-05-31 07:00:00+02:00,0.007,0.0017604048,0.164,0.0412437696,-0.157,0.44442864399999993,0.304298544,0.17025,0.1395
2025-05-31 08:00:00+02:00,0.32,0.06808912,0.548,0.116602618,-0.22800000000000004,0.397592085,0.257461985,0.12000000000000001,0.6325
2025-05-31 09:00:00+02:00,5.142,0.7655327328,0.464,0.0690795776,4.678,0.320272964,0.18014286399999999,0.13724999999999998,1.0545
2025-05-31 10:00:00+02:00,1.187,0.1752536654,1.679,0.2478946118,-0.492,0.31877958199999995,0.178649482,0.042,1.4415
2025-05-31 11:00:00+02:00,0.002,0.0002929168,1.763,0.2582061592,-1.761,0.31734476399999995,0.177214664,0.002,2.51925
2025-05-31 12:00:00+02:00,0.001,0.0001439537,3.143,0.4524464791,-3.142,0.31431407699999997,0.174183977,0.0015,3.25725
2025-05-31 13:00:00+02:00,0.0,0.0,3.841,0.5059853007,-3.841,0.299526667,0.15939656700000002,0.002,3.3735
2025-05-31 14:00:00+02:00,0.0,0.0,3.579,0.4949431311,-3.579,0.30746208899999994,0.167331989,0.00125,3.561
2025-05-31 15:00:00+02:00,0.0,0.0,4.327,0.6232541568,-4.327,0.31441656399999995,0.174286464,0.03125,3.3152500000000003
2025-05-31 16:00:00+02:00,0.0,0.0,3.472,0.5124946288,-3.472,0.31873565899999995,0.17860555899999997,0.03975,2.9855
2025-05-31 17:00:00+02:00,4.804,0.9215676536,0.422,0.0809536948,4.382000000000001,0.37224851400000003,0.23211841399999997,0.142,2.4665
2025-05-31 18:00:00+02:00,0.127,0.0324074663,1.364,0.3480612916,-1.237,0.448894149,0.308764049,0.2755,1.5394999999999999
2025-05-31 19:00:00+02:00,0.068,0.020853866,0.264,0.080962068,-0.196,0.511206245,0.371076145,0.07325000000000001,0.6950000000000001
2025-05-31 20:00:00+02:00,0.423,0.1609142337,0.009,0.0034237071,0.414,0.600428499,0.460298399,0.40175,0.06475
2025-05-31 21:00:00+02:00,0.493,0.1875549973,0.0,0.0,0.493,0.600457781,0.460327681,0.6044999999999999,0.0
2025-05-31 22:00:00+02:00,1.252,0.390546376,0.0,0.0,1.252,0.51757508,0.37744498,0.36725,0.0
2025-05-31 23:00:00+02:00,0.636,0.1707114948,0.0,0.0,0.636,0.46491140299999995,0.32478130299999997,0.29400000000000004,0.0
2025-06-01 00:00:00+02:00,0.368,0.0981575232,0.0,0.0,0.368,0.4628763039999999,0.322746204,0.57775,0.0
2025-06-01 01:00:00+02:00,0.353,0.0885269638,0.0,0.0,0.353,0.443579466,0.303449366,2.618,0.0
2025-06-01 02:00:00+02:00,0.364,0.091875784,0.0,0.0,0.364,0.44554136,0.30541126,0.30375,0.0
2025-06-01 03:00:00+02:00,0.359,0.0880247896,0.0,0.0,0.359,0.436815324,0.296685224,0.2015,0.0
2025-06-01 04:00:00+02:00,0.366,0.0888244302,0.0,0.0,0.366,0.433784637,0.293654537,0.2,0.0
2025-06-01 05:00:00+02:00,0.347,0.080908949,0.0,0.0,0.347,0.42226217,0.28213207,0.33425,0.0
2025-06-01 06:00:00+02:00,0.23,0.044386067,0.0,0.0,0.23,0.37363940900000003,0.233509309,0.5735000000000001,0.00475
2025-06-01 07:00:00+02:00,0.036,0.0058823424,0.133,0.0217319872,-0.097,0.337842164,0.197712064,0.17700000000000002,0.08424999999999999
2025-06-01 08:00:00+02:00,0.036,0.0054206064,0.483,0.0727264692,-0.447,0.322322704,0.18219260399999998,0.08475,0.45925
2025-06-01 09:00:00+02:00,0.004,0.0005906252,0.843,0.1244742609,-0.839,0.318794223,0.17866412299999998,0.028249999999999997,1.0270000000000001
2025-06-01 10:00:00+02:00,0.004,0.0005877696,1.599,0.2349608976,-1.595,0.317930404,0.177800304,0.053,1.2077499999999999
2025-06-01 11:00:00+02:00,0.034,0.0049339202,1.721,0.2497434313,-1.687,0.315719613,0.175589513,0.013,2.205
2025-06-01 12:00:00+02:00,0.033,0.0046542408,1.791,0.2525983416,-1.758,0.310785596,0.17065549600000002,2.71925,1.76075
2025-06-01 13:00:00+02:00,0.014,0.0018483234,1.187,0.1567114197,-1.173,0.299878051,0.159747951,3.9875,1.7755
2025-06-01 14:00:00+02:00,0.157,0.0193066511,1.155,0.1420330065,-0.998,0.288926583,0.148796483,5.52775,0.9335
2025-06-01 15:00:00+02:00,2.404,0.3095878412,1.023,0.1317422469,1.381,0.295954263,0.155824163,3.04325,1.406
2025-06-01 16:00:00+02:00,0.003,0.0004212252,2.915,0.409290486,-2.912,0.31002426399999994,0.169894164,1.883,1.77225
2025-06-01 17:00:00+02:00,0.059,0.0086474707,2.065,0.3026614745,-2.006,0.31747653300000006,0.177346433,0.20450000000000002,1.52675
2025-06-01 18:00:00+02:00,0.041,0.0068977744,1.577,0.2653119568,-1.536,0.343698564,0.203568464,0.48850000000000005,1.20625
2025-06-01 19:00:00+02:00,0.276,0.064738146,0.707,0.1658328595,-0.43099999999999994,0.42394588499999997,0.283815785,0.07400000000000001,1.049
2025-06-01 20:00:00+02:00,0.193,0.049438301,0.073,0.018699461,0.12000000000000001,0.45008007000000005,0.30994997,0.36225,0.27775
2025-06-01 21:00:00+02:00,0.358,0.1026376692,0.0,0.0,0.358,0.48703395399999994,0.34690385399999996,0.54025,0.0
2025-06-01 22:00:00+02:00,0.47,0.127400174,0.0,0.0,0.47,0.4681177819999999,0.32798768199999995,0.38025,0.0
2025-06-01 23:00:00+02:00,0.367,0.0912919106,0.0,0.0,0.367,0.44111977799999996,0.300989678,0.28025,0.0
2025-06-02 00:00:00+02:00,0.476,0.1136599464,0.0,0.0,0.476,0.429055594,0.288925494,0.28500000000000003,0.0
2025-06-02 01:00:00+02:00,0.432,0.1003831488,0.0,0.0,0.432,0.42129586399999996,0.281165764,0.26125,0.0
2025-06-02 02:00:00+02:00,0.345,0.0808558905,0.0,0.0,0.345,0.4237116289999999,0.283581529,0.30274999999999996,0.0
2025-06-02 03:00:00+02:00,0.368,0.08716356,0.0,0.0,0.368,0.42672767500000003,0.286597575,0.51025,0.0
2025-06-02 04:00:00+02:00,0.313,0.0752309272,0.0,0.0,0.313,0.43095892399999997,0.290828824,0.33075,0.0
2025-06-02 05:00:00+02:00,0.151,0.0373842931,0.0,0.0,0.151,0.439699601,0.29956950099999996,0.322,0.0
2025-06-02 06:00:00+02:00,0.088,0.0241858672,0.025,0.006870985,0.063,0.472685774,0.332555674,0.25825,0.00925
2025-06-02 07:00:00+02:00,0.023,0.006843397,0.216,0.064268424,-0.193,0.5001522899999999,0.36002218999999996,0.22475,0.1215
2025-06-02 08:00:00+02:00,0.02,0.005504048,0.531,0.1461324744,-0.511,0.473125004,0.332994904,0.018750000000000003,0.70875
2025-06-02 09:00:00+02:00,2.532,0.626837112,0.818,0.202508988,1.714,0.43968496,0.29955486,0.018000000000000002,1.21625
2025-06-02 10:00:00+02:00,0.033,0.0070368639,1.094,0.2332827002,-1.0610000000000002,0.39814844299999996,0.258018343,0.00925,1.6672500000000001
2025-06-02 11:00:00+02:00,0.022,0.004132755,1.455,0.2733253875,-1.433,0.367431625,0.227301525,0.00625,2.56575
2025-06-02 12:00:00+02:00,0.0,0.0,3.475,0.59724269,-3.475,0.348090864,0.207960764,0.0015,3.31825
2025-06-02 13:00:00+02:00,0.002,0.0003262644,3.677,0.5998370994,-3.6750000000000003,0.337520062,0.197389962,0.00125,4.23375
2025-06-02 14:00:00+02:00,0.0,0.0,4.634,0.7459739056,-4.634,0.33491396399999995,0.19478386399999997,0.0505,4.199
2025-06-02 15:00:00+02:00,0.0,0.0,3.871,0.6641315989,-3.871,0.347724839,0.20759473899999997,0.1265,3.2640000000000002
2025-06-02 16:00:00+02:00,0.0,0.0,3.443,0.7096832105,-3.443,0.389539535,0.24940943499999998,0.0005,3.71
2025-06-02 17:00:00+02:00,2.033,0.4772756186,1.653,0.3880652226,0.3799999999999999,0.424194782,0.284064682,0.06175,2.7990000000000004
2025-06-02 18:00:00+02:00,0.049,0.0123809378,1.665,0.420699213,-1.616,0.445863462,0.305733362,0.09775,2.121
2025-06-02 19:00:00+02:00,0.042,0.011774994,1.743,0.488662251,-1.701,0.47936207000000003,0.33923197,0.19275000000000003,1.17475
2025-06-02 20:00:00+02:00,0.215,0.08101071,0.454,0.171064476,-0.23900000000000002,0.5960508400000001,0.45592074,0.3495,0.21700000000000003
2025-06-02 21:00:00+02:00,0.237,0.103610001,0.047,0.020547131,0.19,0.66910943,0.52897933,0.4885,0.0
2025-06-02 22:00:00+02:00,0.29,0.093041135,0.0,0.0,0.29,0.528336215,0.38820611499999996,0.58525,0.0
2025-06-02 23:00:00+02:00,0.204,0.056378256,0.0,0.0,0.204,0.47453054,0.33440043999999997,0.53475,0.0
2025-06-03 00:00:00+02:00,0.136,0.0366590312,0.0,0.0,0.136,0.466287657,0.326157557,0.42325,0.0
2025-06-03 01:00:00+02:00,0.137,0.0361444908,0.0,0.0,0.137,0.459362464,0.319232364,0.585,0.0
2025-06-03 02:00:00+02:00,0.145,0.0379094815,0.0,0.0,0.145,0.4564781869999999,0.31634808699999994,0.378,0.0
2025-06-03 03:00:00+02:00,0.155,0.038912874,0.0,0.0,0.155,0.44390156799999997,0.303771468,0.3065,0.0
2025-06-03 04:00:00+02:00,0.154,0.0379425508,0.0,0.0,0.154,0.438250142,0.298120042,0.312,0.0
2025-06-03 05:00:00+02:00,1.969,0.5095431363,0.0,0.0,1.969,0.45325716699999996,0.313127067,0.30274999999999996,0.0
2025-06-03 06:00:00+02:00,0.737,0.2090041349,0.058,0.0164480866,0.6789999999999999,0.4832712169999999,0.343141117,0.8410000000000001,0.0065
2025-06-03 07:00:00+02:00,0.016,0.00432212,0.278,0.075096835,-0.262,0.46699042499999993,0.326860325,0.07250000000000001,0.0765
2025-06-03 08:00:00+02:00,0.023,0.0055504152,0.942,0.2273257008,-0.9189999999999999,0.432130204,0.292000104,0.02975,0.44075000000000003
2025-06-03 09:00:00+02:00,0.008,0.0014930432,1.441,0.2689344064,-1.433,0.365952884,0.225822784,0.00975,0.88175
2025-06-03 10:00:00+02:00,2.406,0.3552901704,1.415,0.208950786,0.9910000000000001,0.31880886399999997,0.178678764,0.005,1.3697499999999998
2025-06-03 11:00:00+02:00,4.101,0.5956636884,1.359,0.1973925756,2.742,0.31588066400000003,0.175750564,0.03125,2.115
2025-06-03 12:00:00+02:00,1.229,0.1785102836,2.178,0.3163510152,-0.9489999999999998,0.31588066400000003,0.175750564,0.004,3.1134999999999997
2025-06-03 13:00:00+02:00,3.686,0.5309255424,1.943,0.2798666112,1.7429999999999999,0.31441656399999995,0.174286464,0.00275,3.33475
2025-06-03 14:00:00+02:00,0.0,0.0,2.83,0.383658572,-2.83,0.304167864,0.164037764,0.00125,3.537
2025-06-03 15:00:00+02:00,0.001,0.0001416184,2.95,0.41777428,-2.9490000000000003,0.311488364,0.171358264,0.00125,3.269
2025-06-03 16:00:00+02:00,0.015,0.002178726,0.968,0.1406004512,-0.953,0.31588066400000003,0.175750564,0.0022500000000000003,2.33675
2025-06-03 17:00:00+02:00,0.273,0.0403465062,0.142,0.0209860948,0.13100000000000003,0.31895527399999996,0.17882517399999998,0.47025,1.2474999999999998
2025-06-03 18:00:00+02:00,0.299,0.0694419726,0.244,0.0566683656,0.05499999999999999,0.4211494539999999,0.281019354,0.2125,1.203
2025-06-03 19:00:00+02:00,0.039,0.0102378705,0.231,0.0606396945,-0.192,0.457766595,0.317636495,0.7230000000000001,0.47700000000000004
2025-06-03 20:00:00+02:00,0.235,0.0699017605,0.003,0.0008923629,0.23199999999999998,0.500049803,0.359919703,0.99575,0.16275
2025-06-03 21:00:00+02:00,0.416,0.114589904,0.0,0.0,0.416,0.4734324649999999,0.333302365,2.51825,0.0
2025-06-03 22:00:00+02:00,0.478,0.1307254476,0.0,0.0,0.478,0.47104598200000003,0.330915882,0.3955,0.0
2025-06-03 23:00:00+02:00,0.471,0.1227643131,0.0,0.0,0.471,0.45551188099999995,0.31538178099999997,0.3105,0.0
2025-06-04 00:00:00+02:00,0.372,0.0870126972,0.0,0.0,0.372,0.423155271,0.283025171,0.26475,0.0
2025-06-04 01:00:00+02:00,0.739,0.1652552539,0.0,0.0,0.739,0.41071042099999994,0.27058032099999996,0.2575,0.0
2025-06-04 02:00:00+02:00,0.962,0.2129807394,0.0,0.0,0.962,0.408016477,0.267886377,0.2545,0.0
2025-06-04 03:00:00+02:00,0.676,0.1499811456,0.0,0.0,0.676,0.40858747599999995,0.26845737599999997,0.2615,0.0
2025-06-04 04:00:00+02:00,0.349,0.0786092835,0.0,0.0,0.349,0.412672315,0.27254221500000003,0.2625,0.0
2025-06-04 05:00:00+02:00,0.3,0.07158723,0.0,0.0,0.3,0.42886526099999994,0.288735161,1.121,0.0
2025-06-04 06:00:00+02:00,0.141,0.0393017196,0.0,0.0,0.141,0.4774001759999999,0.337270076,0.86025,0.0
2025-06-04 07:00:00+02:00,0.063,0.0181290186,0.047,0.0135248234,0.016,0.48832236200000007,0.34819226200000003,1.5730000000000002,0.13624999999999998
2025-06-04 08:00:00+02:00,0.453,0.1285035972,0.001,0.0002836724,0.452,0.483373704,0.343243604,1.578,0.30775
2025-06-04 09:00:00+02:00,0.123,0.0334852617,0.694,0.1889331026,-0.571,0.469537959,0.32940785899999997,1.8757499999999998,0.68125
2025-06-04 10:00:00+02:00,0.011,0.0025651032,1.525,0.35561658,-1.514,0.422291452,0.282161352,2.3992500000000003,0.9035000000000001
2025-06-04 11:00:00+02:00,0.025,0.00505296,1.152,0.2328403968,-1.127,0.384693364,0.244563264,0.5045,2.0412500000000002
2025-06-04 12:00:00+02:00,0.005,0.0008591,1.84,0.3161488,-1.8350000000000002,0.34803229999999996,0.20790219999999998,0.967,2.87825
2025-06-04 13:00:00+02:00,0.0,0.0,2.928,0.4667035824,-2.928,0.332995993,0.19286589299999998,1.8920000000000001,3.1287499999999997
2025-06-04 14:00:00+02:00,0.0,0.0,2.715,0.453482106,-2.715,0.34223446399999996,0.20210436399999998,1.60525,3.07075
2025-06-04 15:00:00+02:00,0.004,0.000758186,2.921,0.5536653265,-2.917,0.369481365,0.229351265,1.8122500000000001,2.85375
2025-06-04 16:00:00+02:00,0.013,0.0026575835,2.995,0.6122663525,-2.982,0.387489795,0.24735969499999996,1.6085,2.7155
2025-06-04 17:00:00+02:00,2.745,0.648147753,1.702,0.4018752188,1.0430000000000001,0.42583457399999997,0.285704474,0.88225,2.21575
2025-06-04 18:00:00+02:00,3.58,0.940173872,1.019,0.2676081496,2.561,0.457898364,0.31776826399999997,0.15525000000000003,1.0415
2025-06-04 19:00:00+02:00,0.411,0.1144011924,0.897,0.2496785148,-0.48600000000000004,0.47693166400000003,0.336801564,0.19,0.8492500000000001
2025-06-04 20:00:00+02:00,0.14,0.043977934,0.139,0.0436638059,0.0010000000000000009,0.520225101,0.380095001,0.08475,0.343
2025-06-04 21:00:00+02:00,0.385,0.120207934,0.0,0.0,0.385,0.5179264640000001,0.377796364,0.29500000000000004,0.0
2025-06-04 22:00:00+02:00,0.397,0.1152551741,0.0,0.0,0.397,0.491411613,0.351281513,0.33975,0.0
2025-06-04 23:00:00+02:00,0.355,0.095600648,0.0,0.0,0.355,0.46598019599999996,0.32585009600000003,0.22025,0.0
2025-06-05 00:00:00+02:00,0.338,0.0891003828,0.0,0.0,0.338,0.45909892599999996,0.318968826,0.20675000000000002,0.0
2025-06-05 01:00:00+02:00,0.349,0.0878405429,0.0,0.0,0.349,0.4446775409999999,0.304547441,0.20525000000000002,0.0
2025-06-05 02:00:00+02:00,0.334,0.0818464328,0.0,0.0,0.334,0.436639632,0.29650953199999996,0.21050000000000002,0.0
2025-06-05 03:00:00+02:00,0.347,0.0847423621,0.0,0.0,0.347,0.43562940299999997,0.295499303,0.21225000000000002,0.0
2025-06-05 04:00:00+02:00,0.465,0.1139985165,0.0,0.0,0.465,0.436771401,0.29664130099999997,0.20725000000000002,0.0
2025-06-05 05:00:00+02:00,0.378,0.0928664352,0.0,0.0,0.378,0.43740096399999995,0.29727086399999997,0.25275,0.0
2025-06-05 06:00:00+02:00,0.218,0.0622045996,0.0,0.0,0.218,0.48539416199999996,0.345264062,0.12275,0.00375
2025-06-05 07:00:00+02:00,0.073,0.0211011537,0.155,0.0448038195,-0.082,0.489888949,0.349758849,0.07375,0.13675
2025-06-05 08:00:00+02:00,0.277,0.0787046194,0.243,0.0690441246,0.03400000000000003,0.483930062,0.343799962,0.06075,0.568
2025-06-05 09:00:00+02:00,5.073,1.3150758192,0.725,0.18794204,4.348000000000001,0.45379888400000007,0.31366878400000003,0.02225,1.15425
2025-06-05 10:00:00+02:00,7.076,1.601514618,0.508,0.114975894,6.568,0.41399000499999994,0.27385990499999996,0.02675,1.3405
2025-06-05 11:00:00+02:00,0.163,0.0329512161,0.881,0.1780982907,-0.718,0.384737287,0.24460718699999998,0.03325,1.908
2025-06-05 12:00:00+02:00,0.112,0.0194051088,0.869,0.1505628531,-0.757,0.349774579,0.209644479,0.01725,2.6639999999999997
2025-06-05 13:00:00+02:00,0.018,0.0028982646,0.626,0.1007952022,-0.608,0.334957887,0.194827787,0.11025,2.8485
2025-06-05 14:00:00+02:00,0.171,0.0268238124,0.365,0.057255506,-0.19399999999999998,0.329936024,0.189805924,0.24825,2.9274999999999998
2025-06-05 15:00:00+02:00,0.001,0.0001717111,3.574,0.6136954714,-3.573,0.34790053099999996,0.207770431,0.04275,2.5077499999999997
2025-06-05 16:00:00+02:00,0.442,0.0960215828,1.189,0.2583024026,-0.7470000000000001,0.402994614,0.262864514,0.009250000000000001,2.53775
2025-06-05 17:00:00+02:00,0.12,0.028316904,1.043,0.2461210906,-0.9229999999999999,0.42565888199999996,0.285528782,0.331,1.9825
2025-06-05 18:00:00+02:00,0.005,0.001309704,2.142,0.5610771936,-2.137,0.4570784679999999,0.316948368,0.28725,1.19375
2025-06-05 19:00:00+02:00,0.099,0.0274522743,0.196,0.0543499572,-0.097,0.475657897,0.33552779699999996,0.26375,0.724
2025-06-05 20:00:00+02:00,0.197,0.0591729688,0.0,0.0,0.197,0.503578284,0.36344818399999995,0.17049999999999998,0.28625
2025-06-05 21:00:00+02:00,0.214,0.0627696454,0.0,0.0,0.214,0.49504258100000004,0.354912481,0.333,0.0015
2025-06-05 22:00:00+02:00,0.589,0.1606617067,0.0,0.0,0.589,0.470182163,0.330052063,0.3745,0.0
2025-06-05 23:00:00+02:00,1.108,0.2734182792,0.0,0.0,1.108,0.438718654,0.298588554,0.25125,0.0
2025-06-06 00:00:00+02:00,0.698,0.162370505,0.0,0.0,0.698,0.42160332500000003,0.281473225,0.21575,0.0
2025-06-06 01:00:00+02:00,0.138,0.0301215222,0.0,0.0,0.138,0.404239099,0.26410899899999996,0.20500000000000002,0.0
2025-06-06 02:00:00+02:00,0.139,0.0306004886,0.0,0.0,0.139,0.40650845399999996,0.266378354,0.20400000000000001,0.0
2025-06-06 03:00:00+02:00,0.139,0.0298217689,0.0,0.0,0.139,0.399729671,0.259599571,0.20875,0.0
2025-06-06 04:00:00+02:00,0.144,0.0296521632,0.0,0.0,0.144,0.389290638,0.24916053800000001,0.2205,0.0
2025-06-06 05:00:00+02:00,0.123,0.0262714716,0.0,0.0,0.123,0.398573032,0.258442932,0.45575,0.0
2025-06-06 06:00:00+02:00,0.033,0.0074361639,0.06,0.013520298,-0.026999999999999996,0.4127894429999999,0.272659343,0.45399999999999996,0.0032500000000000003
2025-06-06 07:00:00+02:00,0.029,0.0067025409,0.239,0.0552381819,-0.21,0.41978784099999994,0.279657741,0.37575000000000003,0.0615
2025-06-06 08:00:00+02:00,0.019,0.004106014,0.696,0.150409776,-0.6769999999999999,0.40161835999999995,0.26148826,0.12225,0.44175
2025-06-06 09:00:00+02:00,0.012,0.0018311172,1.209,0.1844850579,-1.197,0.324767751,0.184637651,0.0145,1.2125
2025-06-06 10:00:00+02:00,0.226,0.0333703238,0.762,0.1125141006,-0.536,0.318794223,0.17866412299999998,0.06425,1.3715
2025-06-06 11:00:00+02:00,0.104,0.0153323456,2.055,0.302961252,-1.951,0.31851604400000005,0.17838594400000002,0.00725,2.4219999999999997
2025-06-06 12:00:00+02:00,0.002,0.0002904968,3.044,0.4421361296,-3.0420000000000003,0.31588066400000003,0.175750564,1.90625,2.4565
2025-06-06 13:00:00+02:00,0.102,0.014575902,2.786,0.398122186,-2.684,0.31304031000000004,0.17291021,0.86,3.0629999999999997
2025-06-06 14:00:00+02:00,0.046,0.0065589744,3.316,0.4728165024,-3.27,0.31265964399999996,0.172529544,1.2515,3.1225
2025-06-06 15:00:00+02:00,0.01,0.001432035,1.156,0.165543246,-1.146,0.313406335,0.173276235,0.342,2.9842500000000003
2025-06-06 16:00:00+02:00,0.004,0.0005905284,1.969,0.2906876049,-1.965,0.318764941,0.178634841,0.008,2.75575
2025-06-06 17:00:00+02:00,0.04,0.005955136,1.158,0.1724011872,-1.1179999999999999,0.320272964,0.18014286399999999,0.65925,1.9107500000000002
2025-06-06 18:00:00+02:00,7.968,1.6229166624,0.093,0.0189421749,7.875,0.386582053,0.246451953,1.94325,1.6749999999999998
2025-06-06 19:00:00+02:00,0.01,0.00247808,0.45,0.1115136,-0.44,0.43997778,0.29984768,0.11525,0.81175
2025-06-06 20:00:00+02:00,0.015,0.0042305835,0.279,0.0786888531,-0.264,0.4813971689999999,0.341267069,0.2425,0.1315
2025-06-06 21:00:00+02:00,0.196,0.0596054228,0.0,0.0,0.196,0.508102353,0.367972253,0.281,0.00075
2025-06-06 22:00:00+02:00,0.359,0.1084932464,0.0,0.0,0.359,0.5058037160000001,0.36567361600000003,0.46599999999999997,0.0
2025-06-06 23:00:00+02:00,1.056,0.288070992,0.0,0.0,1.056,0.470211445,0.33008134499999997,0.497,0.0
2025-06-07 00:00:00+02:00,0.244,0.0656909,0.0,0.0,0.244,0.46589235,0.32576225,0.362,0.0
2025-06-07 01:00:00+02:00,0.214,0.0560967616,0.0,0.0,0.214,0.45731272399999995,0.31718262399999997,0.4695,0.0
2025-06-07 02:00:00+02:00,0.125,0.031717125,0.0,0.0,0.125,0.44715186999999995,0.30702176999999997,0.22875,0.0
2025-06-07 03:00:00+02:00,0.144,0.0376428096,0.0,0.0,0.144,0.4564342639999999,0.316304164,0.20850000000000002,0.0
2025-06-07 04:00:00+02:00,0.142,0.0372488578,0.0,0.0,0.142,0.457532339,0.317402239,0.20750000000000002,0.0
2025-06-07 05:00:00+02:00,0.128,0.0335361664,0.0,0.0,0.128,0.4571516729999999,0.317021573,0.19725,0.0
2025-06-07 06:00:00+02:00,0.057,0.0149692488,0.049,0.0128683016,0.008,0.457898364,0.31776826399999997,0.284,0.006750000000000001
2025-06-07 07:00:00+02:00,0.013,0.0034720829,0.105,0.0280437465,-0.092,0.463300893,0.323170793,0.12350000000000001,0.17875
2025-06-07 08:00:00+02:00,5.194,1.335193013,0.152,0.039073804,5.042,0.451178145,0.31104804499999994,0.19875,0.6154999999999999
2025-06-07 09:00:00+02:00,0.025,0.0059680225,0.576,0.1375032384,-0.5509999999999999,0.42898238899999996,0.288852289,1.42175,0.7915000000000001
2025-06-07 10:00:00+02:00,7.525,1.4212384725,0.236,0.0445730604,7.289000000000001,0.36866146899999996,0.228531369,0.33825,1.37825
2025-06-07 11:00:00+02:00,10.145,1.613976166,0.0,0.0,10.145,0.332629968,0.192499868,0.0025,2.2115
2025-06-07 12:00:00+02:00,6.556,0.9775540148,0.622,0.0927453626,5.934,0.320551143,0.180421043,0.00175,3.0315000000000003
2025-06-07 13:00:00+02:00,0.013,0.0019195319,0.835,0.1232930105,-0.822,0.318794223,0.17866412299999998,0.002,3.45125
2025-06-07 14:00:00+02:00,0.024,0.0035434608,2.159,0.3187638278,-2.135,0.31877958199999995,0.178649482,0.00125,3.35825
2025-06-07 15:00:00+02:00,0.043,0.0063487006,2.572,0.3797408824,-2.529,0.31877958199999995,0.178649482,0.03125,3.24175
2025-06-07 16:00:00+02:00,0.194,0.0285044782,1.836,0.2697640308,-1.6420000000000001,0.317915763,0.177785663,0.03975,2.8185000000000002
2025-06-07 17:00:00+02:00,0.278,0.0488692864,1.81,0.318177728,-1.532,0.35283454799999997,0.212704448,1.343,1.9172500000000001
2025-06-07 18:00:00+02:00,0.012,0.0027164016,1.763,0.3990846684,-1.751,0.414033928,0.273903828,0.30524999999999997,1.53825
2025-06-07 19:00:00+02:00,0.014,0.0034564376,0.576,0.1422077184,-0.5619999999999999,0.43886506399999997,0.298734964,0.08524999999999999,0.634
2025-06-07 20:00:00+02:00,0.097,0.0291746609,0.11,0.033084667,-0.012999999999999998,0.504061437,0.36393133699999997,0.36075,0.067
2025-06-07 21:00:00+02:00,1.245,0.376672758,0.0,0.0,1.245,0.506213664,0.366083564,0.6699999999999999,0.0
2025-06-07 22:00:00+02:00,0.559,0.158004704,0.0,0.0,0.559,0.48214386,0.34201376,0.6192500000000001,0.0
2025-06-07 23:00:00+02:00,0.289,0.0713507476,0.0,0.0,0.289,0.43886506399999997,0.298734964,0.385,0.0
2025-06-08 00:00:00+02:00,3.659,0.9610092734,0.0,0.0,3.659,0.457927646,0.317797546,0.6307499999999999,0.0
2025-06-08 01:00:00+02:00,0.143,0.0352738958,0.0,0.0,0.143,0.43860152599999996,0.298471426,2.669,0.0
2025-06-08 02:00:00+02:00,0.129,0.0305795919,0.0,0.0,0.129,0.42696193099999996,0.286831831,0.35850000000000004,0.0
2025-06-08 03:00:00+02:00,0.145,0.0325336935,0.0,0.0,0.145,0.411618163,0.271488063,0.25325,0.0
2025-06-08 04:00:00+02:00,0.153,0.0331771473,0.0,0.0,0.153,0.402511461,0.262381361,0.2555,0.0
2025-06-08 05:00:00+02:00,0.127,0.0260255512,0.0,0.0,0.127,0.388090076,0.247959976,0.363,0.0
2025-06-08 06:00:00+02:00,0.095,0.0178298945,0.0,0.0,0.095,0.36722665099999996,0.22709655099999998,0.35350000000000004,0.00475
2025-06-08 07:00:00+02:00,0.012,0.0018168876,0.203,0.0307356819,-0.191,0.323332933,0.18320283299999998,0.18325,0.07200000000000001
2025-06-08 08:00:00+02:00,3.777,0.5577435468,0.226,0.0333730584,3.551,0.31880886399999997,0.178678764,0.08725,0.46549999999999997
2025-06-08 09:00:00+02:00,0.01,0.001470634,1.032,0.1517694288,-1.022,0.31807681400000004,0.177946714,0.023,0.9695
2025-06-08 10:00:00+02:00,0.009,0.0013072356,1.145,0.166309418,-1.1360000000000001,0.31588066400000003,0.175750564,0.04875,1.3085
2025-06-08 11:00:00+02:00,0.01,0.001378674,1.658,0.2285841492,-1.648,0.30694965399999996,0.166819554,0.020250000000000004,2.1525
2025-06-08 12:00:00+02:00,0.198,0.0244826802,1.017,0.1257519483,-0.819,0.289746479,0.149616379,2.72675,1.9017499999999998
2025-06-08 13:00:00+02:00,10.503,1.0436326956,0.0,0.0,10.503,0.260361992,0.12023189199999999,3.9882500000000003,1.6792500000000001
2025-06-08 14:00:00+02:00,4.96,0.415370736,0.537,0.0449705817,4.423,0.24146046100000002,0.101330361,5.567,0.6635
2025-06-08 15:00:00+02:00,5.906,0.493449253,0.458,0.038266129,5.4479999999999995,0.241226205,0.10109610499999999,3.5455,1.6055
2025-06-08 16:00:00+02:00,2.083,0.2169334101,0.921,0.0959172687,1.1620000000000001,0.266145187,0.126015087,1.841,2.3295
2025-06-08 17:00:00+02:00,0.331,0.0432470698,1.215,0.158746797,-0.8840000000000001,0.29822361799999997,0.158093518,0.20650000000000002,1.846
2025-06-08 18:00:00+02:00,0.007,0.0010337635,1.991,0.2940318755,-1.9840000000000002,0.31882350499999995,0.17869340499999997,0.194,1.47025
2025-06-08 19:00:00+02:00,0.352,0.0690118176,0.588,0.1152811044,-0.236,0.377358223,0.23722812299999999,0.11975,0.93475
2025-06-08 20:00:00+02:00,0.023,0.0056979142,0.498,0.1233722292,-0.475,0.439889934,0.299759834,0.386,0.20875
2025-06-08 21:00:00+02:00,0.155,0.040645836,0.0,0.0,0.155,0.45742985199999997,0.317299752,0.54475,0.0
2025-06-08 22:00:00+02:00,0.227,0.0692635339,0.0,0.0,0.227,0.509332197,0.369202097,0.39825,0.0
2025-06-08 23:00:00+02:00,0.318,0.0905926032,0.0,0.0,0.318,0.48483780399999993,0.34470770399999995,0.327,0.0
2025-06-09 00:00:00+02:00,0.174,0.049045293,0.0,0.0,0.174,0.48119219499999993,0.341062095,0.34275,0.0
2025-06-09 01:00:00+02:00,0.256,0.0644424704,0.0,0.0,0.256,0.44472146400000007,0.30459136400000003,0.3265,0.0
2025-06-09 02:00:00+02:00,0.199,0.0450373616,0.0,0.0,0.199,0.413975364,0.273845264,0.30274999999999996,0.0
2025-06-09 03:00:00+02:00,0.147,0.0325395378,0.0,0.0,0.147,0.407972554,0.267842454,0.31475,0.0
2025-06-09 04:00:00+02:00,0.134,0.0311211516,0.0,0.0,0.134,0.4211494539999999,0.281019354,0.29574999999999996,0.0
2025-06-09 05:00:00+02:00,0.129,0.0299755236,0.0,0.0,0.129,0.42129586399999996,0.281165764,0.2505,0.0
2025-06-09 06:00:00+02:00,0.022,0.0048411132,0.075,0.016503795,-0.053,0.406391326,0.266261226,0.193,0.0155
2025-06-09 07:00:00+02:00,0.01,0.002139522,0.363,0.0776646486,-0.353,0.399012262,0.258882162,0.06525,0.167
2025-06-09 08:00:00+02:00,0.007,0.0010771299,0.865,0.1331024805,-0.858,0.326319697,0.186189597,0.018,0.64775
2025-06-09 09:00:00+02:00,0.007,0.0010336788,1.349,0.1992046716,-1.342,0.31880886399999997,0.178678764,0.64725,1.1965
2025-06-09 10:00:00+02:00,0.0,0.0,1.703,0.2494804741,-1.703,0.317388687,0.177258587,0.0155,1.5170000000000001
2025-06-09 11:00:00+02:00,0.007,0.0010048808,1.741,0.2499282104,-1.7340000000000002,0.313830924,0.173700824,0.0065,2.3575
2025-06-09 12:00:00+02:00,0.365,0.0499108665,1.383,0.1891143243,-1.018,0.305588041,0.165457941,0.00025,3.3842499999999998
2025-06-09 13:00:00+02:00,0.09,0.011280951,1.483,0.1858850037,-1.393,0.291796219,0.15166611900000002,0.0005,4.2795000000000005
2025-06-09 14:00:00+02:00,0.043,0.0055349514,1.393,0.1793066814,-1.35,0.295881058,0.155750958,0.0505,4.247
2025-06-09 15:00:00+02:00,0.0,0.0,3.514,0.5012186872,-3.514,0.31271820800000005,0.172588108,0.028,3.53125
2025-06-09 16:00:00+02:00,0.006,0.0008798394,3.227,0.4732069573,-3.221,0.317564379,0.17743427899999997,0.0,3.668
2025-06-09 17:00:00+02:00,0.048,0.007213536,2.356,0.354064392,-2.308,0.32197132,0.18184122,0.57,2.29075
2025-06-09 18:00:00+02:00,0.007,0.0015914283,1.86,0.422865234,-1.8530000000000002,0.415219849,0.275089749,0.11,1.7770000000000001
2025-06-09 19:00:00+02:00,0.012,0.0033878064,0.587,0.1657201964,-0.575,0.481733912,0.34160381199999995,0.19325000000000003,1.1680000000000001
2025-06-09 20:00:00+02:00,0.092,0.0285324292,0.045,0.0139560795,0.047,0.5153935709999999,0.37526347099999996,0.33675,0.2495
2025-06-09 21:00:00+02:00,0.356,0.1157581348,0.0,0.0,0.356,0.533577693,0.393447593,0.43525,0.01175
2025-06-09 22:00:00+02:00,0.435,0.132661254,0.0,0.0,0.435,0.5091418639999999,0.36901176399999996,0.5995,0.0
2025-06-09 23:00:00+02:00,0.35,0.09239076,0.0,0.0,0.35,0.459538156,0.31940805599999994,0.5449999999999999,0.0
2025-06-10 00:00:00+02:00,0.344,0.0853292,0.0,0.0,0.344,0.44027059999999996,0.3001405,0.307,0.0
2025-06-10 01:00:00+02:00,0.348,0.0828432792,0.0,0.0,0.348,0.42817713399999996,0.288047034,0.3075,0.0
2025-06-10 02:00:00+02:00,0.339,0.0778704696,0.0,0.0,0.339,0.418074844,0.277944744,0.30825,0.0
2025-06-10 03:00:00+02:00,0.342,0.074384145,0.0,0.0,0.342,0.403302075,0.263171975,0.306,0.0
2025-06-10 04:00:00+02:00,0.342,0.0719881272,0.0,0.0,0.342,0.39482493599999996,0.254694836,0.31074999999999997,0.0
2025-06-10 05:00:00+02:00,0.369,0.0795109392,0.0,0.0,0.369,0.400857028,0.26072692799999997,0.7567499999999999,0.0
2025-06-10 06:00:00+02:00,0.078,0.017908605,0.023,0.0052807425,0.055,0.41794307499999994,0.277812975,1.008,0.01725
2025-06-10 07:00:00+02:00,0.02,0.004894692,0.108,0.0264313368,-0.088,0.43625896599999997,0.296128866,0.07275000000000001,0.1165
2025-06-10 08:00:00+02:00,0.019,0.0046448996,0.225,0.05500539,-0.20600000000000002,0.435936864,0.295806764,0.026250000000000002,0.55025
2025-06-10 09:00:00+02:00,0.029,0.0065663917,0.169,0.0382662137,-0.14,0.41410713299999996,0.273977033,0.009500000000000001,0.88975
2025-06-10 10:00:00+02:00,0.154,0.0267006586,0.233,0.0403977497,-0.07900000000000001,0.349920989,0.209790889,0.605,1.376
2025-06-10 11:00:00+02:00,0.599,0.0984554736,0.086,0.0141355104,0.513,0.339013444,0.198883344,1.029,2.124
2025-06-10 12:00:00+02:00,4.762,0.7037731228,0.0,0.0,4.762,0.31895527399999996,0.17882517399999998,0.3085,3.0
2025-06-10 13:00:00+02:00,0.009,0.0013840101,0.834,0.1282516026,-0.825,0.326202569,0.186072469,0.92225,3.4000000000000004
2025-06-10 14:00:00+02:00,9.7,1.49106848,0.004,0.0006148736,9.696,0.326129364,0.185999264,0.001,3.60325
2025-06-10 15:00:00+02:00,0.031,0.0046148553,1.554,0.2313382302,-1.5230000000000001,0.32025832299999996,0.180128223,0.00125,3.3895
2025-06-10 16:00:00+02:00,0.005,0.000798842,2.574,0.4112438616,-2.569,0.333449864,0.193319764,0.005,2.32525
2025-06-10 17:00:00+02:00,0.042,0.009233994,1.968,0.432678576,-1.926,0.40615706999999995,0.26602697,0.5005,1.256
2025-06-10 18:00:00+02:00,0.004,0.0010126248,2.199,0.5566904838,-2.195,0.446449102,0.306319002,0.19749999999999998,1.2537500000000001
2025-06-10 19:00:00+02:00,0.012,0.0032593044,1.813,0.4924265731,-1.801,0.468776627,0.32864652699999997,0.536,0.53425
2025-06-10 20:00:00+02:00,0.037,0.0105375149,0.53,0.150942781,-0.49300000000000005,0.484735317,0.34460521699999996,0.713,0.16349999999999998
2025-06-10 21:00:00+02:00,0.146,0.0433417644,0.031,0.0092027034,0.11499999999999999,0.499332394,0.359202294,2.3965,0.0
2025-06-10 22:00:00+02:00,0.253,0.0720660633,0.0,0.0,0.253,0.4847938809999999,0.344663781,0.44699999999999995,0.0
2025-06-10 23:00:00+02:00,0.153,0.0420226587,0.0,0.0,0.153,0.47246615899999994,0.332336059,0.34750000000000003,0.0
2025-06-11 00:00:00+02:00,0.141,0.0403236735,0.0,0.0,0.141,0.486170135,0.34604003499999997,0.31725000000000003,0.0
2025-06-11 01:00:00+02:00,0.138,0.0357403992,0.0,0.0,0.138,0.45350606399999993,0.313375964,0.40325,0.0
2025-06-11 02:00:00+02:00,0.152,0.0378488968,0.0,0.0,0.152,0.44142723899999997,0.301297139,0.4525,0.0
2025-06-11 03:00:00+02:00,0.158,0.0414937072,0.0,0.0,0.158,0.457898364,0.31776826399999997,0.38775000000000004,0.0
2025-06-11 04:00:00+02:00,0.155,0.039017902,0.0,0.0,0.155,0.44472146400000007,0.30459136400000003,0.30774999999999997,0.0
2025-06-11 05:00:00+02:00,0.136,0.0348933024,0.0,0.0,0.136,0.450577864,0.31044776399999996,1.152,0.0
2025-06-11 06:00:00+02:00,0.014,0.0039678562,0.101,0.0286252483,-0.08700000000000001,0.48306624299999995,0.342936143,0.857,0.0
2025-06-11 07:00:00+02:00,0.039,0.0114313056,0.408,0.1195890432,-0.369,0.49479368399999996,0.354663584,1.5865,0.09949999999999999
2025-06-11 08:00:00+02:00,0.024,0.0064480416,0.827,0.2221887668,-0.8029999999999999,0.465218864,0.325088764,1.6885000000000001,0.2255
2025-06-11 09:00:00+02:00,0.004,0.0010039612,1.42,0.356406226,-1.416,0.44382836299999995,0.30369826299999997,1.904,0.7144999999999999
2025-06-11 10:00:00+02:00,0.008,0.001490236,0.822,0.153121749,-0.814,0.365528295,0.22539819499999997,2.4005,1.057
2025-06-11 11:00:00+02:00,0.0,0.0,2.682,0.3999409128,-2.682,0.320565784,0.18043568399999999,0.5107499999999999,1.642
2025-06-11 12:00:00+02:00,0.0,0.0,3.936,0.5802703104,-3.936,0.31851604400000005,0.17838594400000002,0.96775,2.5515
2025-06-11 13:00:00+02:00,0.007,0.001028258,4.037,0.593011078,-4.03,0.31787183999999996,0.17774173999999998,1.8920000000000001,2.76075
2025-06-11 14:00:00+02:00,0.0,0.0,4.504,0.6487489536,-4.504,0.31441656399999995,0.174286464,1.60525,2.5895
2025-06-11 15:00:00+02:00,0.0,0.0,4.175,0.6084832875,-4.175,0.316480945,0.176350845,1.81325,2.6617499999999996
2025-06-11 16:00:00+02:00,0.0,0.0,3.923,0.5887967932,-3.923,0.32173706399999996,0.181606964,1.61175,2.56975
2025-06-11 17:00:00+02:00,0.0,0.0,3.405,0.766658904,-3.405,0.412569828,0.272439728,1.56575,1.96725
2025-06-11 18:00:00+02:00,0.001,0.0002683054,2.641,0.7085945614,-2.64,0.464779634,0.324649534,1.04475,1.142
2025-06-11 19:00:00+02:00,0.006,0.0018321336,1.574,0.4806297144,-1.568,0.509610376,0.369480276,0.122,1.06375
2025-06-11 20:00:00+02:00,0.01,0.003998082,0.493,0.1971054426,-0.483,0.623898022,0.48376792199999996,0.064,0.36625
2025-06-11 21:00:00+02:00,0.292,0.1067167728,0.0,0.0,0.292,0.582346864,0.44221676400000004,0.32325000000000004,0.0
2025-06-11 22:00:00+02:00,0.383,0.1118627334,0.0,0.0,0.383,0.493534558,0.353404458,0.348,0.0
2025-06-11 23:00:00+02:00,0.362,0.0958037344,0.0,0.0,0.362,0.4603580519999999,0.320227952,0.259,0.0
2025-06-12 00:00:00+02:00,0.38,0.098861598,0.0,0.0,0.38,0.454926241,0.314796141,0.253,0.0
2025-06-12 01:00:00+02:00,0.447,0.113095917,0.0,0.0,0.447,0.4462734099999999,0.30614330999999995,0.25225,0.0
2025-06-12 02:00:00+02:00,0.446,0.1090329064,0.0,0.0,0.446,0.435936864,0.295806764,0.25175000000000003,0.0
2025-06-12 03:00:00+02:00,0.422,0.1031656648,0.0,0.0,0.422,0.435936864,0.295806764,0.25925,0.0
2025-06-12 04:00:00+02:00,1.085,0.2683596685,0.0,0.0,1.085,0.439406781,0.299276681,0.28175,0.0
2025-06-12 05:00:00+02:00,0.753,0.190790622,0.0,0.0,0.753,0.44671263999999994,0.30658253999999996,0.30525,0.0
2025-06-12 06:00:00+02:00,0.138,0.0380330346,0.001,0.0002756017,0.137,0.47360815700000003,0.333478057,0.1595,0.003
2025-06-12 07:00:00+02:00,0.036,0.0096163056,0.086,0.0229722856,-0.049999999999999996,0.46334481599999994,0.323214716,0.08225,0.123
2025-06-12 08:00:00+02:00,0.019,0.0046203003,0.806,0.1959980022,-0.787,0.434370277,0.294240177,0.12700000000000003,0.427
2025-06-12 09:00:00+02:00,0.008,0.0015306984,1.41,0.269785593,-1.402,0.371648233,0.231518133,1.2875,0.98575
2025-06-12 10:00:00+02:00,0.002,0.0002953368,1.734,0.2560570056,-1.732,0.31880886399999997,0.178678764,1.7934999999999999,1.121
2025-06-12 11:00:00+02:00,0.001,0.0001452484,2.355,0.342059982,-2.354,0.31588066400000003,0.175750564,0.046000000000000006,1.7534999999999998
2025-06-12 12:00:00+02:00,4.967,0.6273311066,1.371,0.1731570258,3.5959999999999996,0.292952858,0.15282275799999998,0.04525,2.002
2025-06-12 13:00:00+02:00,3.621,0.3990588228,1.776,0.1957272768,1.845,0.273480328,0.133350228,0.11475,1.87775
2025-06-12 14:00:00+02:00,3.448,0.37861626,2.372,0.26046339,1.076,0.272997175,0.132867075,0.291,2.05375
2025-06-12 15:00:00+02:00,0.055,0.007190062,3.864,0.5051345376,-3.8089999999999997,0.29831146399999997,0.158181364,0.04225,2.35825
2025-06-12 16:00:00+02:00,0.0,0.0,3.489,0.5034787494,-3.489,0.31473866599999994,0.174608566,0.11925,2.1665
2025-06-12 17:00:00+02:00,0.044,0.0072906856,2.44,0.404301656,-2.396,0.34062395399999995,0.200493854,0.3465,1.931
2025-06-12 18:00:00+02:00,0.011,0.00268862,1.409,0.34438778,-1.3980000000000001,0.4358783,0.2957482,0.2315,1.61925
2025-06-12 19:00:00+02:00,0.01,0.002836603,0.403,0.1143151009,-0.393,0.4833590629999999,0.34322896299999994,0.27675,0.621
2025-06-12 20:00:00+02:00,0.433,0.1330991772,0.226,0.0694697784,0.207,0.512070064,0.371939964,0.20224999999999999,0.272
2025-06-12 21:00:00+02:00,0.497,0.1415444569,0.0,0.0,0.497,0.484735317,0.34460521699999996,0.30525,0.0015
2025-06-12 22:00:00+02:00,0.403,0.1111698874,0.0,0.0,0.403,0.4739156179999999,0.33378551799999995,0.41300000000000003,0.0
2025-06-12 23:00:00+02:00,0.346,0.0908241004,0.0,0.0,0.346,0.45775195399999996,0.317621854,0.45599999999999996,0.0
2025-06-13 00:00:00+02:00,0.351,0.0890829225,0.0,0.0,0.351,0.44722507499999997,0.307094975,0.33825,0.0
2025-06-13 01:00:00+02:00,0.336,0.0849873024,0.0,0.0,0.336,0.446185564,0.306055464,0.19875,0.0
2025-06-13 02:00:00+02:00,0.352,0.0902694848,0.0,0.0,0.352,0.45043145399999995,0.310301354,0.2,0.0
2025-06-13 03:00:00+02:00,0.35,0.09022244,0.0,0.0,0.35,0.452041964,0.31191186400000004,0.20175,0.0
2025-06-13 04:00:00+02:00,0.345,0.091663671,0.0,0.0,0.345,0.46161717799999996,0.321487078,0.21600000000000003,0.0
2025-06-13 05:00:00+02:00,0.331,0.0889292404,0.0,0.0,0.331,0.465218864,0.325088764,0.44525,0.0
2025-06-13 06:00:00+02:00,0.179,0.0500951011,0.0,0.0,0.179,0.47876178900000005,0.338631689,0.42524999999999996,0.017
2025-06-13 07:00:00+02:00,0.021,0.0061908924,0.075,0.02211033,-0.05399999999999999,0.49684342400000003,0.356713324,0.14700000000000002,0.12125
2025-06-13 08:00:00+02:00,0.032,0.0091781888,0.636,0.1824165024,-0.604,0.487180364,0.34705026399999994,0.07425,0.45425000000000004
2025-06-13 09:00:00+02:00,0.011,0.0026891524,1.243,0.3038742212,-1.2320000000000002,0.435936864,0.295806764,0.015,1.15875
2025-06-13 10:00:00+02:00,0.012,0.0021059808,1.631,0.2862378904,-1.619,0.352483164,0.21235306399999998,0.11975,1.08975
2025-06-13 11:00:00+02:00,0.015,0.0022275495,1.901,0.2823047733,-1.8860000000000001,0.31981909299999994,0.179688993,0.029,2.3375
2025-06-13 12:00:00+02:00,0.038,0.0056077208,2.31,0.340890396,-2.2720000000000002,0.318691736,0.178561636,0.00125,3.20975
2025-06-13 13:00:00+02:00,8.057,1.1869370975,0.051,0.0075131925,8.006,0.31838427499999994,0.178254175,0.054,3.173
2025-06-13 14:00:00+02:00,3.478,0.5074885442,1.537,0.2242696643,1.9410000000000003,0.316685919,0.176555819,0.02075,3.5135
2025-06-13 15:00:00+02:00,0.013,0.0018979818,2.295,0.335066787,-2.282,0.31678840599999997,0.17665830600000001,0.019,2.5195
2025-06-13 16:00:00+02:00,0.068,0.0101261996,1.364,0.2031196508,-1.296,0.32031688700000005,0.18018678700000001,0.00875,2.301
2025-06-13 17:00:00+02:00,0.356,0.0822493144,1.331,0.3075107794,-0.975,0.419685354,0.279555254,0.6667500000000001,1.4237500000000003
2025-06-13 18:00:00+02:00,0.245,0.064341508,1.25,0.328273,-1.005,0.457898364,0.31776826399999997,3.93025,1.1155
2025-06-13 19:00:00+02:00,0.018,0.0053236854,1.288,0.3809392664,-1.27,0.49800006299999994,0.35786996299999996,0.11325,0.6099999999999999
2025-06-13 20:00:00+02:00,0.052,0.0154179168,0.488,0.1446912192,-0.436,0.498893164,0.35876306399999996,0.059500000000000004,0.19875
2025-06-13 21:00:00+02:00,0.706,0.2076193504,0.0,0.0,0.706,0.495964964,0.35583486400000003,0.23274999999999998,0.00075
2025-06-13 22:00:00+02:00,0.613,0.1710726072,0.0,0.0,0.613,0.477810124,0.33768002399999997,0.4185,0.0
2025-06-13 23:00:00+02:00,1.058,0.2764420692,0.0,0.0,1.058,0.456287854,0.316157754,0.6932499999999999,0.0
2025-06-14 00:00:00+02:00,0.827,0.2181860868,0.0,0.0,0.827,0.459362464,0.319232364,0.3575,0.0
2025-06-14 01:00:00+02:00,0.551,0.1337020234,0.0,0.0,0.551,0.43374071399999997,0.293610614,0.485,0.0
2025-06-14 02:00:00+02:00,0.393,0.1013544642,0.0,0.0,0.393,0.45218837399999995,0.31205827399999997,0.2215,0.0
2025-06-14 03:00:00+02:00,0.382,0.094870655,0.0,0.0,0.382,0.440636625,0.30050652499999997,0.20625000000000002,0.0
2025-06-14 04:00:00+02:00,0.391,0.1031569044,0.0,0.0,0.391,0.459362464,0.319232364,0.20775000000000002,0.0
2025-06-14 05:00:00+02:00,0.367,0.0974911278,0.0,0.0,0.367,0.4615586139999999,0.32142851399999994,0.18975,0.0
2025-06-14 06:00:00+02:00,0.232,0.0578395488,0.0,0.0,0.232,0.441793264,0.301663164,0.27925,0.01675
2025-06-14 07:00:00+02:00,0.08,0.020127624,0.236,0.0593764908,-0.15599999999999997,0.44456041300000004,0.304430313,0.125,0.17
2025-06-14 08:00:00+02:00,0.137,0.0242090508,0.482,0.0851734488,-0.345,0.35394726399999993,0.21381716399999998,1.49525,0.44675
2025-06-14 09:00:00+02:00,0.079,0.0116658036,0.449,0.0663031116,-0.37,0.31880886399999997,0.178678764,1.3742500000000002,0.6775
2025-06-14 10:00:00+02:00,0.719,0.1054688877,0.356,0.0522210348,0.363,0.31762294299999994,0.17749284299999998,2.21275,1.02
2025-06-14 11:00:00+02:00,0.141,0.0199699005,1.111,0.1573514855,-0.97,0.31150300499999994,0.171372905,2.53875,1.48075
2025-06-14 12:00:00+02:00,0.033,0.0042916764,1.099,0.1429258292,-1.066,0.297491568,0.15736146799999998,1.6407500000000002,2.2035
2025-06-14 13:00:00+02:00,0.096,0.0119110464,0.58,0.071962572,-0.484,0.290258914,0.150128814,0.0052499999999999995,2.52475
2025-06-14 14:00:00+02:00,0.051,0.0060272157,0.612,0.0723265884,-0.5609999999999999,0.283128747,0.142998647,0.00725,2.7112499999999997
2025-06-14 15:00:00+02:00,0.537,0.0749444718,0.246,0.0343321044,0.29100000000000004,0.30899939400000004,0.168869294,0.041999999999999996,2.9602500000000003
2025-06-14 16:00:00+02:00,0.36,0.052999452,0.322,0.0474050654,0.03799999999999998,0.318267147,0.17813704700000002,0.08825,2.3987499999999997
2025-06-14 17:00:00+02:00,0.013,0.002059057,1.448,0.229347272,-1.435,0.33178078999999994,0.19165068999999998,1.4125,1.52175
2025-06-14 18:00:00+02:00,5.01,1.178654103,0.209,0.0491694027,4.801,0.424795063,0.284664963,0.2835,1.501
2025-06-14 19:00:00+02:00,0.421,0.1196400326,0.146,0.0414903676,0.275,0.483988626,0.343858526,0.07775,0.4125
2025-06-14 20:00:00+02:00,0.948,0.2796695748,0.0,0.0,0.948,0.497092321,0.35696222099999997,0.36425,0.02975
2025-06-14 21:00:00+02:00,0.784,0.2360595776,0.0,0.0,0.784,0.504456744,0.364326644,0.9125,0.0
2025-06-14 22:00:00+02:00,0.537,0.1573353078,0.0,0.0,0.537,0.494647274,0.354517174,0.6965,0.0
2025-06-14 23:00:00+02:00,0.414,0.116844255,0.0,0.0,0.414,0.48163142499999995,0.34150132499999997,0.391,0.0
2025-06-15 00:00:00+02:00,0.397,0.1052682818,0.0,0.0,0.397,0.460972974,0.320842874,1.37,0.0
2025-06-15 01:00:00+02:00,0.404,0.1082487296,0.0,0.0,0.404,0.464340404,0.324210304,2.3954999999999997,0.0
2025-06-15 02:00:00+02:00,0.395,0.103782063,0.0,0.0,0.395,0.45804477400000004,0.317914674,0.28900000000000003,0.0
2025-06-15 03:00:00+02:00,0.401,0.105242049,0.0,0.0,0.401,0.45769339,0.31756329,0.25225,0.0
2025-06-15 04:00:00+02:00,0.638,0.1670487522,0.0,0.0,0.638,0.45694669899999996,0.316816599,0.2555,0.0
2025-06-15 05:00:00+02:00,1.221,0.3197410722,0.0,0.0,1.221,0.45699062199999996,0.316860522,0.35800000000000004,0.0
2025-06-15 06:00:00+02:00,0.306,0.0781766964,0.0,0.0,0.306,0.44926017399999996,0.30913007400000003,0.36125,0.00175
2025-06-15 07:00:00+02:00,0.293,0.0691475312,0.0,0.0,0.293,0.42568816400000004,0.285558064,0.18325,0.085
2025-06-15 08:00:00+02:00,0.468,0.099608652,0.178,0.037885342,0.29000000000000004,0.39766528999999995,0.25753518999999997,0.9605,0.35124999999999995
2025-06-15 09:00:00+02:00,0.025,0.0038595975,1.146,0.1769239494,-1.121,0.326934619,0.18680451899999997,0.0175,0.87725
2025-06-15 10:00:00+02:00,0.006,0.0008860104,1.523,0.2248989732,-1.517,0.31880886399999997,0.178678764,0.017,1.2399999999999998
2025-06-15 11:00:00+02:00,0.055,0.008120431,1.642,0.2424317764,-1.587,0.31877958199999995,0.178649482,0.021,1.86125
2025-06-15 12:00:00+02:00,0.012,0.001754016,2.588,0.378282784,-2.576,0.31699338,0.17686327999999998,0.05825,2.1559999999999997
2025-06-15 13:00:00+02:00,0.012,0.0016902732,3.284,0.4625714324,-3.272,0.310565981,0.170435881,3.76975,1.6792500000000001
2025-06-15 14:00:00+02:00,0.009,0.0012745656,3.195,0.452470788,-3.186,0.311488364,0.171358264,4.06675,0.7977500000000001
2025-06-15 15:00:00+02:00,0.225,0.03268089,2.099,0.3048763916,-1.874,0.31588066400000003,0.175750564,4.99825,0.6184999999999999
2025-06-15 16:00:00+02:00,0.02,0.002953126,2.492,0.3679594996,-2.472,0.318794223,0.17866412299999998,2.3617500000000002,1.6205000000000003
2025-06-15 17:00:00+02:00,0.009,0.0018192834,2.706,0.5469978756,-2.697,0.384722646,0.244592546,0.28925,1.28025
2025-06-15 18:00:00+02:00,0.141,0.0356080131,1.557,0.3932033787,-1.416,0.44570241099999997,0.305572311,0.19574999999999998,1.27275
2025-06-15 19:00:00+02:00,0.023,0.0062205616,1.468,0.3970341056,-1.445,0.46738573199999994,0.327255632,0.20575,0.82825
2025-06-15 20:00:00+02:00,0.077,0.0230167168,0.42,0.125545728,-0.34299999999999997,0.501821364,0.36169126399999996,0.18275,0.32925
2025-06-15 21:00:00+02:00,0.312,0.0990461472,0.0,0.0,0.312,0.524251376,0.384121276,0.35150000000000003,0.0
2025-06-15 22:00:00+02:00,0.416,0.1296957376,0.0,0.0,0.416,0.517370106,0.377240006,0.32425,0.0
2025-06-15 23:00:00+02:00,0.41,0.113398538,0.0,0.0,0.41,0.47479407799999995,0.334663978,0.3035,0.0
2025-06-16 00:00:00+02:00,0.562,0.1626199828,0.0,0.0,0.562,0.490254974,0.350124874,0.293,0.0
2025-06-16 01:00:00+02:00,0.42,0.111717606,0.0,0.0,0.42,0.46198320299999995,0.32185310300000003,0.29925,0.0
2025-06-16 02:00:00+02:00,0.402,0.1068226962,0.0,0.0,0.402,0.46166110099999996,0.32153100100000004,0.2625,0.0
2025-06-16 03:00:00+02:00,0.833,0.2076738972,0.0,0.0,0.833,0.441793264,0.301663164,0.2585,0.0
2025-06-16 04:00:00+02:00,0.565,0.1403191625,0.0,0.0,0.565,0.440636625,0.30050652499999997,0.239,0.0
2025-06-16 05:00:00+02:00,0.364,0.0973724752,0.0,0.0,0.364,0.463813328,0.323683228,0.192,0.0
2025-06-16 06:00:00+02:00,0.21,0.060376701,0.0,0.0,0.21,0.488014901,0.34788480099999997,0.13575,0.03425
2025-06-16 07:00:00+02:00,0.055,0.016440512,0.059,0.0176361856,-0.003999999999999997,0.501821364,0.36169126399999996,0.03825,0.24825
2025-06-16 08:00:00+02:00,0.015,0.004379232,0.571,0.1667027648,-0.5559999999999999,0.49338814799999997,0.353258048,0.012750000000000001,0.69225
2025-06-16 09:00:00+02:00,0.005,0.001313334,1.405,0.369046854,-1.4000000000000001,0.45795692799999993,0.31782682799999995,0.647,1.16075
2025-06-16 10:00:00+02:00,0.003,0.0006503145,1.506,0.326457879,-1.5030000000000001,0.40242361499999996,0.262293515,0.01325,1.5045
2025-06-16 11:00:00+02:00,0.233,0.0383058291,1.334,0.2193132018,-1.101,0.33905736699999994,0.19892726700000002,0.00825,2.0735
2025-06-16 12:00:00+02:00,0.036,0.005407974,2.935,0.4409001025,-2.899,0.321898115,0.181768015,0.0915,2.79225
2025-06-16 13:00:00+02:00,0.002,0.0002972486,2.904,0.4316049672,-2.902,0.319965503,0.17983540299999998,0.023,3.52975
2025-06-16 14:00:00+02:00,0.018,0.0026732772,2.924,0.4342590296,-2.906,0.319833734,0.17970363399999997,0.06125,3.537
2025-06-16 15:00:00+02:00,0.0,0.0,3.993,0.5951961807,-3.993,0.320492579,0.180362479,0.028,3.36675
2025-06-16 16:00:00+02:00,0.0,0.0,3.999,0.6563818635,-3.999,0.33873526499999995,0.19860516499999997,0.0015,3.53775
2025-06-16 17:00:00+02:00,0.027,0.0062438904,2.757,0.6375705864,-2.73,0.41994889199999996,0.279818792,0.57775,2.26725
2025-06-16 18:00:00+02:00,0.023,0.0061431942,2.361,0.6306122394,-2.338,0.4633155339999999,0.323185434,0.10925,1.7132500000000002
2025-06-16 19:00:00+02:00,0.011,0.0031940007,1.699,0.4933279263,-1.6880000000000002,0.49147017699999995,0.351340077,0.14600000000000002,1.04375
2025-06-16 20:00:00+02:00,0.014,0.0052198916,0.749,0.2792642006,-0.735,0.591277874,0.451147774,0.215,0.22699999999999998
2025-06-16 21:00:00+02:00,0.136,0.0513493024,0.039,0.0147251676,0.097,0.5969878639999999,0.456857764,0.39399999999999996,0.01175
2025-06-16 22:00:00+02:00,0.306,0.0946791846,0.0,0.0,0.306,0.5145151109999999,0.374385011,0.5885,0.0
2025-06-16 23:00:00+02:00,0.245,0.069381158,0.0,0.0,0.245,0.48278806399999996,0.342657964,0.5362499999999999,0.0
2025-06-17 00:00:00+02:00,0.198,0.0546338232,0.0,0.0,0.198,0.47400346400000004,0.333873364,0.30074999999999996,0.0
2025-06-17 01:00:00+02:00,0.196,0.0530787796,0.0,0.0,0.196,0.46781032100000003,0.327680221,0.3025,0.0
2025-06-17 02:00:00+02:00,0.186,0.0493241496,0.0,0.0,0.186,0.46100225600000005,0.320872156,0.30125,0.0
2025-06-17 03:00:00+02:00,0.202,0.0532493412,0.0,0.0,0.202,0.45909892599999996,0.318968826,0.3005,0.0
2025-06-17 04:00:00+02:00,0.191,0.0506986007,0.0,0.0,0.191,0.46130971699999995,0.321179617,0.30325,0.0
2025-06-17 05:00:00+02:00,0.173,0.0472813671,0.0,0.0,0.173,0.47082636699999997,0.330696267,0.7582500000000001,0.0
2025-06-17 06:00:00+02:00,0.027,0.0079368498,0.031,0.0091126794,-0.004,0.49581855399999997,0.355688454,0.9670000000000001,0.023
2025-06-17 07:00:00+02:00,0.025,0.0069723225,0.163,0.0454595427,-0.138,0.47759050899999994,0.337460409,0.043750000000000004,0.13425
2025-06-17 08:00:00+02:00,0.025,0.00674696,0.758,0.2045678272,-0.733,0.46668296400000003,0.326552864,0.02625,0.43525
2025-06-17 09:00:00+02:00,0.013,0.0032806488,1.435,0.362133156,-1.4220000000000002,0.445482796,0.30535269600000003,0.01575,0.5495
2025-06-17 10:00:00+02:00,0.004,0.0006118728,1.814,0.2774843148,-1.81,0.32522162199999993,0.18509152199999998,0.643,0.9557500000000001
2025-06-17 11:00:00+02:00,0.0,0.0,2.717,0.4000315176,-2.717,0.318281788,0.178151688,1.17875,1.4187500000000002
2025-06-17 12:00:00+02:00,0.081,0.0119072349,2.393,0.3517779397,-2.312,0.318003609,0.17787350899999999,1.4989999999999999,2.02325
2025-06-17 13:00:00+02:00,8.47,1.225847007,0.0,0.0,8.47,0.315251101,0.175121001,0.9245,2.4375
2025-06-17 14:00:00+02:00,6.062,0.875067886,0.452,0.065247556,5.61,0.31479723000000004,0.17466713,2.4259999999999997,2.5069999999999997
2025-06-17 15:00:00+02:00,0.0,0.0,3.575,0.5208635575,-3.575,0.3164223809999999,0.176292281,0.009000000000000001,2.6845
2025-06-17 16:00:00+02:00,0.013,0.0020769892,2.015,0.321933326,-2.0020000000000002,0.333449864,0.193319764,0.00625,2.0155
2025-06-17 17:00:00+02:00,0.45,0.11006523,0.8,0.19567152,-0.35000000000000003,0.436083274,0.295953174,0.5105,0.996
2025-06-17 18:00:00+02:00,0.052,0.0142853568,1.231,0.3381783504,-1.179,0.47253936399999996,0.332409264,0.175,1.22775
2025-06-17 19:00:00+02:00,0.018,0.0054458712,1.041,0.3149528844,-1.023,0.506213664,0.366083564,0.44175,0.905
2025-06-17 20:00:00+02:00,0.017,0.0073977948,0.717,0.3120128748,-0.7,0.6666790239999999,0.526548924,0.70425,0.236
2025-06-17 21:00:00+02:00,0.313,0.1354830829,0.014,0.0060599462,0.299,0.663882593,0.5237524929999999,2.31525,0.00775
2025-06-17 22:00:00+02:00,0.499,0.1584526097,0.0,0.0,0.499,0.524353863,0.384223763,0.38999999999999996,0.0
2025-06-17 23:00:00+02:00,0.488,0.1409003376,0.0,0.0,0.488,0.489493642,0.34936354199999997,0.29225,0.0
2025-06-18 00:00:00+02:00,0.407,0.1157501488,0.0,0.0,0.407,0.484252164,0.344122064,0.262,0.0
2025-06-18 01:00:00+02:00,0.391,0.1083989632,0.0,0.0,0.391,0.475584692,0.335454592,0.3495,0.0
2025-06-18 02:00:00+02:00,0.407,0.1101409155,0.0,0.0,0.407,0.467576065,0.32744596499999995,0.4019999999999999,0.0
2025-06-18 03:00:00+02:00,0.396,0.1046389608,0.0,0.0,0.396,0.45986025799999997,0.31973015800000004,0.3385,0.0
2025-06-18 04:00:00+02:00,0.402,0.1067059554,0.0,0.0,0.402,0.46130971699999995,0.321179617,0.255,0.0
2025-06-18 05:00:00+02:00,0.354,0.0970061598,0.0,0.0,0.354,0.47170482699999994,0.331574727,1.099,0.0
2025-06-18 06:00:00+02:00,0.15,0.042686985,0.002,0.0005691598,0.148,0.48447177899999994,0.344341679,0.792,0.02525
2025-06-18 07:00:00+02:00,0.041,0.0117903126,0.078,0.0224303508,-0.037,0.488088106,0.347958006,1.55425,0.1905
2025-06-18 08:00:00+02:00,0.126,0.0361848564,0.544,0.1562266816,-0.41800000000000004,0.487619594,0.34748949399999995,1.687,0.303
2025-06-18 09:00:00+02:00,0.059,0.0151118352,0.926,0.2371789728,-0.867,0.45005078800000003,0.309920688,1.90325,0.72025
2025-06-18 10:00:00+02:00,0.239,0.0415913058,0.582,0.1012809204,-0.34299999999999997,0.35069696199999995,0.21056686199999997,2.402,0.812
2025-06-18 11:00:00+02:00,0.036,0.0053670276,1.454,0.2167682814,-1.418,0.320521861,0.18039176099999998,0.5107499999999999,1.5999999999999999
2025-06-18 12:00:00+02:00,0.004,0.0005900444,2.709,0.3996075699,-2.705,0.318618531,0.178488431,0.96775,2.55625
2025-06-18 13:00:00+02:00,0.0,0.0,3.889,0.5720236764,-3.889,0.318106096,0.177975996,1.89375,2.7169999999999996
2025-06-18 14:00:00+02:00,0.0,0.0,4.301,0.62970941,-4.301,0.3172862,0.1771561,1.60525,2.5654999999999997
2025-06-18 15:00:00+02:00,0.0,0.0,3.998,0.5889269892,-3.998,0.318369634,0.178239534,1.81325,2.5865
2025-06-18 16:00:00+02:00,0.386,0.0580368756,3.209,0.4824879114,-2.823,0.32205916599999995,0.181929066,1.61175,2.5985
2025-06-18 17:00:00+02:00,8.675,2.04854573,0.0,0.0,8.675,0.425863856,0.285733756,1.565,2.0222499999999997
2025-06-18 18:00:00+02:00,0.025,0.006879455,2.382,0.6554744724,-2.357,0.473095722,0.33296562199999996,1.03475,1.3917500000000003
2025-06-18 19:00:00+02:00,0.013,0.0037583689,1.657,0.4790474821,-1.6440000000000001,0.48994751299999995,0.349817413,0.11574999999999999,1.2365000000000002
2025-06-18 20:00:00+02:00,0.016,0.0051000048,0.676,0.2154752028,-0.66,0.5258179629999999,0.38568786299999996,0.058750000000000004,0.40025
2025-06-18 21:00:00+02:00,0.213,0.0766385928,0.025,0.00899514,0.188,0.575494876,0.435364776,0.3345,0.0
2025-06-18 22:00:00+02:00,0.501,0.1564688631,0.0,0.0,0.501,0.5180289509999999,0.377898851,0.3765,0.0
2025-06-18 23:00:00+02:00,0.645,0.188900118,0.0,0.0,0.645,0.494500864,0.35437076399999995,0.30975,0.0
2025-06-19 00:00:00+02:00,1.129,0.3194328247,0.0,0.0,1.129,0.48248060300000006,0.34235050300000003,0.3105,0.0
2025-06-19 01:00:00+02:00,1.3,0.36355176,0.0,0.0,1.3,0.4785128919999999,0.338382792,0.32625,0.0
2025-06-19 02:00:00+02:00,0.508,0.1410321792,0.0,0.0,0.508,0.476053204,0.335923104,0.3255,0.0
2025-06-19 03:00:00+02:00,0.457,0.1251426407,0.0,0.0,0.457,0.47147057099999995,0.33134047099999997,0.32475,0.0
2025-06-19 04:00:00+02:00,0.463,0.1267632421,0.0,0.0,0.463,0.471412007,0.331281907,0.5165,0.0
2025-06-19 05:00:00+02:00,0.44,0.122260336,0.0,0.0,0.44,0.476346024,0.336215924,0.45025,0.0
2025-06-19 06:00:00+02:00,0.887,0.2435678938,0.0,0.0,0.887,0.4723929539999999,0.332262854,0.16749999999999998,0.0032500000000000003
2025-06-19 07:00:00+02:00,2.436,0.6558615756,0.048,0.0129233808,2.388,0.46590699099999994,0.325776891,0.07275000000000001,0.11624999999999999
2025-06-19 08:00:00+02:00,0.021,0.005376756,0.748,0.191514928,-0.727,0.44993366,0.30980356,0.11875000000000002,0.5105
2025-06-19 09:00:00+02:00,0.007,0.0011162613,0.862,0.1374596058,-0.855,0.333083839,0.19295373899999999,1.2855,0.9904999999999999
2025-06-19 10:00:00+02:00,0.507,0.0745120662,1.369,0.2011972754,-0.862,0.317959686,0.177829586,1.7774999999999999,1.14825
2025-06-19 11:00:00+02:00,0.005,0.000683771,1.468,0.2007551656,-1.463,0.305602682,0.16547258199999998,0.046250000000000006,1.60425
2025-06-19 12:00:00+02:00,0.003,0.0004211526,2.606,0.3658412252,-2.6029999999999998,0.309994982,0.16986488199999997,1.287,1.3627500000000001
2025-06-19 13:00:00+02:00,0.0,0.0,2.917,0.4093242329,-2.917,0.309921777,0.169791677,1.02,1.2497500000000001
2025-06-19 14:00:00+02:00,0.376,0.053207572,2.64,0.37358508,-2.2640000000000002,0.311356595,0.171226495,1.15275,1.646
2025-06-19 15:00:00+02:00,0.0,0.0,4.111,0.568066202,-4.111,0.30733032,0.16720021999999998,0.05325,2.83975
2025-06-19 16:00:00+02:00,0.002,0.0002877864,3.094,0.4452055608,-3.092,0.314240872,0.174110772,0.11925,2.0292499999999998
2025-06-19 17:00:00+02:00,0.176,0.0273930448,2.123,0.3304286029,-1.9470000000000003,0.328457283,0.188327183,0.057499999999999996,1.7732499999999998
2025-06-19 18:00:00+02:00,0.449,0.1121622205,1.864,0.465635588,-1.415,0.442393545,0.302263445,0.13275,1.496
2025-06-19 19:00:00+02:00,0.005,0.001456961,1.629,0.4746778938,-1.624,0.4927146619999999,0.352584562,0.24275,0.36425
2025-06-19 20:00:00+02:00,0.01,0.00318956,0.601,0.191692556,-0.591,0.5260668599999999,0.38593676,0.25425,0.2365
2025-06-19 21:00:00+02:00,0.89,0.289696869,0.007,0.0022785147,0.883,0.533987641,0.39385754100000003,0.31775,0.0015
2025-06-19 22:00:00+02:00,1.219,0.3729364716,0.0,0.0,1.219,0.5103131439999999,0.37018304399999996,0.37174999999999997,0.0
2025-06-19 23:00:00+02:00,0.673,0.1889571332,0.0,0.0,0.673,0.47985986399999997,0.33972976399999993,0.4415,0.0
2025-06-20 00:00:00+02:00,0.351,0.0981292455,0.0,0.0,0.351,0.47841040500000004,0.338280305,0.33499999999999996,0.0
2025-06-20 01:00:00+02:00,0.357,0.0978887217,0.0,0.0,0.357,0.47190980099999996,0.331779701,0.1945,0.0
2025-06-20 02:00:00+02:00,1.057,0.284698722,0.0,0.0,1.057,0.46603875999999994,0.32590865999999996,0.1995,0.0
2025-06-20 03:00:00+02:00,0.352,0.0962749568,0.0,0.0,0.352,0.47107526399999994,0.33094516399999996,0.198,0.0
2025-06-20 04:00:00+02:00,0.366,0.0981023472,0.0,0.0,0.366,0.464457532,0.32432743199999997,0.2165,0.0
2025-06-20 05:00:00+02:00,0.933,0.2608731444,0.0,0.0,0.933,0.478454328,0.33832422799999995,0.4225,0.0
2025-06-20 06:00:00+02:00,0.15,0.04409361,0.029,0.0085247646,0.121,0.49581855399999997,0.355688454,0.35350000000000004,0.017
2025-06-20 07:00:00+02:00,0.023,0.006698681,0.2,0.0582494,-0.17700000000000002,0.49253896999999996,0.35240887,0.056,0.14
2025-06-20 08:00:00+02:00,0.019,0.0053575896,0.873,0.2461671432,-0.854,0.48132396400000005,0.341193864,0.027250000000000003,0.5847499999999999
2025-06-20 09:00:00+02:00,0.498,0.1227636234,1.265,0.3118393245,-0.7669999999999999,0.43841119300000003,0.298281093,0.015,1.19125
2025-06-20 10:00:00+02:00,0.005,0.000868054,1.817,0.3154508236,-1.812,0.350199168,0.210069068,0.1215,1.01125
2025-06-20 11:00:00+02:00,0.051,0.0079007313,1.847,0.2861304061,-1.796,0.32757882299999996,0.187448723,0.0325,2.07575
2025-06-20 12:00:00+02:00,0.009,0.0013494888,2.834,0.4249390288,-2.825,0.321561372,0.181431272,0.01025,2.8907499999999997
2025-06-20 13:00:00+02:00,0.0,0.0,3.82,0.561735966,-3.82,0.31806217299999995,0.177932073,2.06825,2.1029999999999998
2025-06-20 14:00:00+02:00,0.0,0.0,4.438,0.6549227608,-4.438,0.318691736,0.178561636,0.89025,2.6799999999999997
2025-06-20 15:00:00+02:00,0.0,0.0,4.344,0.6455713968,-4.344,0.319950862,0.179820762,0.022,2.1704999999999997
2025-06-20 16:00:00+02:00,0.0,0.0,3.438,0.630860967,-3.438,0.36216086500000005,0.222030765,0.02425,2.1255
2025-06-20 17:00:00+02:00,0.001,0.0002538217,2.212,0.5614536004,-2.2110000000000003,0.447254357,0.30712425699999996,0.16425,1.6645
2025-06-20 18:00:00+02:00,0.013,0.0036693371,1.355,0.3824578285,-1.342,0.48166070699999997,0.34153060700000004,2.1537499999999996,1.404
2025-06-20 19:00:00+02:00,0.518,0.1613582432,0.006,0.0018690144,0.512,0.5170480040000001,0.376917904,0.1145,0.88425
2025-06-20 20:00:00+02:00,0.066,0.0253012452,0.102,0.0391019244,-0.03599999999999999,0.6039862619999999,0.46385616199999996,0.0645,0.3105
2025-06-20 21:00:00+02:00,0.29,0.105505103,0.0,0.0,0.29,0.580341047,0.44021094699999996,0.37424999999999997,0.00075
2025-06-20 22:00:00+02:00,0.677,0.2122387553,0.0,0.0,0.677,0.519463769,0.37933366900000004,0.52375,0.0
2025-06-20 23:00:00+02:00,0.567,0.1670031594,0.0,0.0,0.567,0.49652132199999993,0.35639122199999995,0.9099999999999999,0.0
2025-06-21 00:00:00+02:00,0.377,0.1097362552,0.0,0.0,0.377,0.492333996,0.35220389599999996,0.45524999999999993,0.0
2025-06-21 01:00:00+02:00,0.366,0.1029738072,0.0,0.0,0.366,0.48056263200000005,0.340432532,0.3185,0.0
2025-06-21 02:00:00+02:00,0.359,0.0999922341,0.0,0.0,0.359,0.47715127899999993,0.337021179,0.26125,0.0
2025-06-21 03:00:00+02:00,0.366,0.1011226524,0.0,0.0,0.366,0.47444269400000005,0.334312594,0.26075,0.0
2025-06-21 04:00:00+02:00,0.361,0.1013573924,0.0,0.0,0.361,0.47985986399999997,0.33972976399999993,0.264,0.0
2025-06-21 05:00:00+02:00,0.332,0.0911824056,0.0,0.0,0.332,0.472451518,0.332321418,0.24275000000000002,0.0
2025-06-21 06:00:00+02:00,0.153,0.0412451127,0.0,0.0,0.153,0.46631693899999993,0.32618683899999995,0.323,0.012750000000000001
2025-06-21 07:00:00+02:00,0.042,0.0108134796,0.048,0.0123582624,-0.005999999999999998,0.451661298,0.311531198,0.14200000000000002,0.16775
2025-06-21 08:00:00+02:00,0.004,0.0009581748,0.664,0.1590570168,-0.66,0.42997797699999996,0.289847877,1.5285,0.38349999999999995
2025-06-21 09:00:00+02:00,0.02,0.003519648,1.197,0.2106509328,-1.177,0.353068804,0.212938704,1.38575,0.5085
2025-06-21 10:00:00+02:00,0.192,0.0284661696,1.075,0.1593808975,-0.883,0.319526273,0.17939617300000002,2.39025,0.727
2025-06-21 11:00:00+02:00,0.001,0.0001452363,2.342,0.3401434146,-2.341,0.315866023,0.17573592300000002,2.574,1.04375
2025-06-21 12:00:00+02:00,0.001,0.0001326644,3.151,0.4180255244,-3.15,0.30065402399999996,0.16052392399999998,1.6490000000000002,1.50075
2025-06-21 13:00:00+02:00,0.0,0.0,3.692,0.4287733736,-3.692,0.28065441799999996,0.14052431799999998,0.029249999999999998,1.54275
2025-06-21 14:00:00+02:00,1.713,0.1953755298,3.009,0.3431902914,-1.2959999999999998,0.278136166,0.138006066,0.02,1.70925
2025-06-21 15:00:00+02:00,0.0,0.0,4.117,0.5930060928,-4.117,0.31441656399999995,0.174286464,0.17625000000000002,1.9077499999999998
2025-06-21 16:00:00+02:00,0.0,0.0,3.772,0.5574159756,-3.772,0.318940633,0.178810533,0.17825000000000002,1.4535
2025-06-21 17:00:00+02:00,0.002,0.0004410208,3.123,0.6886539792,-3.1210000000000004,0.4069476839999999,0.266817584,1.41575,0.9915
2025-06-21 18:00:00+02:00,0.0,0.0,2.515,0.6784094295,-2.515,0.46652191300000007,0.32639181300000003,1.5359999999999998,0.83425
2025-06-21 19:00:00+02:00,0.035,0.010584959,0.887,0.2682531038,-0.852,0.506067254,0.365937154,0.1725,0.24675
2025-06-21 20:00:00+02:00,0.048,0.0161915424,0.552,0.1862027376,-0.504,0.548291898,0.408161798,0.5035000000000001,0.02975
2025-06-21 21:00:00+02:00,0.821,0.2859928049,0.015,0.0052252035,0.8059999999999999,0.561629849,0.421499749,0.9764999999999999,0.0
2025-06-21 22:00:00+02:00,0.608,0.1935426944,0.0,0.0,0.608,0.525305528,0.385175428,0.72425,0.0
2025-06-21 23:00:00+02:00,0.394,0.1150659664,0.0,0.0,0.394,0.493505276,0.353375176,0.3745,0.0
2025-06-22 00:00:00+02:00,0.363,0.1005573162,0.0,0.0,0.363,0.475321154,0.33519105400000004,1.1455000000000002,0.0
2025-06-22 01:00:00+02:00,0.356,0.0961068636,0.0,0.0,0.356,0.46678545099999996,0.326655351,0.2615,0.0
2025-06-22 02:00:00+02:00,0.362,0.0968199408,0.0,0.0,0.362,0.46375476399999993,0.32362466399999995,0.26025,0.0
2025-06-22 03:00:00+02:00,0.361,0.0928745422,0.0,0.0,0.361,0.45142704199999995,0.311296942,0.26625,0.0
2025-06-22 04:00:00+02:00,0.36,0.091415016,0.0,0.0,0.36,0.44738612599999994,0.307256026,0.32575,0.0
2025-06-22 05:00:00+02:00,0.345,0.084374994,0.0,0.0,0.345,0.436053992,0.295923892,0.558,0.0
2025-06-22 06:00:00+02:00,0.153,0.035100648,0.0,0.0,0.153,0.41772346000000005,0.27759336,0.34199999999999997,0.00175
2025-06-22 07:00:00+02:00,0.035,0.006288128,0.07,0.012576256,-0.035,0.357519668,0.217389568,0.19824999999999998,0.085
2025-06-22 08:00:00+02:00,0.023,0.0033963732,0.666,0.0983471544,-0.643,0.31880886399999997,0.178678764,1.0732499999999998,0.269
2025-06-22 09:00:00+02:00,0.018,0.002656071,0.95,0.140181525,-0.9319999999999999,0.318677095,0.17854699500000001,0.022000000000000002,0.80675
2025-06-22 10:00:00+02:00,0.022,0.0029529566,1.462,0.1962373886,-1.44,0.30254271299999996,0.16241261299999998,0.006999999999999999,1.2757500000000002
2025-06-22 11:00:00+02:00,0.713,0.0891372636,0.608,0.0760104576,0.10499999999999998,0.29140091199999996,0.15127081199999998,0.029500000000000002,1.5667499999999999
2025-06-22 12:00:00+02:00,1.396,0.1960101264,0.0,0.0,1.396,0.31002426399999994,0.169894164,0.061250000000000006,1.88425
2025-06-22 13:00:00+02:00,0.212,0.0297537548,0.274,0.0384553246,-0.06200000000000003,0.309951059,0.169820959,3.7727500000000003,1.36925
2025-06-22 14:00:00+02:00,0.009,0.0012230559,1.08,0.146766708,-1.0710000000000002,0.304563171,0.164433071,2.43375,1.545
2025-06-22 15:00:00+02:00,0.0,0.0,3.576,0.4987254096,-3.576,0.308882266,0.16875216599999998,3.22575,1.14325
2025-06-22 16:00:00+02:00,0.235,0.032552388,1.793,0.2483677944,-1.5579999999999998,0.30774026799999993,0.167610168,2.19875,1.6672500000000001
2025-06-22 17:00:00+02:00,0.009,0.0013279266,2.06,0.303947644,-2.051,0.31866245399999993,0.17853235399999998,0.26675000000000004,1.5037500000000001
2025-06-22 18:00:00+02:00,0.016,0.0035122912,1.824,0.4004011968,-1.808,0.40574712199999996,0.265617022,0.1235,1.4145
2025-06-22 19:00:00+02:00,0.016,0.0043529024,0.438,0.1191607032,-0.422,0.46931834399999994,0.32918824399999996,0.189,0.96825
2025-06-22 20:00:00+02:00,0.035,0.0103253535,0.404,0.1191840804,-0.369,0.497092321,0.35696222099999997,0.08050000000000002,0.36724999999999997
2025-06-22 21:00:00+02:00,0.4,0.12294568,0.0,0.0,0.4,0.5120407819999999,0.37191068199999994,0.26125,0.0
2025-06-22 22:00:00+02:00,0.66,0.196687194,0.0,0.0,0.66,0.5007232890000001,0.36059318900000004,0.3225,0.0
2025-06-22 23:00:00+02:00,0.399,0.1079856393,0.0,0.0,0.399,0.467605347,0.327475247,0.3115,0.0
2025-06-23 00:00:00+02:00,0.367,0.0835118042,0.0,0.0,0.367,0.41546874599999994,0.27533864599999996,0.34275,0.0
2025-06-23 01:00:00+02:00,0.767,0.1671082842,0.0,0.0,0.767,0.403755946,0.263625846,0.31825,0.0
2025-06-23 02:00:00+02:00,0.515,0.1114254515,0.0,0.0,0.515,0.401925821,0.261795721,0.27325,0.0
2025-06-23 03:00:00+02:00,0.367,0.0794219195,0.0,0.0,0.367,0.40198438499999994,0.261854285,0.37699999999999995,0.0
2025-06-23 04:00:00+02:00,0.36,0.080864784,0.0,0.0,0.36,0.41192562400000005,0.271795524,0.293,0.0
2025-06-23 05:00:00+02:00,0.345,0.081745059,0.0,0.0,0.345,0.42683016199999996,0.286700062,0.19675,0.0
2025-06-23 06:00:00+02:00,0.221,0.0542253998,0.0,0.0,0.221,0.437020298,0.296890198,0.088,0.03425
2025-06-23 07:00:00+02:00,0.404,0.1005397228,0.005,0.0012443035,0.399,0.441251547,0.301121447,0.024499999999999997,0.25475000000000003
2025-06-23 08:00:00+02:00,0.686,0.1620609144,0.033,0.0077959332,0.653,0.42598098399999995,0.28585088399999997,0.011749999999999998,0.66625
2025-06-23 09:00:00+02:00,0.036,0.0061280208,0.69,0.117453732,-0.6539999999999999,0.34609968799999996,0.205969588,0.6455,1.1804999999999999
2025-06-23 10:00:00+02:00,0.013,0.0019277115,1.333,0.1976645715,-1.32,0.319555555,0.17942545499999998,0.01225,1.4455
2025-06-23 11:00:00+02:00,0.033,0.0046941708,1.947,0.2769560772,-1.9140000000000001,0.31224969599999997,0.17211959599999999,0.0665,1.77175
2025-06-23 12:00:00+02:00,0.008,0.0010855152,2.56,0.347364864,-2.552,0.304314274,0.164184174,0.10049999999999999,2.8307499999999997
2025-06-23 13:00:00+02:00,0.066,0.0081209634,3.121,0.3840231329,-3.055,0.28901442899999996,0.14888432899999998,0.0235,3.191
2025-06-23 14:00:00+02:00,0.998,0.1111456632,2.989,0.3328801476,-1.9909999999999999,0.274885864,0.134755764,0.06575,3.1025
2025-06-23 15:00:00+02:00,1.183,0.1278982705,2.886,0.312015561,-1.703,0.270947435,0.130817335,0.028,3.269
2025-06-23 16:00:00+02:00,3.932,0.4712045888,1.622,0.1943778848,2.3099999999999996,0.285134564,0.145004464,0.0015,3.53275
2025-06-23 17:00:00+02:00,2.433,0.3301323102,1.162,0.1576710828,1.271,0.304314274,0.164184174,0.57225,2.31
2025-06-23 18:00:00+02:00,0.021,0.0031973403,1.156,0.1760059708,-1.135,0.32435780300000006,0.184227703,0.11225,1.69575
2025-06-23 19:00:00+02:00,0.006,0.0012858186,1.319,0.2826657889,-1.313,0.399436851,0.259306751,0.14750000000000002,1.06575
2025-06-23 20:00:00+02:00,0.15,0.04030026,0.055,0.014776762,0.095,0.465218864,0.325088764,0.18425,0.312
2025-06-23 21:00:00+02:00,0.429,0.1209687336,0.0,0.0,0.429,0.48132396400000005,0.341193864,0.3085,0.0215
2025-06-23 22:00:00+02:00,0.481,0.1449437704,0.0,0.0,0.481,0.5047495639999999,0.364619464,0.5277499999999999,0.0
2025-06-23 23:00:00+02:00,0.384,0.1049668224,0.0,0.0,0.384,0.470884931,0.330754831,0.50225,0.0
2025-06-24 00:00:00+02:00,0.361,0.0894936328,0.0,0.0,0.361,0.440094908,0.299964808,0.2595,0.0
2025-06-24 01:00:00+02:00,0.366,0.0857864106,0.0,0.0,0.366,0.42374091099999994,0.28361081099999996,0.26025,0.0
2025-06-24 02:00:00+02:00,0.377,0.0853585304,0.0,0.0,0.377,0.414092492,0.273962392,0.258,0.0
2025-06-24 03:00:00+02:00,0.364,0.0845820976,0.0,0.0,0.364,0.42129586399999996,0.281165764,0.26025000000000004,0.0
2025-06-24 04:00:00+02:00,0.366,0.0835056816,0.0,0.0,0.366,0.416200796,0.276070696,0.261,0.0
2025-06-24 05:00:00+02:00,0.341,0.0794150467,0.0,0.0,0.341,0.421925427,0.281795327,0.71425,0.0
2025-06-24 06:00:00+02:00,0.153,0.0398973663,0.006,0.0015646026,0.147,0.455658291,0.31552819099999996,0.9267500000000001,0.028
2025-06-24 07:00:00+02:00,0.022,0.0056418428,0.243,0.0623167182,-0.221,0.45043145399999995,0.310301354,0.042499999999999996,0.1385
2025-06-24 08:00:00+02:00,0.387,0.097821603,0.062,0.015671678,0.325,0.44598058999999995,0.30585049000000003,0.0285,0.48849999999999993
2025-06-24 09:00:00+02:00,0.03,0.006579012,0.876,0.1921071504,-0.846,0.405483584,0.265353484,0.01625,0.8055
2025-06-24 10:00:00+02:00,0.009,0.0013290156,1.407,0.2077694388,-1.3980000000000001,0.31880886399999997,0.178678764,0.64325,0.95825
2025-06-24 11:00:00+02:00,0.508,0.0747696752,0.697,0.1025875268,-0.18899999999999995,0.31822322399999997,0.178093124,1.17875,1.3775
2025-06-24 12:00:00+02:00,0.025,0.00363121,1.747,0.2537489548,-1.7220000000000002,0.31588066400000003,0.175750564,1.519,1.7407499999999998
2025-06-24 13:00:00+02:00,0.011,0.0015886816,0.491,0.0709129696,-0.48,0.314885076,0.17475497599999998,3.0420000000000003,1.33
2025-06-24 14:00:00+02:00,0.01,0.001452242,0.478,0.0694171676,-0.46799999999999997,0.31585138199999996,0.17572128199999998,3.9415,1.4497499999999999
2025-06-24 15:00:00+02:00,4.41,0.640545444,0.153,0.0222230052,4.257000000000001,0.31588066400000003,0.175750564,0.009000000000000001,2.49725
2025-06-24 16:00:00+02:00,4.323,0.6363304695,0.045,0.0066238425,4.2780000000000005,0.318237865,0.178107765,0.0095,1.5290000000000001
2025-06-24 17:00:00+02:00,0.13,0.020253948,0.911,0.1419334356,-0.781,0.328647616,0.188517516,0.56725,0.75325
2025-06-24 18:00:00+02:00,0.066,0.0148882998,1.348,0.3040822444,-1.282,0.413082263,0.272952163,0.187,0.9187499999999998
2025-06-24 19:00:00+02:00,0.015,0.0040138725,1.657,0.4433991155,-1.6420000000000001,0.46391581499999995,0.323785715,0.41325,0.77125
2025-06-24 20:00:00+02:00,0.042,0.0125469498,0.397,0.1185985493,-0.35500000000000004,0.5016017490000001,0.361471649,0.40599999999999997,0.31249999999999994
2025-06-24 21:00:00+02:00,0.22,0.065360086,0.0,0.0,0.22,0.499610573,0.35948047299999997,0.3245,0.01125
2025-06-24 22:00:00+02:00,0.525,0.1531016025,0.0,0.0,0.525,0.49299284099999996,0.352862741,0.41025,0.0
2025-06-24 23:00:00+02:00,1.182,0.3164075706,0.0,0.0,1.182,0.4640329429999999,0.323902843,0.32375000000000004,0.0
2025-06-25 00:00:00+02:00,0.715,0.179639746,0.0,0.0,0.715,0.444135824,0.304005724,0.27225,0.0
2025-06-25 01:00:00+02:00,0.147,0.0359724288,0.0,0.0,0.147,0.43622968399999995,0.29609958399999997,0.3565,0.0
2025-06-25 02:00:00+02:00,0.154,0.0376854016,0.0,0.0,0.154,0.43622968399999995,0.29609958399999997,0.41774999999999995,0.0
2025-06-25 03:00:00+02:00,0.153,0.0379405422,0.0,0.0,0.153,0.44018275399999995,0.300052654,0.347,0.0
2025-06-25 04:00:00+02:00,0.154,0.0391388536,0.0,0.0,0.154,0.447649664,0.30751956399999997,0.265,0.0
2025-06-25 05:00:00+02:00,0.143,0.0379004912,0.0,0.0,0.143,0.46082656399999994,0.320696464,0.23675000000000002,0.0
2025-06-25 06:00:00+02:00,0.024,0.0067123056,0.039,0.0109074966,-0.015,0.478542174,0.338412074,0.11599999999999999,0.025750000000000002
2025-06-25 07:00:00+02:00,0.012,0.0035521728,0.21,0.062163024,-0.19799999999999998,0.49830752399999995,0.358177424,0.04000000000000001,0.21000000000000002
2025-06-25 08:00:00+02:00,0.009,0.0028100556,0.858,0.2678919672,-0.849,0.5179264640000001,0.377796364,0.1585,0.37925
2025-06-25 09:00:00+02:00,0.045,0.013413213,0.852,0.2539568328,-0.8069999999999999,0.5007964939999999,0.36066639399999995,0.0495,0.87
2025-06-25 10:00:00+02:00,0.066,0.0197286144,0.725,0.21671584,-0.659,0.501821364,0.36169126399999996,0.066,0.9575
2025-06-25 11:00:00+02:00,0.213,0.0493784907,0.837,0.1940366043,-0.624,0.420637019,0.28050691899999997,0.0165,1.5705
2025-06-25 12:00:00+02:00,1.723,0.3067618862,1.36,0.242133584,0.363,0.355557774,0.21542767399999999,0.942,2.34475
2025-06-25 13:00:00+02:00,1.65,0.252177915,1.357,0.2073972307,0.2929999999999999,0.32506057099999996,0.18493047099999999,1.8935,2.79975
2025-06-25 14:00:00+02:00,0.017,0.0026047791,2.477,0.3795316371,-2.46,0.325529083,0.185398983,1.60525,2.907
2025-06-25 15:00:00+02:00,0.003,0.0004752396,2.546,0.4033200072,-2.5429999999999997,0.331810072,0.191679972,1.688,2.85975
2025-06-25 16:00:00+02:00,0.0,0.0,3.755,0.6693103505,-3.755,0.355806671,0.21567657099999998,0.19975,3.2409999999999997
2025-06-25 17:00:00+02:00,2.958,0.7412839698,1.89,0.473639859,1.0680000000000003,0.443359851,0.303229751,3.3042500000000006,1.7824999999999998
2025-06-25 18:00:00+02:00,2.385,0.6589261305,1.007,0.2782132551,1.378,0.47442805299999996,0.334297953,0.9165,1.94375
2025-06-25 19:00:00+02:00,0.024,0.0074592144,1.053,0.3272730318,-1.029,0.5161988259999999,0.37606872599999996,0.10775,1.4765000000000001
2025-06-25 20:00:00+02:00,0.013,0.0050656892,0.539,0.2100312676,-0.526,0.6116288639999999,0.471498764,0.04875,0.4555
2025-06-25 21:00:00+02:00,0.326,0.1455794076,0.001,0.0004465626,0.325,0.680470846,0.5403407459999999,0.32425,0.00625
2025-06-25 22:00:00+02:00,0.454,0.1624178644,0.0,0.0,0.454,0.573005906,0.43287580600000003,0.41775000000000007,0.0
2025-06-25 23:00:00+02:00,0.619,0.1841167218,0.0,0.0,0.619,0.500035162,0.359905062,0.43025,0.0
2025-06-26 00:00:00+02:00,0.452,0.1323491708,0.0,0.0,0.452,0.49442765899999996,0.354297559,0.5529999999999999,0.0
2025-06-26 01:00:00+02:00,0.468,0.1293440148,0.0,0.0,0.468,0.474545181,0.334415081,0.61275,0.0
2025-06-26 02:00:00+02:00,0.455,0.1229653425,0.0,0.0,0.455,0.467136835,0.327006735,0.41125,0.0
2025-06-26 03:00:00+02:00,0.471,0.1237958502,0.0,0.0,0.471,0.45816190200000007,0.31803180200000003,0.39749999999999996,0.0
2025-06-26 04:00:00+02:00,0.459,0.1208861874,0.0,0.0,0.459,0.45880610600000005,0.318676006,0.59175,0.0
2025-06-26 05:00:00+02:00,1.541,0.4129551767,0.0,0.0,1.541,0.464384327,0.324254227,0.51875,0.0
2025-06-26 06:00:00+02:00,5.542,1.5970580912,0.0,0.0,5.542,0.488820156,0.34869005599999997,0.37224999999999997,0.00025
2025-06-26 07:00:00+02:00,0.162,0.0474819246,0.012,0.0035171796,0.15,0.494779043,0.35464894299999994,0.67575,0.07225000000000001
2025-06-26 08:00:00+02:00,0.203,0.0562075129,0.003,0.0008306529,0.2,0.47516010300000006,0.335030003,0.12025,0.46825000000000006
2025-06-26 09:00:00+02:00,0.059,0.0155444586,0.146,0.0384659484,-0.087,0.458923234,0.31879313400000003,1.2862500000000001,0.83975
2025-06-26 10:00:00+02:00,0.018,0.0046842246,0.266,0.0692224302,-0.24800000000000003,0.455014087,0.314883987,1.90275,1.0114999999999998
2025-06-26 11:00:00+02:00,0.02,0.004838306,1.08,0.261268524,-1.06,0.432847613,0.292717513,0.045750000000000006,1.3532499999999998
2025-06-26 12:00:00+02:00,0.017,0.0039461488,1.546,0.3588674144,-1.5290000000000001,0.42100304400000005,0.280872944,1.28675,1.2945
2025-06-26 13:00:00+02:00,0.156,0.0338673192,0.772,0.1675998104,-0.616,0.40281892199999997,0.262688822,1.018,1.32975
2025-06-26 14:00:00+02:00,0.303,0.062767056,1.28,0.26515456,-0.9770000000000001,0.39078401999999995,0.25065392,1.2447499999999998,1.3590000000000002
2025-06-26 15:00:00+02:00,0.558,0.1139501286,0.434,0.0886278778,0.12400000000000005,0.38722625699999996,0.24709615699999998,0.05325,2.956
2025-06-26 16:00:00+02:00,0.67,0.139472828,0.019,0.0039551996,0.651,0.392013864,0.251883764,0.11875,2.1795
2025-06-26 17:00:00+02:00,0.121,0.028066797,0.526,0.122009382,-0.405,0.42079806999999997,0.28066797,0.08675,1.8035
2025-06-26 18:00:00+02:00,0.007,0.0017768366,1.067,0.2708406646,-1.06,0.447268998,0.307138898,0.24425000000000002,1.5422500000000001
2025-06-26 19:00:00+02:00,0.01,0.002674584,0.709,0.1896280056,-0.699,0.46375476399999993,0.32362466399999995,0.05975,0.66625
2025-06-26 20:00:00+02:00,0.212,0.058717428,0.113,0.031297497,0.09899999999999999,0.47526259,0.33513249,0.167,0.33725
2025-06-26 21:00:00+02:00,0.462,0.127009344,0.0,0.0,0.462,0.47277362,0.33264351999999997,0.442,0.0032500000000000003
2025-06-26 22:00:00+02:00,0.443,0.1243267982,0.0,0.0,0.443,0.47971345399999993,0.339583354,0.5947500000000001,0.0
2025-06-26 23:00:00+02:00,0.365,0.097180666,0.0,0.0,0.365,0.462290664,0.322160564,0.5687500000000001,0.0
2025-06-27 00:00:00+02:00,0.359,0.0901142055,0.0,0.0,0.359,0.44385764499999997,0.30372754499999993,0.38475,0.0
2025-06-27 01:00:00+02:00,0.361,0.0922892168,0.0,0.0,0.361,0.449465148,0.309335048,0.24325000000000002,0.0
2025-06-27 02:00:00+02:00,0.352,0.0928888928,0.0,0.0,0.352,0.45943566899999994,0.31930556899999996,0.4215,0.0
2025-06-27 03:00:00+02:00,0.351,0.0900979794,0.0,0.0,0.351,0.45072427400000004,0.310594174,0.2455,0.0
2025-06-27 04:00:00+02:00,0.352,0.0874115616,0.0,0.0,0.352,0.44060734300000004,0.300477243,0.248,0.0
2025-06-27 05:00:00+02:00,0.317,0.0810406696,0.0,0.0,0.317,0.449465148,0.309335048,0.5297499999999999,0.0
2025-06-27 06:00:00+02:00,0.172,0.0473639496,0.0,0.0,0.172,0.47332997800000004,0.333199878,0.32675,0.02425
2025-06-27 07:00:00+02:00,0.054,0.0153705816,0.071,0.0202094684,-0.016999999999999994,0.48454498399999996,0.34441488400000003,0.020999999999999998,0.1835
2025-06-27 08:00:00+02:00,0.025,0.006949635,0.163,0.0453116202,-0.138,0.476492434,0.336362334,0.02,0.69275
2025-06-27 09:00:00+02:00,0.438,0.1168393908,0.03,0.008002698,0.40800000000000003,0.462905586,0.322775486,0.13375,1.18425
2025-06-27 10:00:00+02:00,0.076,0.0186945484,0.743,0.1827638087,-0.667,0.437766989,0.297636889,0.062,1.39275
2025-06-27 11:00:00+02:00,0.01,0.002292829,1.968,0.4512287472,-1.958,0.417562409,0.277432309,0.044,1.991
2025-06-27 12:00:00+02:00,0.004,0.0008546956,2.621,0.5600392919,-2.617,0.398675519,0.258545419,0.0125,2.8697500000000002
2025-06-27 13:00:00+02:00,0.008,0.0014552912,2.259,0.4109378526,-2.251,0.36024289400000004,0.220112794,2.044,2.43975
2025-06-27 14:00:00+02:00,0.08,0.012326512,1.853,0.2855128342,-1.773,0.326568594,0.186438494,0.88175,3.2742500000000003
2025-06-27 15:00:00+02:00,0.077,0.0124465803,1.89,0.305506971,-1.813,0.335719219,0.195589119,0.00625,2.9684999999999997
2025-06-27 16:00:00+02:00,0.0,0.0,3.694,0.6795792696,-3.694,0.362731864,0.222601764,0.018000000000000002,2.657
2025-06-27 17:00:00+02:00,0.044,0.0102604128,2.346,0.5470665552,-2.302,0.422291452,0.282161352,0.105,1.8895000000000002
2025-06-27 18:00:00+02:00,0.014,0.0036195698,1.631,0.4216798817,-1.617,0.45296434700000004,0.312834247,2.06125,1.238
2025-06-27 19:00:00+02:00,0.062,0.0172328442,1.224,0.3402096984,-1.162,0.476448511,0.336318411,0.14800000000000002,0.6275
2025-06-27 20:00:00+02:00,0.017,0.0050709164,0.974,0.2905336808,-0.957,0.5010600319999999,0.36092993199999995,0.04975,0.2735
2025-06-27 21:00:00+02:00,0.222,0.0690595158,0.1,0.03110789,0.122,0.516535569,0.376405469,0.38925,0.0
2025-06-27 22:00:00+02:00,0.279,0.082338201,0.0,0.0,0.279,0.49722408999999995,0.35709399000000003,0.60975,0.0
2025-06-27 23:00:00+02:00,0.172,0.0477968392,0.0,0.0,0.172,0.476375306,0.33624520599999996,0.9864999999999999,0.0
2025-06-28 00:00:00+02:00,0.147,0.0385746669,0.0,0.0,0.147,0.45764946700000003,0.317519367,0.505,0.0
2025-06-28 01:00:00+02:00,0.801,0.2038054788,0.0,0.0,0.801,0.44800104800000007,0.30787094800000003,0.37075,0.0
2025-06-28 02:00:00+02:00,1.141,0.2789108322,0.0,0.0,1.141,0.43590758199999996,0.295777482,0.3085,0.0
2025-06-28 03:00:00+02:00,0.154,0.036066107,0.0,0.0,0.154,0.42350665499999995,0.283376555,0.31074999999999997,0.0
2025-06-28 04:00:00+02:00,0.146,0.0335724664,0.0,0.0,0.146,0.41836766400000003,0.278237564,0.3115,0.0
2025-06-28 05:00:00+02:00,0.129,0.0302377548,0.0,0.0,0.129,0.423755552,0.283625452,0.28850000000000003,0.0
2025-06-28 06:00:00+02:00,0.023,0.0053088508,0.044,0.0101560624,-0.020999999999999998,0.41942181599999995,0.279291716,0.1545,0.012750000000000001
2025-06-28 07:00:00+02:00,0.016,0.0034729904,0.206,0.0447147514,-0.19,0.40277499899999997,0.262644899,0.035500000000000004,0.13824999999999998
2025-06-28 08:00:00+02:00,0.146,0.0264707344,0.779,0.1412376856,-0.633,0.359510844,0.219380744,1.41375,0.46149999999999997
2025-06-28 09:00:00+02:00,0.123,0.0185114754,0.906,0.1363528188,-0.783,0.32223485799999996,0.18210475799999998,1.3165,0.6715
2025-06-28 10:00:00+02:00,0.057,0.0084177885,1.372,0.202617646,-1.3150000000000002,0.31882350499999995,0.17869340499999997,2.40575,0.8365
2025-06-28 11:00:00+02:00,0.011,0.0016239531,1.041,0.1536850161,-1.03,0.318764941,0.178634841,2.57225,1.304
2025-06-28 12:00:00+02:00,0.006,0.0008818722,1.262,0.1854871194,-1.256,0.317974327,0.177844227,1.64775,2.00375
2025-06-28 13:00:00+02:00,0.001,0.0001452484,2.899,0.4210751116,-2.898,0.31588066400000003,0.175750564,0.02725,2.237
2025-06-28 14:00:00+02:00,0.0,0.0,3.35,0.483460945,-3.35,0.314753307,0.17462320699999997,0.447,2.33975
2025-06-28 15:00:00+02:00,0.006,0.0008751204,1.954,0.2849975436,-1.948,0.31661271399999996,0.17648261399999998,0.14500000000000002,2.8155
2025-06-28 16:00:00+02:00,0.005,0.000735317,1.412,0.2076535208,-1.407,0.31807681400000004,0.177946714,0.1385,2.3505
2025-06-28 17:00:00+02:00,0.004,0.0006038868,1.8,0.27174906,-1.796,0.32280585700000003,0.18267575699999997,1.27425,1.70075
2025-06-28 18:00:00+02:00,0.011,0.0024459787,0.456,0.1013969352,-0.445,0.40918775699999993,0.269057657,1.2872499999999998,1.46275
2025-06-28 19:00:00+02:00,0.011,0.0028865397,1.155,0.3030866685,-1.1440000000000001,0.45764946700000003,0.317519367,0.1345,0.46825
2025-06-28 20:00:00+02:00,0.435,0.121607904,0.004,0.0011182336,0.431,0.47839576399999995,0.33826566399999997,0.379,0.16775
2025-06-28 21:00:00+02:00,0.89,0.263237436,0.0,0.0,0.89,0.49801470400000003,0.357884604,0.83575,0.00375
2025-06-28 22:00:00+02:00,0.455,0.1330734405,0.0,0.0,0.455,0.49401771099999997,0.353887611,0.7390000000000001,0.0
2025-06-28 23:00:00+02:00,0.386,0.1053407124,0.0,0.0,0.386,0.47034321399999995,0.33021311400000003,0.43325,0.0
2025-06-29 00:00:00+02:00,0.365,0.0958866315,0.0,0.0,0.365,0.45800085100000004,0.317870751,1.19675,0.0
2025-06-29 01:00:00+02:00,0.348,0.0890415768,0.0,0.0,0.348,0.449728686,0.309598586,0.314,0.0
2025-06-29 02:00:00+02:00,0.364,0.093241148,0.0,0.0,0.364,0.45008007000000005,0.30994997,0.3125,0.0
2025-06-29 03:00:00+02:00,0.351,0.0887049306,0.0,0.0,0.351,0.445922026,0.305791926,0.3165,0.0
2025-06-29 04:00:00+02:00,0.348,0.0873909432,0.0,0.0,0.348,0.44398941399999997,0.303859314,0.37925,0.0
2025-06-29 05:00:00+02:00,0.345,0.086554083,0.0,0.0,0.345,0.443696594,0.30356649399999996,0.51,0.0
2025-06-29 06:00:00+02:00,0.186,0.04692501,0.0,0.0,0.186,0.4453949499999999,0.30526485,0.19599999999999998,0.0
2025-06-29 07:00:00+02:00,0.07,0.016700299,0.045,0.0107359065,0.02500000000000001,0.428806697,0.288676597,0.09399999999999999,0.1015
2025-06-29 08:00:00+02:00,0.01,0.002052281,0.594,0.1219054914,-0.584,0.388456101,0.248326001,1.0759999999999998,0.38825
2025-06-29 09:00:00+02:00,0.007,0.0010789086,1.098,0.1692345204,-1.0910000000000002,0.326627158,0.18649705800000002,0.014249999999999999,0.99275
2025-06-29 10:00:00+02:00,0.202,0.0298290168,1.156,0.1707046704,-0.954,0.31880886399999997,0.178678764,0.010249999999999999,1.43225
2025-06-29 11:00:00+02:00,0.061,0.0089885818,1.726,0.2543326588,-1.665,0.318428198,0.17829809800000002,0.203,1.40725
2025-06-29 12:00:00+02:00,0.015,0.0020627475,2.888,0.397147652,-2.8729999999999998,0.306525065,0.166394965,0.40974999999999995,1.349
2025-06-29 13:00:00+02:00,0.006,0.0007045104,3.786,0.4445460624,-3.7800000000000002,0.282206364,0.142076264,2.68525,1.18625
2025-06-29 14:00:00+02:00,0.002,0.0002238258,3.254,0.3641645766,-3.2520000000000002,0.275544709,0.135414609,1.28375,1.4917500000000001
2025-06-29 15:00:00+02:00,0.001,0.0001356894,2.664,0.3614765616,-2.6630000000000003,0.304314274,0.164184174,2.13375,1.7890000000000001
2025-06-29 16:00:00+02:00,0.0,0.0,3.406,0.4967766804,-3.406,0.31661271399999996,0.17648261399999998,0.58525,2.03025
2025-06-29 17:00:00+02:00,0.027,0.0042480801,2.684,0.4222906292,-2.657,0.330507023,0.190376923,0.10200000000000001,2.0115
2025-06-29 18:00:00+02:00,0.009,0.0021784356,1.682,0.4071254088,-1.673,0.433008664,0.292878564,0.05125,1.73725
2025-06-29 19:00:00+02:00,0.011,0.0029838358,0.881,0.2389781218,-0.87,0.4683520379999999,0.328221938,0.16675,0.8002499999999999
2025-06-29 20:00:00+02:00,0.03,0.008494926,0.186,0.0526685412,-0.156,0.48275878199999994,0.34262868199999996,0.082,0.34875
2025-06-29 21:00:00+02:00,0.319,0.0926800589,0.004,0.0011621324,0.315,0.4916751509999999,0.351545051,0.30625,0.0
2025-06-29 22:00:00+02:00,0.509,0.1452083853,0.0,0.0,0.509,0.48532095700000005,0.345190857,0.44325000000000003,0.0
2025-06-29 23:00:00+02:00,0.379,0.1022839136,0.0,0.0,0.379,0.46668296400000003,0.326552864,0.3735,0.0
2025-06-30 00:00:00+02:00,0.379,0.1012429143,0.0,0.0,0.379,0.46335945700000003,0.32322935700000005,0.39475,0.0
2025-06-30 01:00:00+02:00,0.374,0.0955176178,0.0,0.0,0.374,0.4491576869999999,0.30902758699999994,0.46875,0.0
2025-06-30 02:00:00+02:00,0.373,0.0934569031,0.0,0.0,0.373,0.443301287,0.303171187,0.36525,0.0
2025-06-30 03:00:00+02:00,0.377,0.0940485689,0.0,0.0,0.377,0.44198359699999995,0.301853497,0.42874999999999996,0.0
2025-06-30 04:00:00+02:00,0.372,0.093692478,0.0,0.0,0.372,0.44488251500000003,0.304752415,0.34299999999999997,0.0
2025-06-30 05:00:00+02:00,0.349,0.0920761116,0.0,0.0,0.349,0.459362464,0.319232364,0.24725,0.0
2025-06-30 06:00:00+02:00,0.204,0.0584862696,0.0,0.0,0.204,0.48703395399999994,0.34690385399999996,0.13525,0.025
2025-06-30 07:00:00+02:00,0.193,0.0545853022,0.02,0.005656508,0.17300000000000001,0.48234883399999995,0.34221873399999997,0.12300000000000001,0.16075
2025-06-30 08:00:00+02:00,0.043,0.0119778263,0.577,0.1607257157,-0.5339999999999999,0.477180561,0.337050461,0.18200000000000002,0.5
2025-06-30 09:00:00+02:00,0.02,0.005178316,1.133,0.2933516014,-1.113,0.453418218,0.31328811799999995,0.645,1.0655
2025-06-30 10:00:00+02:00,0.036,0.008688042,1.427,0.3443843315,-1.391,0.43214484499999994,0.292014745,0.01225,1.409
2025-06-30 11:00:00+02:00,0.022,0.004575978,1.548,0.321982452,-1.526,0.39180889,0.25167879,0.07375000000000001,1.61925
2025-06-30 12:00:00+02:00,3.054,0.4686060654,2.227,0.3417111027,0.827,0.325792621,0.185662521,0.10225,2.58825
2025-06-30 13:00:00+02:00,3.056,0.4438791104,2.201,0.3196917284,0.855,0.31588066400000003,0.175750564,0.04,2.79625
2025-06-30 14:00:00+02:00,7.448,1.1007354512,0.0,0.0,7.448,0.31895527399999996,0.17882517399999998,0.26475,2.9850000000000003
2025-06-30 15:00:00+02:00,0.066,0.0146335464,3.402,0.7542928008,-3.3360000000000003,0.408411784,0.268281684,0.29575,3.566
2025-06-30 16:00:00+02:00,0.0,0.0,3.651,0.8947629834,-3.651,0.43666891399999996,0.296538814,0.9844999999999999,3.07275
2025-06-30 17:00:00+02:00,0.0,0.0,2.732,0.7067959932,-2.732,0.453169321,0.313039221,1.13525,1.9820000000000002
2025-06-30 18:00:00+02:00,0.003,0.0008423415,2.288,0.642425784,-2.2849999999999997,0.47987450499999995,0.33974440499999997,0.025,1.7605000000000002
2025-06-30 19:00:00+02:00,0.025,0.009104645,1.328,0.4836387424,-1.3030000000000002,0.5807949179999999,0.440664818,0.017750000000000002,1.337
2025-06-30 20:00:00+02:00,0.282,0.1404086178,0.265,0.1319442685,0.01699999999999996,0.742592609,0.602462509,0.11775,0.32575000000000004
2025-06-30 21:00:00+02:00,0.464,0.2010179776,0.0,0.0,0.464,0.664336464,0.524206364,0.2895,0.0215
2025-06-30 22:00:00+02:00,0.373,0.1259391232,0.0,0.0,0.373,0.548672564,0.408542464,0.378,0.0
2025-06-30 23:00:00+02:00,0.37,0.109547713,0.0,0.0,0.37,0.49838072899999997,0.35825062899999993,0.29575,0.0
2025-07-01 00:00:00+02:00,0.359,0.1013518748,0.0,0.0,0.359,0.481733912,0.34160381199999995,0.25975,0.0
2025-07-01 01:00:00+02:00,0.371,0.0976065013,0.0,0.0,0.371,0.45846936299999996,0.318339263,0.26175000000000004,0.0
2025-07-01 02:00:00+02:00,0.363,0.0927390222,0.0,0.0,0.363,0.44926017399999996,0.30913007400000003,0.26175,0.0
2025-07-01 03:00:00+02:00,0.369,0.093807549,0.0,0.0,0.369,0.44773751,0.30760740999999997,0.26575000000000004,0.0
2025-07-01 04:00:00+02:00,0.36,0.09236898,0.0,0.0,0.36,0.4505925049999999,0.310462405,0.26325,0.0
2025-07-01 05:00:00+02:00,0.339,0.0896921454,0.0,0.0,0.339,0.46027020599999996,0.320140106,0.7130000000000001,0.0
2025-07-01 06:00:00+02:00,0.22,0.063092062,0.0,0.0,0.22,0.487136441,0.347006341,0.24875,0.0295
2025-07-01 07:00:00+02:00,0.261,0.0764702334,0.011,0.0032228834,0.25,0.494647274,0.354517174,0.02075,0.198
2025-07-01 08:00:00+02:00,0.03,0.008578416,0.542,0.1549833824,-0.512,0.48612621200000006,0.345996112,0.11350000000000002,0.49675
2025-07-01 09:00:00+02:00,0.01,0.002586254,1.1,0.28448794,-1.09,0.453066834,0.312936734,0.019999999999999997,0.9802500000000001
2025-07-01 10:00:00+02:00,0.012,0.003080418,1.415,0.3632326225,-1.403,0.45073891499999996,0.31060881500000004,0.64325,1.21725
2025-07-01 11:00:00+02:00,0.0,0.0,2.262,0.5359906266,-2.262,0.42684480300000005,0.286714703,1.302,1.21475
2025-07-01 12:00:00+02:00,0.0,0.0,3.196,0.6277947544,-3.196,0.377812094,0.237681994,1.5242499999999999,1.5795
2025-07-01 13:00:00+02:00,0.0,0.0,3.849,0.7661707779,-3.849,0.38098919099999995,0.24085909099999997,3.044,0.817
2025-07-01 14:00:00+02:00,0.0,0.0,4.119,0.8451850242,-4.119,0.388412178,0.248282078,3.9429999999999996,0.9410000000000001
2025-07-01 15:00:00+02:00,0.0,0.0,4.008,0.9708574392,-4.008,0.43322827899999994,0.293098179,1.1105,2.058
2025-07-01 16:00:00+02:00,0.016,0.0041205824,2.94,0.757157016,-2.924,0.45174914399999994,0.311619044,1.089,1.4005
2025-07-01 17:00:00+02:00,0.146,0.0396230714,1.563,0.4241839767,-1.417,0.46851308899999994,0.32838298899999996,0.22375000000000003,0.95525
2025-07-01 18:00:00+02:00,0.148,0.0491538784,1.13,0.375296504,-0.9819999999999999,0.5419962679999999,0.40186616799999997,0.10525,1.2555
2025-07-01 19:00:00+02:00,0.017,0.0090927628,1.367,0.7311651028,-1.35,0.787320864,0.647190764,0.020999999999999998,1.1855
2025-07-01 20:00:00+02:00,0.044,0.0340528364,0.52,0.402442612,-0.47600000000000003,1.076583101,0.936453001,0.08274999999999999,0.41174999999999995
2025-07-01 21:00:00+02:00,5.721,4.099451202,0.0,0.0,5.721,1.00717012,0.86704002,0.27375,0.01125
2025-07-01 22:00:00+02:00,3.288,1.5922672656,0.0,0.0,3.288,0.7260922019999999,0.585962102,0.43875000000000003,0.0
2025-07-01 23:00:00+02:00,0.358,0.1227588802,0.0,0.0,0.358,0.5550413989999999,0.41491129899999996,0.5735,0.0
2025-07-02 00:00:00+02:00,0.358,0.1045393294,0.0,0.0,0.358,0.493461353,0.353331253,0.40874999999999995,0.0
2025-07-02 01:00:00+02:00,0.36,0.097896744,0.0,0.0,0.36,0.469171934,0.329041834,0.35375,0.0
2025-07-02 02:00:00+02:00,0.349,0.0906149882,0.0,0.0,0.349,0.454296678,0.314166578,0.41874999999999996,0.0
2025-07-02 03:00:00+02:00,0.364,0.0943070128,0.0,0.0,0.364,0.45362319199999995,0.31349309200000003,0.34575,0.0
2025-07-02 04:00:00+02:00,3.28,0.864444328,0.0,0.0,3.28,0.45902572099999994,0.318895621,0.265,0.0
2025-07-02 05:00:00+02:00,3.052,0.837923548,0.0,0.0,3.052,0.47233439,0.33220428999999996,0.23325,0.0
2025-07-02 06:00:00+02:00,0.188,0.0558986604,0.0,0.0,0.188,0.499903393,0.359773293,0.08224999999999999,0.035500000000000004
2025-07-02 07:00:00+02:00,0.038,0.0107611592,0.088,0.0249205792,-0.049999999999999996,0.48278806399999996,0.342657964,0.03875,0.18575
2025-07-02 08:00:00+02:00,0.036,0.0098689536,0.576,0.1579032576,-0.5399999999999999,0.47183659599999994,0.33170649599999996,0.153,0.5575
2025-07-02 09:00:00+02:00,2.331,0.6050840103,0.807,0.2094821091,1.524,0.454223473,0.314093373,0.057749999999999996,0.973
2025-07-02 10:00:00+02:00,0.016,0.003932016,1.428,0.350932428,-1.412,0.43748881,0.29735870999999997,0.081,0.9135
2025-07-02 11:00:00+02:00,0.001,0.0002357322,2.247,0.5296902534,-2.246,0.42536606200000004,0.285235962,0.0685,1.53125
2025-07-02 12:00:00+02:00,0.002,0.0003558368,2.957,0.5261047088,-2.955,0.355411364,0.215281264,0.433,2.4612499999999997
2025-07-02 13:00:00+02:00,0.0,0.0,3.324,0.6219280452,-3.324,0.366523883,0.226393783,0.41424999999999995,3.0527499999999996
2025-07-02 14:00:00+02:00,8.729,1.7809796158,0.018,0.0036725436,8.710999999999999,0.387006642,0.24687654199999998,0.00425,3.49925
2025-07-02 15:00:00+02:00,8.418,1.971457719,0.0,0.0,8.418,0.42350665499999995,0.283376555,0.00175,3.41
2025-07-02 16:00:00+02:00,0.273,0.0666110445,1.112,0.271324108,-0.8390000000000001,0.435365865,0.295235765,0.09975,3.4705000000000004
2025-07-02 17:00:00+02:00,0.304,0.0784161312,0.723,0.1864962594,-0.419,0.45224693800000004,0.312116838,3.5945,1.74925
2025-07-02 18:00:00+02:00,0.119,0.0365648206,0.316,0.0970964984,-0.197,0.5119236540000001,0.371793554,1.49775,1.76225
2025-07-02 19:00:00+02:00,0.34,0.145318822,0.0,0.0,0.34,0.657294143,0.517164043,0.11349999999999999,1.29525
2025-07-02 20:00:00+02:00,0.365,0.193513364,0.0,0.0,0.365,0.7816401559999999,0.641510056,0.044750000000000005,0.46175000000000005
2025-07-02 21:00:00+02:00,0.356,0.1445759788,0.0,0.0,0.356,0.631525983,0.491395883,0.304,0.006500000000000001
2025-07-02 22:00:00+02:00,0.431,0.1370736884,0.0,0.0,0.431,0.524954144,0.384824044,0.43375,0.0
2025-07-02 23:00:00+02:00,0.466,0.1300430318,0.0,0.0,0.466,0.4777954829999999,0.337665383,0.49524999999999997,0.0
2025-07-03 00:00:00+02:00,1.125,0.28036305,0.0,0.0,1.125,0.441676136,0.301546036,0.57475,0.0
2025-07-03 01:00:00+02:00,0.953,0.2340277335,0.0,0.0,0.953,0.43726919499999994,0.29713909499999996,0.641,0.0
2025-07-03 02:00:00+02:00,0.354,0.0861134736,0.0,0.0,0.354,0.434472764,0.29434266400000003,0.43575,0.0
2025-07-03 03:00:00+02:00,6.496,1.5796563552,0.0,0.0,6.496,0.434370277,0.294240177,0.42424999999999996,0.0
2025-07-03 04:00:00+02:00,0.353,0.0866732196,0.0,0.0,0.353,0.43722527199999994,0.297095172,0.618,0.0
2025-07-03 05:00:00+02:00,0.341,0.0860250589,0.0,0.0,0.341,0.445380309,0.305250209,0.778,0.0
2025-07-03 06:00:00+02:00,0.159,0.04405731,0.006,0.00166254,0.153,0.475409,0.3352789,1.69625,0.00025
2025-07-03 07:00:00+02:00,1.039,0.2942327476,0.14,0.039646376,0.8989999999999999,0.48278806399999996,0.342657964,0.67675,0.07525
2025-07-03 08:00:00+02:00,0.016,0.0043935584,0.55,0.15102857,-0.534,0.4723929539999999,0.332262854,0.13,0.44999999999999996
2025-07-03 09:00:00+02:00,0.015,0.0038566935,1.187,0.3051930123,-1.1720000000000002,0.4512367089999999,0.311106609,1.28675,0.7857500000000001
2025-07-03 10:00:00+02:00,0.007,0.001669437,1.798,0.428806818,-1.7910000000000001,0.42870421,0.28857411,1.90075,0.96925
2025-07-03 11:00:00+02:00,0.0,0.0,2.655,0.5762993445,-2.655,0.40277499899999997,0.262644899,0.04725,1.4460000000000002
2025-07-03 12:00:00+02:00,0.003,0.000596046,3.325,0.66061765,-3.322,0.38053531999999995,0.24040522,1.2747499999999998,1.5979999999999999
2025-07-03 13:00:00+02:00,0.018,0.0034011648,4.33,0.818169088,-4.312,0.368763956,0.228633856,0.94875,1.52275
2025-07-03 14:00:00+02:00,0.112,0.01751596,3.05,0.476997125,-2.9379999999999997,0.32936502500000003,0.18923492499999997,1.0745,1.66425
2025-07-03 15:00:00+02:00,0.05,0.00837441,2.442,0.4090061844,-2.3920000000000003,0.342790822,0.202660722,0.15350000000000003,2.9957499999999997
2025-07-03 16:00:00+02:00,0.04,0.008601648,2.887,0.6208239444,-2.847,0.400329952,0.26019985199999995,0.2785,1.94775
2025-07-03 17:00:00+02:00,0.073,0.0179336399,2.13,0.523269219,-2.057,0.43738632299999997,0.297256223,0.11524999999999999,1.5330000000000001
2025-07-03 18:00:00+02:00,0.035,0.009222983,2.121,0.5589127698,-2.086,0.458981798,0.318851698,0.11800000000000001,1.6204999999999998
2025-07-03 19:00:00+02:00,0.015,0.0041881125,1.721,0.4805161075,-1.7060000000000002,0.477971175,0.337841075,0.031,0.7342500000000001
2025-07-03 20:00:00+02:00,0.044,0.014704888,0.411,0.137357022,-0.367,0.5445145199999999,0.40438441999999997,0.21300000000000002,0.235
2025-07-03 21:00:00+02:00,0.364,0.1326869544,0.0,0.0,0.364,0.5812048659999999,0.44107476599999995,0.51575,0.00175
2025-07-03 22:00:00+02:00,0.619,0.2010813453,0.0,0.0,0.619,0.5331970269999999,0.39306692699999995,0.6635000000000001,0.0
2025-07-03 23:00:00+02:00,0.527,0.1607183468,0.0,0.0,0.527,0.5091418639999999,0.36901176399999996,0.623,0.0
2025-07-04 00:00:00+02:00,1.14,0.320075976,0.0,0.0,1.14,0.47985986399999997,0.33972976399999993,0.43975,0.0
2025-07-04 01:00:00+02:00,0.621,0.169442955,0.0,0.0,0.621,0.47028465,0.33015455,0.29800000000000004,0.0
2025-07-04 02:00:00+02:00,0.359,0.0964432678,0.0,0.0,0.359,0.46518958199999993,0.325059482,0.4749999999999999,0.0
2025-07-04 03:00:00+02:00,0.355,0.093822311,0.0,0.0,0.355,0.4599188219999999,0.31978872199999997,0.298,0.0
2025-07-04 04:00:00+02:00,0.345,0.092657202,0.0,0.0,0.345,0.465101736,0.324971636,0.30174999999999996,0.0
2025-07-04 05:00:00+02:00,0.34,0.093021654,0.0,0.0,0.34,0.471177751,0.33104765099999994,0.426,0.0
2025-07-04 06:00:00+02:00,0.161,0.0446621406,0.0,0.0,0.161,0.47578966599999994,0.33565956599999996,0.13349999999999998,0.02225
2025-07-04 07:00:00+02:00,0.061,0.0172220873,0.027,0.0076228911,0.034,0.48174855299999997,0.341618453,0.03175,0.14625
2025-07-04 08:00:00+02:00,0.046,0.0123587464,0.546,0.1466929464,-0.5,0.465218864,0.325088764,0.02375,0.5920000000000001
2025-07-04 09:00:00+02:00,0.036,0.0092865564,1.139,0.2938163261,-1.103,0.45226157899999997,0.312131479,0.23975,0.9367500000000001
2025-07-04 10:00:00+02:00,0.019,0.0044152295,1.723,0.4003916015,-1.7040000000000002,0.42131050499999995,0.28118040499999997,0.07975,1.2382499999999999
2025-07-04 11:00:00+02:00,0.001,0.0001500884,2.32,0.348205088,-2.319,0.32173706399999996,0.181606964,0.045,1.9427500000000002
2025-07-04 12:00:00+02:00,0.054,0.0079708266,2.63,0.388208777,-2.576,0.31873565899999995,0.17860555899999997,0.01325,2.7022500000000003
2025-07-04 13:00:00+02:00,0.003,0.0004373424,3.343,0.4873452144,-3.34,0.316524868,0.17639476799999998,2.04175,2.229
2025-07-04 14:00:00+02:00,0.0,0.0,4.062,0.5930954634,-4.062,0.316803047,0.176672947,0.901,2.7859999999999996
2025-07-04 15:00:00+02:00,0.0,0.0,3.869,0.5684733307,-3.869,0.317915763,0.177785663,0.024999999999999998,2.42125
2025-07-04 16:00:00+02:00,0.0,0.0,2.944,0.4430357888,-2.944,0.322220217,0.182090117,0.018000000000000002,2.61625
2025-07-04 17:00:00+02:00,0.0,0.0,3.07,0.681536009,-3.07,0.4087485269999999,0.268618427,0.11024999999999999,1.7617499999999997
2025-07-04 18:00:00+02:00,0.0,0.0,2.877,0.7349097987,-2.877,0.449216251,0.309086151,2.06,1.08225
2025-07-04 19:00:00+02:00,0.001,0.0002656555,2.173,0.5772694015,-2.172,0.461573255,0.321443155,0.15200000000000002,0.742
2025-07-04 20:00:00+02:00,0.003,0.0009064473,1.019,0.3078899329,-1.016,0.505730511,0.365600411,0.037500000000000006,0.46075
2025-07-04 21:00:00+02:00,0.155,0.050087103,0.034,0.0109868484,0.121,0.531132646,0.391002546,0.3535,0.025
2025-07-04 22:00:00+02:00,0.236,0.0699622,0.0,0.0,0.236,0.49883459999999996,0.3587045,0.482,0.0
2025-07-04 23:00:00+02:00,0.288,0.0784219392,0.0,0.0,0.288,0.469611164,0.329481064,0.7132499999999999,0.0
2025-07-05 00:00:00+02:00,0.271,0.0712941922,0.0,0.0,0.271,0.458454722,0.31832462199999995,0.39875,0.0
2025-07-05 01:00:00+02:00,1.018,0.259166512,0.0,0.0,1.018,0.44817673999999996,0.30804664,0.483,0.0
2025-07-05 02:00:00+02:00,0.15,0.03853608,0.0,0.0,0.15,0.45098781199999993,0.310857712,0.5045,0.0
2025-07-05 03:00:00+02:00,0.149,0.0378518855,0.0,0.0,0.149,0.44751789499999994,0.30738779499999996,0.2615,0.0
2025-07-05 04:00:00+02:00,0.14,0.03579422,0.0,0.0,0.14,0.44949443,0.30936432999999997,0.26,0.0
2025-07-05 05:00:00+02:00,0.135,0.032807214,0.0,0.0,0.135,0.434179944,0.294049844,0.23900000000000002,0.0
2025-07-05 06:00:00+02:00,0.05,0.01218712,0.018,0.0043873632,0.032,0.43505840399999995,0.294928304,0.11625,0.02325
2025-07-05 07:00:00+02:00,0.006,0.001200441,0.256,0.051218816,-0.25,0.382219035,0.24208893499999998,0.037750000000000006,0.14875
2025-07-05 08:00:00+02:00,0.026,0.004401254,0.285,0.048244515,-0.25899999999999995,0.34495769000000004,0.20482759,1.37025,0.51925
2025-07-05 09:00:00+02:00,0.181,0.0274594738,0.508,0.0770685784,-0.327,0.323698958,0.183568858,0.06174999999999999,0.782
2025-07-05 10:00:00+02:00,0.017,0.0025103628,0.712,0.1051399008,-0.695,0.31880886399999997,0.178678764,2.12325,0.7597499999999999
2025-07-05 11:00:00+02:00,0.03,0.0044286,0.918,0.13551516,-0.888,0.3187503,0.1786202,2.5745,1.1235
2025-07-05 12:00:00+02:00,0.022,0.003235661,1.055,0.1551646525,-1.033,0.31809145499999997,0.177961355,1.649,1.5335
2025-07-05 13:00:00+02:00,0.004,0.0005809936,1.837,0.2668213108,-1.833,0.31588066400000003,0.175750564,0.0275,2.0015
2025-07-05 14:00:00+02:00,8.608,1.255610224,0.008,0.001166924,8.600000000000001,0.316627355,0.17649725500000002,0.447,2.2824999999999998
2025-07-05 15:00:00+02:00,10.271,1.5055170174,0.0,0.0,10.271,0.317491174,0.17736107399999998,0.14650000000000002,2.22225
2025-07-05 16:00:00+02:00,10.352,1.5036114368,0.0,0.0,10.352,0.31588066400000003,0.175750564,0.13974999999999999,1.8355
2025-07-05 17:00:00+02:00,11.194,1.6530000696,0.0,0.0,11.194,0.31880886399999997,0.178678764,0.07425000000000001,2.0452500000000002
2025-07-05 18:00:00+02:00,0.423,0.0836688501,0.068,0.0134503116,0.355,0.37946652699999994,0.239336427,1.2582499999999999,1.23575
2025-07-05 19:00:00+02:00,0.325,0.0813909525,0.0,0.0,0.325,0.44315487699999995,0.30302477699999997,0.12025,0.691
2025-07-05 20:00:00+02:00,0.529,0.1484048665,0.0,0.0,0.529,0.479581685,0.339451585,0.382,0.1665
2025-07-05 21:00:00+02:00,0.571,0.1644642164,0.0,0.0,0.571,0.48864446400000006,0.348514364,0.935,0.00375
2025-07-05 22:00:00+02:00,0.958,0.2759312072,0.0,0.0,0.958,0.48864446400000006,0.348514364,0.5397500000000001,0.0
2025-07-05 23:00:00+02:00,1.312,0.3639707104,0.0,0.0,1.312,0.47580430700000004,0.335674207,0.37074999999999997,0.0
2025-07-06 00:00:00+02:00,0.618,0.1617522918,0.0,0.0,0.618,0.45682957099999993,0.316699471,1.196,0.0
2025-07-06 01:00:00+02:00,0.46,0.11674685,0.0,0.0,0.46,0.44722507499999997,0.307094975,0.31275000000000003,0.0
2025-07-06 02:00:00+02:00,0.454,0.1126256868,0.0,0.0,0.454,0.440299882,0.300169782,0.3125,0.0
2025-07-06 03:00:00+02:00,0.46,0.112566784,0.0,0.0,0.46,0.43622968399999995,0.29609958399999997,0.3145,0.0
2025-07-06 04:00:00+02:00,0.463,0.1136818716,0.0,0.0,0.463,0.43722527199999994,0.297095172,0.37475,0.0
2025-07-06 05:00:00+02:00,0.453,0.1139945961,0.0,0.0,0.453,0.44461897699999997,0.30448887700000005,0.5095000000000001,0.0
2025-07-06 06:00:00+02:00,0.312,0.0780598104,0.008,0.0020015336,0.304,0.442862057,0.302731957,0.185,0.0
2025-07-06 07:00:00+02:00,0.025,0.0062315,0.113,0.02816638,-0.088,0.4417347,0.3016046,0.10250000000000001,0.0795
2025-07-06 08:00:00+02:00,0.133,0.0318110331,0.433,0.1035652431,-0.3,0.429538747,0.28940864699999996,1.0695000000000001,0.416
2025-07-06 09:00:00+02:00,0.121,0.0258926085,0.159,0.0340241715,-0.038000000000000006,0.399056185,0.258926085,0.015000000000000001,1.0565
2025-07-06 10:00:00+02:00,0.036,0.0065204964,0.297,0.0537940953,-0.261,0.359291229,0.219161129,0.059750000000000004,1.3215
2025-07-06 11:00:00+02:00,0.486,0.0835280424,0.07,0.012030788,0.416,0.348090864,0.207960764,0.20975000000000002,1.4085
2025-07-06 12:00:00+02:00,0.404,0.0694837176,0.095,0.016338993,0.30900000000000005,0.348237274,0.20810717399999998,0.40524999999999994,1.62325
2025-07-06 13:00:00+02:00,0.038,0.0070836788,0.342,0.0637531092,-0.30400000000000005,0.365689346,0.22555924600000002,2.68325,1.836
2025-07-06 14:00:00+02:00,0.142,0.0238898528,0.099,0.0166556016,0.04299999999999998,0.343698564,0.203568464,1.2449999999999999,2.0165
2025-07-06 15:00:00+02:00,0.018,0.0039217068,0.672,0.1464103872,-0.654,0.403755946,0.263625846,1.533,2.19925
2025-07-06 16:00:00+02:00,0.257,0.0628283788,0.179,0.0437598436,0.07800000000000001,0.435936864,0.295806764,0.5845,2.153
2025-07-06 17:00:00+02:00,1.029,0.2852003154,0.0,0.0,1.029,0.475496846,0.335366746,0.094,2.16625
2025-07-06 18:00:00+02:00,1.541,0.4369713535,0.0,0.0,1.541,0.48324193500000007,0.34311183500000003,0.04325,1.7635
2025-07-06 19:00:00+02:00,0.747,0.2226593358,0.137,0.0408357818,0.61,0.5007964939999999,0.36066639399999995,0.10049999999999999,0.84375
2025-07-06 20:00:00+02:00,0.07,0.021806015,0.174,0.054203523,-0.10399999999999998,0.517062645,0.376932545,0.04125,0.377
2025-07-06 21:00:00+02:00,0.355,0.1123058475,0.0,0.0,0.355,0.522919045,0.382788945,0.29650000000000004,0.001
2025-07-06 22:00:00+02:00,0.236,0.0714299784,0.0,0.0,0.236,0.5063600739999999,0.36622997399999996,0.453,0.0
2025-07-06 23:00:00+02:00,0.164,0.0471037028,0.0,0.0,0.164,0.487663517,0.347533417,0.3765,0.0
2025-07-07 00:00:00+02:00,0.155,0.046497396,0.0,0.0,0.155,0.503109772,0.362979672,0.3705,0.0
2025-07-07 01:00:00+02:00,0.142,0.0406199662,0.0,0.0,0.142,0.486257981,0.34612788099999997,0.45425,0.0
2025-07-07 02:00:00+02:00,0.16,0.04454736,0.0,0.0,0.16,0.47701951,0.33688940999999994,0.37225,0.0
2025-07-07 03:00:00+02:00,0.569,0.1535608096,0.0,0.0,0.569,0.46668296400000003,0.326552864,0.431,0.0
2025-07-07 04:00:00+02:00,0.291,0.0785346144,0.0,0.0,0.291,0.46668296400000003,0.326552864,0.35775,0.0
2025-07-07 05:00:00+02:00,0.143,0.0385753082,0.0,0.0,0.143,0.466536554,0.32640645399999996,0.29674999999999996,0.0
2025-07-07 06:00:00+02:00,0.049,0.0143357291,0.035,0.0102398065,0.013999999999999999,0.494134839,0.35400473899999996,0.16425,0.01875
2025-07-07 07:00:00+02:00,0.017,0.0050524034,0.212,0.0630064424,-0.195,0.49974234199999995,0.359612242,0.1655,0.11174999999999999
2025-07-07 08:00:00+02:00,0.056,0.017946236,0.458,0.146774573,-0.402,0.527896985,0.38776688499999995,0.18775000000000003,0.5115000000000001
2025-07-07 09:00:00+02:00,0.036,0.0106865748,0.663,0.1968110859,-0.627,0.4993177529999999,0.359187653,0.016999999999999998,1.14425
2025-07-07 10:00:00+02:00,0.028,0.0074664744,1.055,0.281326089,-1.027,0.46278845799999996,0.322658358,0.013,1.49225
2025-07-07 11:00:00+02:00,0.008,0.0020754888,0.908,0.2355679788,-0.9,0.45404778100000004,0.313917681,0.07375000000000001,1.6425
2025-07-07 12:00:00+02:00,0.004,0.0009716784,1.72,0.417821712,-1.716,0.43406281599999996,0.293932716,0.86575,2.27625
2025-07-07 13:00:00+02:00,0.021,0.0046454562,2.684,0.5937335448,-2.6630000000000003,0.407796862,0.267666762,0.8034999999999999,2.42725
2025-07-07 14:00:00+02:00,0.003,0.0005486019,3.881,0.7097079913,-3.8779999999999997,0.36139953300000005,0.22126943300000002,2.12675,1.8265
2025-07-07 15:00:00+02:00,4.2,0.6515124,1.884,0.292249848,2.3160000000000003,0.32782772,0.18769762,0.31225,3.44875
2025-07-07 16:00:00+02:00,0.164,0.0264004576,2.303,0.3707332552,-2.139,0.33491396399999995,0.19478386399999997,0.9844999999999999,3.12475
2025-07-07 17:00:00+02:00,0.314,0.069282059,1.589,0.3506025215,-1.275,0.40710873499999994,0.26697863499999996,0.627,2.25175
2025-07-07 18:00:00+02:00,0.028,0.0067766776,2.259,0.5467326678,-2.231,0.43297938199999997,0.292849282,0.0135,1.91625
2025-07-07 19:00:00+02:00,0.369,0.0943835211,0.619,0.1583289961,-0.25,0.44962619899999995,0.309496099,0.013499999999999998,1.23325
2025-07-07 20:00:00+02:00,0.853,0.2293805712,0.019,0.0051092976,0.834,0.4655116839999999,0.325381584,0.13449999999999998,0.27849999999999997
2025-07-07 21:00:00+02:00,0.635,0.1834128285,0.0,0.0,0.635,0.48962541099999995,0.34949531100000003,0.34624999999999995,0.00975
2025-07-07 22:00:00+02:00,0.453,0.1319787414,0.0,0.0,0.453,0.492656098,0.35252599799999995,0.39875,0.0
2025-07-07 23:00:00+02:00,0.385,0.103437334,0.0,0.0,0.385,0.465218864,0.325088764,0.33725,0.0
2025-07-08 00:00:00+02:00,0.384,0.1068021504,0.0,0.0,0.384,0.47666812599999997,0.336538026,0.3155,0.0
2025-07-08 01:00:00+02:00,0.39,0.103256439,0.0,0.0,0.39,0.460489821,0.320359721,0.32025000000000003,0.0
2025-07-08 02:00:00+02:00,0.375,0.0923517375,0.0,0.0,0.375,0.438118373,0.29798827299999997,0.31625,0.0
2025-07-08 03:00:00+02:00,0.384,0.0961990656,0.0,0.0,0.384,0.443257364,0.30312726399999995,0.31925000000000003,0.0
2025-07-08 04:00:00+02:00,0.385,0.096859532,0.0,0.0,0.385,0.44454577199999995,0.304415672,0.31475000000000003,0.0
2025-07-08 05:00:00+02:00,0.294,0.0758366532,0.0,0.0,0.294,0.45224693800000004,0.312116838,0.3055,0.0
2025-07-08 06:00:00+02:00,0.104,0.0289469752,0.005,0.0013916815,0.09899999999999999,0.47691702299999994,0.33678692299999996,0.11950000000000001,0.015
2025-07-08 07:00:00+02:00,0.011,0.0032035839,0.363,0.1057182687,-0.352,0.49252432900000004,0.352394229,0.08200000000000002,0.13125
2025-07-08 08:00:00+02:00,0.008,0.002321264,0.785,0.22777403,-0.777,0.49122128,0.35109118,0.11525000000000002,0.39675000000000005
2025-07-08 09:00:00+02:00,0.005,0.0013362635,1.425,0.3808350975,-1.4200000000000002,0.46350586699999996,0.323375767,0.0205,0.895
2025-07-08 10:00:00+02:00,0.003,0.0007225515,1.481,0.3566995905,-1.4780000000000002,0.431559205,0.29142910499999997,0.04475,1.21725
2025-07-08 11:00:00+02:00,0.018,0.0041597622,0.879,0.2031350541,-0.861,0.419758559,0.279628459,0.27675,1.4405000000000001
2025-07-08 12:00:00+02:00,0.003,0.000643236,2.444,0.524022928,-2.441,0.39956862,0.25943852,1.2169999999999999,1.834
2025-07-08 13:00:00+02:00,0.002,0.0004123438,2.743,0.5655295217,-2.741,0.389598099,0.249467999,2.1225,1.2934999999999999
2025-07-08 14:00:00+02:00,0.003,0.0006101667,2.75,0.559319475,-2.747,0.38623066899999997,0.24610056900000002,3.9429999999999996,1.2632499999999998
2025-07-08 15:00:00+02:00,0.002,0.0004104804,2.094,0.4297729788,-2.092,0.388470742,0.248340642,1.11025,2.3225
2025-07-08 16:00:00+02:00,0.002,0.0004413112,2.21,0.487648876,-2.208,0.40712337600000004,0.266993276,1.08925,1.8935
2025-07-08 17:00:00+02:00,0.011,0.0027470509,0.548,0.1368530812,-0.537,0.44230569899999994,0.302175599,0.192,1.3105
2025-07-08 18:00:00+02:00,0.327,0.0828730815,0.183,0.0463785135,0.14400000000000002,0.44678584499999996,0.306655745,0.0675,1.4769999999999999
2025-07-08 19:00:00+02:00,0.217,0.0601390328,0.039,0.0108083976,0.178,0.47546756399999995,0.335337464,0.0155,1.4694999999999998
2025-07-08 20:00:00+02:00,0.095,0.0285685235,0.003,0.0009021639,0.092,0.504002873,0.36387277300000004,0.034999999999999996,0.5409999999999999
2025-07-08 21:00:00+02:00,0.285,0.086053869,0.0,0.0,0.285,0.5054816139999999,0.36535151399999993,1.5999999999999999,0.01125
2025-07-08 22:00:00+02:00,0.317,0.0921181712,0.0,0.0,0.317,0.49174835599999994,0.351618256,1.1412499999999999,0.0
2025-07-08 23:00:00+02:00,0.172,0.0466667476,0.0,0.0,0.172,0.46842524299999994,0.328295143,0.54525,0.0
2025-07-09 00:00:00+02:00,0.159,0.0426240045,0.0,0.0,0.159,0.46450145499999995,0.32437135500000003,0.40525,0.0
2025-07-09 01:00:00+02:00,0.154,0.0397519122,0.0,0.0,0.154,0.45246655299999994,0.312336453,0.259,0.0
2025-07-09 02:00:00+02:00,0.148,0.0377160388,0.0,0.0,0.148,0.448484201,0.308354101,0.26549999999999996,0.0
2025-07-09 03:00:00+02:00,0.157,0.0403610262,0.0,0.0,0.157,0.45119278599999996,0.311062686,0.26775,0.0
2025-07-09 04:00:00+02:00,0.158,0.040836048,0.0,0.0,0.158,0.45286185999999995,0.31273176,0.9977499999999999,0.0
2025-07-09 05:00:00+02:00,0.146,0.0392255864,0.0,0.0,0.146,0.465218864,0.325088764,0.92125,0.0
2025-07-09 06:00:00+02:00,0.037,0.010552289,0.028,0.007985516,0.008999999999999998,0.48521847,0.34508837,0.094,0.035500000000000004
2025-07-09 07:00:00+02:00,0.024,0.00692604,0.142,0.04097907,-0.118,0.48931794999999995,0.34918784999999997,0.0325,0.196
2025-07-09 08:00:00+02:00,0.035,0.0102237135,0.648,0.1892847528,-0.613,0.493578481,0.353448381,0.048749999999999995,0.7012499999999999
2025-07-09 09:00:00+02:00,0.014,0.003744587,1.362,0.364294821,-1.348,0.463769405,0.323639305,0.60975,1.00125
2025-07-09 10:00:00+02:00,0.003,0.0007732263,1.381,0.3559418401,-1.3780000000000001,0.4519980409999999,0.311867941,0.08225,0.88925
2025-07-09 11:00:00+02:00,0.0,0.0,2.53,0.630474735,-2.53,0.44166149499999996,0.301531395,0.0625,1.8049999999999997
2025-07-09 12:00:00+02:00,0.01,0.002322474,3.297,0.7657196778,-3.2870000000000004,0.4211494539999999,0.281019354,0.43225,2.7405
2025-07-09 13:00:00+02:00,0.021,0.004179945,2.488,0.49522396,-2.467,0.38097454999999997,0.24084445,0.41424999999999995,3.15175
2025-07-09 14:00:00+02:00,0.0,0.0,4.182,0.7997171688,-4.182,0.371516464,0.23138636399999998,2.1864999999999997,2.8249999999999997
2025-07-09 15:00:00+02:00,0.0,0.0,4.4,0.87089992,-4.4,0.37962757799999997,0.23949747799999999,2.10525,2.6797500000000003
2025-07-09 16:00:00+02:00,6.918,1.6646970186,0.326,0.0784462602,6.5920000000000005,0.431295667,0.291165567,0.16475,2.99975
2025-07-09 17:00:00+02:00,1.848,0.4774701624,2.27,0.586502851,-0.42199999999999993,0.452759373,0.31262927300000004,2.9842500000000003,1.5045
2025-07-09 18:00:00+02:00,0.011,0.0030045994,1.981,0.5411010374,-1.9700000000000002,0.4706360339999999,0.33050593399999995,0.6324999999999998,1.5865
2025-07-09 19:00:00+02:00,0.065,0.018857124,1.422,0.4125358512,-1.357,0.49116271600000005,0.351032616,0.09575000000000002,1.071
2025-07-09 20:00:00+02:00,0.299,0.0950205256,0.23,0.073092712,0.06899999999999998,0.524661324,0.38453122399999995,0.101,0.42700000000000005
2025-07-09 21:00:00+02:00,0.282,0.091668753,0.022,0.007151463,0.25999999999999995,0.5334605649999999,0.39333046499999996,0.29674999999999996,0.006500000000000001
2025-07-09 22:00:00+02:00,0.486,0.1435101624,0.0,0.0,0.486,0.497429064,0.357298964,0.44225000000000003,0.0
2025-07-09 23:00:00+02:00,0.476,0.131376476,0.0,0.0,0.476,0.47409131,0.33396121,0.523,0.0
2025-07-10 00:00:00+02:00,0.36,0.09711702,0.0,0.0,0.36,0.4665511949999999,0.326421095,0.7715,0.0
2025-07-10 01:00:00+02:00,0.367,0.0967051239,0.0,0.0,0.367,0.458967157,0.318837057,0.792,0.0
2025-07-10 02:00:00+02:00,0.7,0.17883558,0.0,0.0,0.7,0.44926017399999996,0.30913007400000003,0.44075,0.0
2025-07-10 03:00:00+02:00,3.918,0.9884052222,0.0,0.0,3.918,0.445380309,0.305250209,1.9615,0.0
2025-07-10 04:00:00+02:00,4.401,1.1183473521,0.0,0.0,4.401,0.447605741,0.307475641,0.5900000000000001,0.0
2025-07-10 05:00:00+02:00,0.339,0.0903566532,0.0,0.0,0.339,0.46264204800000003,0.322511948,0.76875,0.0
2025-07-10 06:00:00+02:00,0.198,0.055139337,0.0,0.0,0.198,0.477092715,0.33696261499999997,1.6814999999999998,0.00175
2025-07-10 07:00:00+02:00,0.068,0.0188898424,0.067,0.0186120506,0.0010000000000000009,0.476258178,0.33612807799999994,0.9182499999999999,0.07150000000000001
2025-07-10 08:00:00+02:00,0.015,0.0041612505,0.561,0.1556307687,-0.546,0.47580430700000004,0.335674207,0.06475,0.52675
2025-07-10 09:00:00+02:00,0.016,0.0041767264,0.689,0.1798602806,-0.6729999999999999,0.4559950339999999,0.315864934,0.02225,0.9012499999999999
2025-07-10 10:00:00+02:00,0.012,0.0030464412,1.173,0.2977896273,-1.161,0.4473129209999999,0.307182821,0.1335,1.29175
2025-07-10 11:00:00+02:00,0.004,0.0009272472,2.11,0.489122898,-2.106,0.42062237799999996,0.280492278,0.006500000000000001,1.8895
2025-07-10 12:00:00+02:00,0.203,0.0411258309,1.624,0.3290066472,-1.421,0.38526436299999994,0.245134263,1.2474999999999998,2.212
2025-07-10 13:00:00+02:00,0.0,0.0,3.254,0.6382821874,-3.254,0.37747535099999996,0.23734525099999998,0.94875,2.44875
2025-07-10 14:00:00+02:00,0.001,0.0001959474,3.874,0.7591002276,-3.873,0.37722645399999993,0.23709635399999998,1.05975,2.3355
2025-07-10 15:00:00+02:00,0.0,0.0,4.274,0.9252919368,-4.274,0.40208687200000004,0.261956772,0.16575000000000004,2.7127499999999998
2025-07-10 16:00:00+02:00,0.0,0.0,3.816,0.9181158624,-3.816,0.431251744,0.29112164399999996,0.17800000000000002,2.37225
2025-07-10 17:00:00+02:00,0.0,0.0,3.21,0.8234292,-3.21,0.45051930000000007,0.31038920000000003,0.1035,1.8047499999999999
2025-07-10 18:00:00+02:00,0.027,0.0072605808,1.916,0.5152323264,-1.889,0.4655116839999999,0.325381584,0.1255,1.6152499999999999
2025-07-10 19:00:00+02:00,0.005,0.001439416,1.771,0.5098411472,-1.766,0.48846877199999994,0.348338672,0.01,1.1155
2025-07-10 20:00:00+02:00,0.5,0.1568402,0.482,0.1511939528,0.018000000000000016,0.519683384,0.37955328400000005,0.17475000000000002,0.33775
2025-07-10 21:00:00+02:00,0.298,0.09302964,0.004,0.00124872,0.294,0.5178678999999999,0.3777378,0.55325,0.00175
2025-07-10 22:00:00+02:00,0.441,0.1301314707,0.0,0.0,0.441,0.497180167,0.35705006699999997,0.671,0.0
2025-07-10 23:00:00+02:00,0.37,0.103378407,0.0,0.0,0.37,0.478205431,0.338075331,0.47775,0.0
2025-07-11 00:00:00+02:00,0.354,0.098882289,0.0,0.0,0.354,0.4781175849999999,0.337987485,0.5502499999999999,0.0
2025-07-11 01:00:00+02:00,0.348,0.0949198536,0.0,0.0,0.348,0.470167522,0.330037422,0.41875,0.0
2025-07-11 02:00:00+02:00,0.366,0.0980137752,0.0,0.0,0.366,0.46416471200000003,0.324034612,0.5299999999999999,0.0
2025-07-11 03:00:00+02:00,1.182,0.3084698496,0.0,0.0,1.182,0.45590718799999996,0.315777088,0.352,0.0
2025-07-11 04:00:00+02:00,0.394,0.103071188,0.0,0.0,0.394,0.45666851999999997,0.31653842,0.352,0.0
2025-07-11 05:00:00+02:00,0.329,0.0886267767,0.0,0.0,0.329,0.46608268300000005,0.325952583,0.48025,0.0
2025-07-11 06:00:00+02:00,0.243,0.0682237809,0.0,0.0,0.243,0.47984522300000004,0.339715123,0.16549999999999998,0.00725
2025-07-11 07:00:00+02:00,0.098,0.0275034452,0.071,0.0199259654,0.02700000000000001,0.47971345399999993,0.339583354,0.039749999999999994,0.09325
2025-07-11 08:00:00+02:00,0.016,0.0045393392,0.761,0.2159023207,-0.745,0.483417627,0.343287527,0.030500000000000003,0.5545
2025-07-11 09:00:00+02:00,0.007,0.0018637388,1.064,0.2832882976,-1.0570000000000002,0.462290664,0.322160564,0.24575,0.9192500000000001
2025-07-11 10:00:00+02:00,0.006,0.0015404268,1.38,0.354298164,-1.3739999999999999,0.45078283799999996,0.310652738,0.028,1.4785000000000001
2025-07-11 11:00:00+02:00,0.006,0.0014682624,2.181,0.5337133824,-2.1750000000000003,0.43622968399999995,0.29609958399999997,0.01925,2.009
2025-07-11 12:00:00+02:00,0.001,0.0002389387,3.352,0.8009225224,-3.351,0.429245927,0.289115827,0.026249999999999996,2.59875
2025-07-11 13:00:00+02:00,0.0,0.0,4.076,0.8387291176,-4.076,0.38911494599999996,0.24898484599999998,2.017,2.36825
2025-07-11 14:00:00+02:00,0.0,0.0,4.176,0.7785600768,-4.176,0.36571862800000005,0.225588528,0.8895000000000001,2.9725
2025-07-11 15:00:00+02:00,0.0,0.0,3.565,0.690787911,-3.565,0.37459107399999997,0.23446097400000002,0.0225,3.0995000000000004
2025-07-11 16:00:00+02:00,0.0,0.0,3.778,0.8503223938,-3.778,0.41246734099999993,0.272337241,0.017,2.8600000000000003
2025-07-11 17:00:00+02:00,0.001,0.000256036,2.189,0.560462804,-2.188,0.44993366,0.30980356,0.10024999999999999,2.23975
2025-07-11 18:00:00+02:00,0.042,0.010814496,1.885,0.48536488,-1.843,0.45169058,0.31156048,0.068,1.7782499999999999
2025-07-11 19:00:00+02:00,0.167,0.0462416988,0.571,0.1581078444,-0.4039999999999999,0.475174744,0.33504464399999995,0.14975,1.17275
2025-07-11 20:00:00+02:00,0.387,0.1159389693,0.097,0.0290596383,0.29000000000000004,0.5026266189999999,0.362496519,0.0345,0.6457499999999999
2025-07-11 21:00:00+02:00,0.255,0.0770541915,0.009,0.0027195597,0.246,0.505759793,0.365629693,0.34325,0.0335
2025-07-11 22:00:00+02:00,1.081,0.3117249432,0.0,0.0,1.081,0.489054412,0.34892431199999996,0.45125000000000004,0.0
2025-07-11 23:00:00+02:00,0.951,0.2627416143,0.0,0.0,0.951,0.47442805299999996,0.334297953,0.52125,0.0
2025-07-12 00:00:00+02:00,0.355,0.1017303265,0.0,0.0,0.355,0.48687290299999997,0.346742803,0.40549999999999997,0.0
2025-07-12 01:00:00+02:00,0.357,0.0992191893,0.0,0.0,0.357,0.476419229,0.33628912899999996,0.684,0.0
2025-07-12 02:00:00+02:00,0.358,0.0996010774,0.0,0.0,0.358,0.476770613,0.336640513,0.51075,0.0
2025-07-12 03:00:00+02:00,0.349,0.0942382364,0.0,0.0,0.349,0.466858656,0.32672855599999995,0.26275000000000004,0.0
2025-07-12 04:00:00+02:00,0.348,0.0924144276,0.0,0.0,0.348,0.461456127,0.32132602699999996,0.2595,0.0
2025-07-12 05:00:00+02:00,0.349,0.0911259591,0.0,0.0,0.349,0.45606823899999993,0.315938139,0.24075000000000002,0.0
2025-07-12 06:00:00+02:00,0.248,0.06316684,0.0,0.0,0.248,0.44832315000000006,0.30819305,0.1145,0.0155
2025-07-12 07:00:00+02:00,0.042,0.0108485454,0.17,0.043910779,-0.128,0.45267152699999996,0.312541427,0.036000000000000004,0.1865
2025-07-12 08:00:00+02:00,0.029,0.0075699657,0.648,0.1691495784,-0.619,0.455980393,0.315850293,0.07825,0.5525
2025-07-12 09:00:00+02:00,0.013,0.0028611297,1.017,0.2238283773,-1.004,0.406435249,0.266305149,0.10075,0.765
2025-07-12 10:00:00+02:00,0.073,0.0123865159,1.186,0.2012384638,-1.113,0.345440843,0.205310743,0.24625,0.8787499999999999
2025-07-12 11:00:00+02:00,5.832,0.8823722688,0.304,0.0459947136,5.528,0.32320116400000004,0.183071064,0.04575,1.353
2025-07-12 12:00:00+02:00,8.694,1.2861434124,0.0,0.0,8.694,0.31913096599999996,0.17900086599999998,0.0155,1.64175
2025-07-12 13:00:00+02:00,7.169,1.0586347596,0.168,0.0248082912,7.0009999999999994,0.31880886399999997,0.178678764,0.02525,2.2520000000000002
2025-07-12 14:00:00+02:00,0.0,0.0,3.997,0.5902305948,-3.997,0.31880886399999997,0.178678764,2.5930000000000004,1.74475
2025-07-12 15:00:00+02:00,3.357,0.4966164522,2.124,0.3142130904,1.233,0.31913096599999996,0.17900086599999998,2.7035000000000005,1.57925
2025-07-12 16:00:00+02:00,0.0,0.0,3.929,0.6599152329,-3.929,0.343361821,0.203231721,2.67925,1.3764999999999998
2025-07-12 17:00:00+02:00,0.0,0.0,3.344,0.7821786544,-3.344,0.423155271,0.283025171,2.8032500000000002,1.59275
2025-07-12 18:00:00+02:00,0.0,0.0,2.698,0.7313965032,-2.698,0.46814706399999995,0.328016964,1.361,0.812
2025-07-12 19:00:00+02:00,0.003,0.0008308707,1.79,0.495752851,-1.7870000000000001,0.475247949,0.335117849,0.198,0.5469999999999999
2025-07-12 20:00:00+02:00,0.704,0.2061793536,0.035,0.010250394,0.6689999999999999,0.494500864,0.35437076399999995,0.49,0.139
2025-07-12 21:00:00+02:00,0.542,0.1643222592,0.0,0.0,0.542,0.506974996,0.366844896,0.7665,0.00375
2025-07-12 22:00:00+02:00,0.36,0.108107208,0.0,0.0,0.36,0.503490438,0.363360338,0.6395,0.0
2025-07-12 23:00:00+02:00,0.351,0.101760516,0.0,0.0,0.351,0.49092846,0.35079836,0.6265000000000001,0.0
2025-07-13 00:00:00+02:00,0.343,0.0997690617,0.0,0.0,0.343,0.492085099,0.351954999,0.43575,0.0
2025-07-13 01:00:00+02:00,0.349,0.0992212584,0.0,0.0,0.349,0.484135036,0.344004936,0.392,0.0
2025-07-13 02:00:00+02:00,0.351,0.1004736447,0.0,0.0,0.351,0.486492237,0.34636213699999996,0.39375000000000004,0.0
2025-07-13 03:00:00+02:00,0.351,0.0991825263,0.0,0.0,0.351,0.48204137300000005,0.341911273,0.39325,0.0
2025-07-13 04:00:00+02:00,0.347,0.0975819867,0.0,0.0,0.347,0.480401581,0.34027148100000004,0.45224999999999993,0.0
2025-07-13 05:00:00+02:00,0.348,0.096195726,0.0,0.0,0.348,0.474603745,0.334473645,0.591,0.0
2025-07-13 06:00:00+02:00,0.294,0.0789529356,0.0,0.0,0.294,0.4650724539999999,0.324942354,0.23925000000000002,0.002
2025-07-13 07:00:00+02:00,0.05,0.013280355,0.096,0.0254982816,-0.046,0.4615146909999999,0.321384591,0.10575,0.057
2025-07-13 08:00:00+02:00,0.006,0.0015558906,0.284,0.0736454884,-0.27799999999999997,0.453901371,0.313771271,0.1585,0.46775
2025-07-13 09:00:00+02:00,0.007,0.0015418788,1.353,0.2980231452,-1.346,0.406654864,0.26652476399999997,0.042749999999999996,0.8382499999999999
2025-07-13 10:00:00+02:00,0.002,0.0003056944,1.742,0.2662598224,-1.74,0.32507521199999995,0.18494511199999997,0.0665,1.1095
2025-07-13 11:00:00+02:00,0.0,0.0,2.568,0.3793678152,-2.568,0.318882069,0.17875196899999998,0.32874999999999993,1.0114999999999998
2025-07-13 12:00:00+02:00,2.106,0.3109896504,2.489,0.3675466476,-0.383,0.31880886399999997,0.178678764,0.45675,1.39275
2025-07-13 13:00:00+02:00,4.36,0.643834224,0.78,0.115181352,3.58,0.31880886399999997,0.178678764,0.067,1.9215
2025-07-13 14:00:00+02:00,0.005,0.000738342,1.569,0.2316917196,-1.564,0.31880886399999997,0.178678764,0.0405,1.907
2025-07-13 15:00:00+02:00,0.003,0.0004430052,1.044,0.1541658096,-1.0410000000000001,0.31880886399999997,0.178678764,0.061,2.2527500000000003
2025-07-13 16:00:00+02:00,2.799,0.4220956377,0.534,0.0805284282,2.2649999999999997,0.322600883,0.182470783,0.128,1.9675
2025-07-13 17:00:00+02:00,0.007,0.001754137,0.975,0.244326225,-0.968,0.44334520999999993,0.30321511,0.2684999999999999,1.8624999999999998
2025-07-13 18:00:00+02:00,0.0,0.0,1.167,0.3158659383,-1.167,0.4676346289999999,0.327504529,0.42674999999999996,1.2657500000000002
2025-07-13 19:00:00+02:00,0.013,0.0037383918,0.443,0.1273928898,-0.43,0.488088106,0.347958006,0.19925,0.731
2025-07-13 20:00:00+02:00,0.363,0.1064034675,0.0,0.0,0.363,0.49480832500000005,0.354678225,0.053000000000000005,0.296
2025-07-13 21:00:00+02:00,0.919,0.2780642194,0.0,0.0,0.919,0.5062429460000001,0.366112846,0.3465,0.001
2025-07-13 22:00:00+02:00,0.355,0.106949359,0.0,0.0,0.355,0.5046617179999999,0.36453161799999995,0.45525,0.0
2025-07-13 23:00:00+02:00,0.349,0.1002727605,0.0,0.0,0.349,0.48778064499999996,0.347650545,0.338,0.0
2025-07-14 00:00:00+02:00,0.344,0.0995396336,0.0,0.0,0.344,0.490254974,0.350124874,0.36575,0.0
2025-07-14 01:00:00+02:00,0.349,0.0954586545,0.0,0.0,0.349,0.47108990500000003,0.330959805,0.42574999999999996,0.0
2025-07-14 02:00:00+02:00,0.349,0.0929924809,0.0,0.0,0.349,0.462539561,0.322409461,0.36250000000000004,0.0
2025-07-14 03:00:00+02:00,0.344,0.0903157552,0.0,0.0,0.344,0.457810518,0.31768041799999996,0.5365,0.0
2025-07-14 04:00:00+02:00,0.345,0.0923190675,0.0,0.0,0.345,0.46391581499999995,0.323785715,0.397,0.0
2025-07-14 05:00:00+02:00,0.339,0.0940237518,0.0,0.0,0.339,0.475731102,0.335601002,0.30025,0.0
2025-07-14 06:00:00+02:00,0.179,0.0522393421,0.0,0.0,0.179,0.493256379,0.353126279,0.17099999999999999,0.00875
2025-07-14 07:00:00+02:00,0.032,0.0095266688,0.097,0.0288777148,-0.065,0.5003572639999999,0.360227164,0.16725000000000004,0.074
2025-07-14 08:00:00+02:00,0.003,0.0008503275,0.645,0.1828204125,-0.642,0.483095525,0.342965425,0.2,0.40974999999999995
2025-07-14 09:00:00+02:00,0.008,0.0021463464,1.306,0.3503910498,-1.298,0.464764993,0.324634893,0.02425,0.97275
2025-07-14 10:00:00+02:00,0.006,0.0015726612,0.926,0.2427140452,-0.92,0.45728344200000004,0.317153342,0.02,1.3302500000000002
2025-07-14 11:00:00+02:00,0.003,0.0007479978,0.958,0.2388606308,-0.955,0.441822546,0.301692446,0.07400000000000001,1.43425
2025-07-14 12:00:00+02:00,0.001,0.0002299484,2.104,0.4838114336,-2.103,0.41836766400000003,0.278237564,0.7755,2.3605
2025-07-14 13:00:00+02:00,0.0,0.0,1.31,0.290469575,-1.31,0.4084264249999999,0.268296325,0.7862499999999999,2.7275
2025-07-14 14:00:00+02:00,0.004,0.0008530984,0.981,0.2092223826,-0.977,0.398192366,0.258062266,2.11675,2.4484999999999997
2025-07-14 15:00:00+02:00,1.256,0.2631312464,1.819,0.3810794086,-0.563,0.39362437399999994,0.253494274,1.36225,3.0412500000000002
2025-07-14 16:00:00+02:00,0.516,0.1174046544,2.561,0.5827002324,-2.045,0.415439464,0.275309364,1.024,2.89375
2025-07-14 17:00:00+02:00,0.003,0.0007366359,2.677,0.6573247681,-2.674,0.437239913,0.297109813,0.6935,2.06
2025-07-14 18:00:00+02:00,0.0,0.0,2.11,0.556933234,-2.11,0.45950887399999996,0.319378774,0.018750000000000003,2.016
2025-07-14 19:00:00+02:00,0.004,0.0010649936,1.221,0.3250892964,-1.217,0.462290664,0.322160564,0.10275000000000001,1.24125
2025-07-14 20:00:00+02:00,0.027,0.0077810139,0.064,0.0184438848,-0.037000000000000005,0.48883479699999993,0.34870469699999995,0.32475,0.272
2025-07-14 21:00:00+02:00,0.513,0.161886384,0.0,0.0,0.513,0.52196738,0.38183728,0.41600000000000004,0.00975
2025-07-14 22:00:00+02:00,0.897,0.2682600492,0.0,0.0,0.897,0.5019970559999999,0.36186695599999996,0.40325,0.0
2025-07-14 23:00:00+02:00,0.349,0.0984822509,0.0,0.0,0.349,0.481572861,0.341442761,0.346,0.0
2025-07-15 00:00:00+02:00,0.339,0.0910375686,0.0,0.0,0.339,0.4650724539999999,0.324942354,0.3255,0.0
2025-07-15 01:00:00+02:00,0.344,0.0910857992,0.0,0.0,0.344,0.46051910299999993,0.32038900299999995,0.33075,0.0
2025-07-15 02:00:00+02:00,0.351,0.0901574388,0.0,0.0,0.351,0.450929248,0.31079914799999997,0.32525,0.0
2025-07-15 03:00:00+02:00,0.341,0.0860250589,0.0,0.0,0.341,0.445380309,0.305250209,0.32975,0.0
2025-07-15 04:00:00+02:00,0.16,0.040102304,0.0,0.0,0.16,0.44340377400000003,0.303273674,0.3255,0.0
2025-07-15 05:00:00+02:00,0.15,0.038679465,0.0,0.0,0.15,0.45214445099999995,0.312014351,0.28675,0.0
2025-07-15 06:00:00+02:00,0.046,0.0125546696,0.032,0.0087336832,0.013999999999999999,0.47037249600000003,0.330242396,0.126,0.010499999999999999
2025-07-15 07:00:00+02:00,0.012,0.0033692208,0.213,0.0598036692,-0.20099999999999998,0.47985986399999997,0.33972976399999993,0.07975000000000002,0.195
2025-07-15 08:00:00+02:00,2.647,0.7289411833,0.505,0.1390688695,2.142,0.47334461899999997,0.333214519,0.1125,0.5367500000000001
2025-07-15 09:00:00+02:00,0.006,0.0015297546,1.269,0.3235430979,-1.263,0.44863061099999996,0.308500511,0.014499999999999999,1.209
2025-07-15 10:00:00+02:00,0.006,0.0014053182,1.553,0.3637431941,-1.547,0.423535937,0.283405837,0.007,1.52925
2025-07-15 11:00:00+02:00,0.005,0.0011102355,1.949,0.4327697979,-1.9440000000000002,0.408807091,0.268676991,0.1315,1.63875
2025-07-15 12:00:00+02:00,0.0,0.0,3.337,0.5614115408,-3.337,0.343698564,0.203568464,0.02725,2.4450000000000003
2025-07-15 13:00:00+02:00,0.0,0.0,4.168,0.6518943728,-4.168,0.32937966599999996,0.189249566,2.12075,1.77075
2025-07-15 14:00:00+02:00,0.0,0.0,3.655,0.5978845345,-3.655,0.33806177899999995,0.197931679,1.51875,1.9497499999999999
2025-07-15 15:00:00+02:00,0.001,0.0001854446,3.243,0.6013968378,-3.242,0.364518066,0.22438796599999997,1.103,2.4575
2025-07-15 16:00:00+02:00,0.264,0.0575566992,3.737,0.8147325186,-3.473,0.403931638,0.263801538,1.0885,1.8025000000000002
2025-07-15 17:00:00+02:00,0.005,0.001224036,1.885,0.461461572,-1.8800000000000001,0.436346812,0.296216712,0.18425000000000002,0.9555
2025-07-15 18:00:00+02:00,0.005,0.0013246475,0.765,0.2026710675,-0.76,0.460694795,0.32056469499999996,0.14825,0.9730000000000001
2025-07-15 19:00:00+02:00,0.009,0.0024882561,0.588,0.1625660652,-0.579,0.47466230899999995,0.334532209,0.06675,1.0259999999999998
2025-07-15 20:00:00+02:00,0.04,0.01169828,0.262,0.076623734,-0.222,0.49400307000000004,0.35387297,0.0495,0.40925
2025-07-15 21:00:00+02:00,0.269,0.0787490506,0.0,0.0,0.269,0.49435445399999994,0.35422435399999996,1.63475,0.0035
2025-07-15 22:00:00+02:00,0.827,0.2379092925,0.0,0.0,0.827,0.48821987499999997,0.34808977499999993,1.15725,0.0
2025-07-15 23:00:00+02:00,0.634,0.1693384836,0.0,0.0,0.634,0.4633155339999999,0.323185434,0.55,0.0
2025-07-16 00:00:00+02:00,0.354,0.0933224358,0.0,0.0,0.354,0.45911356699999994,0.31898346699999997,0.40975,0.0
2025-07-16 01:00:00+02:00,0.289,0.0745119452,0.0,0.0,0.289,0.452100528,0.311970428,0.263,0.0
2025-07-16 02:00:00+02:00,0.141,0.0351524844,0.0,0.0,0.141,0.441793264,0.301663164,0.2645,0.0
2025-07-16 03:00:00+02:00,0.145,0.0355233615,0.0,0.0,0.145,0.43656642700000003,0.296436327,0.2675,0.0
2025-07-16 04:00:00+02:00,0.142,0.03487946,0.0,0.0,0.142,0.43734239999999996,0.2972123,0.9984999999999999,0.0
2025-07-16 05:00:00+02:00,0.147,0.0371196903,0.0,0.0,0.147,0.44567312899999995,0.30554302899999997,0.92375,0.0
2025-07-16 06:00:00+02:00,0.093,0.0251121948,0.029,0.0078306844,0.064,0.466858656,0.32672855599999995,0.09975,0.01725
2025-07-16 07:00:00+02:00,0.039,0.0109065528,0.076,0.0212537952,-0.037,0.4785128919999999,0.338382792,0.028749999999999998,0.12949999999999998
2025-07-16 08:00:00+02:00,2.537,0.7095159401,0.414,0.1157822622,2.1229999999999998,0.478527533,0.338397433,0.051500000000000004,0.6565
2025-07-16 09:00:00+02:00,0.007,0.0018798318,1.297,0.3483059778,-1.29,0.4650724539999999,0.324942354,0.61225,0.98675
2025-07-16 10:00:00+02:00,0.004,0.0009906996,1.271,0.3147947979,-1.267,0.43981672899999996,0.299686629,0.081,1.0290000000000001
2025-07-16 11:00:00+02:00,0.003,0.0007175784,2.126,0.5085238928,-2.1229999999999998,0.429553388,0.289423288,0.0625,1.7669999999999997
2025-07-16 12:00:00+02:00,0.005,0.0012103025,1.521,0.3681740205,-1.516,0.43302330499999997,0.292893205,0.43475,2.58075
2025-07-16 13:00:00+02:00,0.002,0.0004706174,2.002,0.4710880174,-1.9999999999999998,0.424853627,0.284723527,0.41774999999999995,2.7645
2025-07-16 14:00:00+02:00,2.268,0.5073899292,2.52,0.563766588,-0.2520000000000002,0.41082754899999996,0.270697449,2.1864999999999997,2.7445
2025-07-16 15:00:00+02:00,0.004,0.0008968036,2.821,0.6324707389,-2.817,0.411413189,0.271283089,2.10525,2.7359999999999998
2025-07-16 16:00:00+02:00,0.0,0.0,3.324,0.786509922,-3.324,0.426434855,0.286304755,1.89425,2.1005
2025-07-16 17:00:00+02:00,0.0,0.0,3.583,0.8951362321,-3.583,0.44242282699999996,0.302292727,3.44625,1.22075
2025-07-16 18:00:00+02:00,0.0,0.0,3.005,0.8024398745,-3.005,0.46324232900000006,0.32311222900000003,0.6349999999999999,1.4215
2025-07-16 19:00:00+02:00,0.037,0.0103741044,1.787,0.5010412044,-1.75,0.47939135199999994,0.339261252,0.11050000000000001,1.033
2025-07-16 20:00:00+02:00,0.003,0.0008815092,0.887,0.2606328868,-0.884,0.4956721439999999,0.355542044,0.17325,0.36125
2025-07-16 21:00:00+02:00,0.067,0.0206517718,0.011,0.0033905894,0.05600000000000001,0.5130949340000001,0.37296483399999997,0.29425,0.012
2025-07-16 22:00:00+02:00,0.474,0.1395537528,0.0,0.0,0.474,0.496374912,0.35624481199999997,0.46799999999999997,0.0
2025-07-16 23:00:00+02:00,0.784,0.2208339056,0.0,0.0,0.784,0.48095793899999995,0.34082783899999997,0.5515,0.0
2025-07-17 00:00:00+02:00,0.142,0.038822729,0.0,0.0,0.142,0.470943495,0.330813395,0.7665,0.0
2025-07-17 01:00:00+02:00,0.146,0.0389464636,0.0,0.0,0.146,0.462905586,0.322775486,0.772,0.0
2025-07-17 02:00:00+02:00,0.138,0.0354131184,0.0,0.0,0.138,0.4506364279999999,0.31050632799999994,0.50425,0.0
2025-07-17 03:00:00+02:00,2.463,0.6176228652,0.0,0.0,2.463,0.44355018399999996,0.303420084,2.8355000000000006,0.0
2025-07-17 04:00:00+02:00,0.144,0.0363342672,0.0,0.0,0.144,0.44543887300000007,0.30530877300000003,1.4189999999999998,0.0
2025-07-17 05:00:00+02:00,0.143,0.0365577784,0.0,0.0,0.143,0.449465148,0.309335048,0.66525,0.0
2025-07-17 06:00:00+02:00,0.66,0.18080304,0.016,0.004383104,0.644,0.47160234000000006,0.33147224000000003,1.6965,0.0015
2025-07-17 07:00:00+02:00,0.011,0.0030876538,0.155,0.043507849,-0.144,0.479772018,0.339641918,0.92625,0.06675
2025-07-17 08:00:00+02:00,0.004,0.0011033264,0.771,0.2126661636,-0.767,0.473886336,0.333756236,0.06375,0.4655
2025-07-17 09:00:00+02:00,0.005,0.001301597,1.19,0.309780086,-1.185,0.45511657399999994,0.31498647399999996,0.02425,0.721
2025-07-17 10:00:00+02:00,0.001,0.0002505184,1.828,0.4579476352,-1.8270000000000002,0.443257364,0.30312726399999995,0.136,1.1515
2025-07-17 11:00:00+02:00,0.497,0.1197387807,2.216,0.5338855896,-1.7190000000000003,0.431647051,0.29151695099999997,0.00725,1.82825
2025-07-17 12:00:00+02:00,0.0,0.0,3.687,0.8575007067,-3.687,0.42154476099999993,0.281414661,0.05650000000000001,2.2752499999999998
2025-07-17 13:00:00+02:00,0.0,0.0,3.931,0.8443756552,-3.931,0.40003713199999996,0.259907032,0.0435,2.81825
2025-07-17 14:00:00+02:00,0.363,0.0756661521,3.056,0.6370131152,-2.693,0.392350607,0.252220507,0.198,2.711
2025-07-17 15:00:00+02:00,0.0,0.0,4.355,0.9924143515,-4.355,0.41586405299999996,0.275733953,0.15200000000000002,2.81525
2025-07-17 16:00:00+02:00,0.0,0.0,4.179,0.9978169047,-4.179,0.42904095299999995,0.28891085299999997,0.17800000000000002,2.4539999999999997
2025-07-17 17:00:00+02:00,0.0,0.0,3.519,0.8727602103,-3.519,0.44022667699999996,0.300096577,0.0925,1.99725
2025-07-17 18:00:00+02:00,0.421,0.1113723083,2.553,0.6753764919,-2.132,0.46022628299999996,0.320096183,0.1295,1.742
2025-07-17 19:00:00+02:00,0.001,0.0002821841,1.862,0.5254267942,-1.8610000000000002,0.481572861,0.341442761,0.008749999999999999,1.4575
2025-07-17 20:00:00+02:00,0.01,0.002953005,0.578,0.170683689,-0.568,0.497443705,0.35731360500000003,0.1915,0.40175
2025-07-17 21:00:00+02:00,0.213,0.0657623868,0.004,0.0012349744,0.209,0.513709856,0.373579756,0.5035,0.00275
2025-07-17 22:00:00+02:00,1.059,0.3166442829,0.0,0.0,1.059,0.501923851,0.361793751,0.6805000000000001,0.0
2025-07-17 23:00:00+02:00,1.048,0.2995458576,0.0,0.0,1.048,0.48597980199999996,0.345849702,0.48375,0.0
2025-07-18 00:00:00+02:00,0.354,0.0984239652,0.0,0.0,0.354,0.47655099799999995,0.33642089799999997,0.5509999999999999,0.0
2025-07-18 01:00:00+02:00,0.349,0.0931825114,0.0,0.0,0.349,0.4631984059999999,0.32306830599999997,0.42175,0.0
2025-07-18 02:00:00+02:00,1.031,0.2716577776,0.0,0.0,1.031,0.4589525159999999,0.318822416,0.5335,0.0
2025-07-18 03:00:00+02:00,0.344,0.0904656016,0.0,0.0,0.344,0.45833759399999996,0.318207494,0.5599999999999999,0.0
2025-07-18 04:00:00+02:00,0.343,0.090933073,0.0,0.0,0.343,0.46091440999999994,0.32078430999999996,0.36424999999999996,0.0
2025-07-18 05:00:00+02:00,0.343,0.0948385053,0.0,0.0,0.343,0.474691591,0.334561491,0.47975,0.0
2025-07-18 06:00:00+02:00,0.842,0.239117054,0.0,0.0,0.842,0.48375436999999993,0.34362426999999995,0.18150000000000002,0.00725
2025-07-18 07:00:00+02:00,0.051,0.0145413444,0.044,0.0125454736,0.006999999999999999,0.485130624,0.345000524,0.059,0.09225
2025-07-18 08:00:00+02:00,0.008,0.0022402424,0.834,0.2335452702,-0.826,0.478966763,0.338836663,0.0265,0.58575
2025-07-18 09:00:00+02:00,0.003,0.0008031375,1.312,0.3512388,-1.3090000000000002,0.464062225,0.323932125,0.24475,0.8745
2025-07-18 10:00:00+02:00,0.497,0.1248865079,1.75,0.439741225,-1.2530000000000001,0.44417974699999996,0.30404964700000003,0.026500000000000003,1.4157499999999998
2025-07-18 11:00:00+02:00,0.0,0.0,2.502,0.6179569704,-2.502,0.438982192,0.29885209199999996,0.017,2.0789999999999997
2025-07-18 12:00:00+02:00,0.005,0.001222342,1.421,0.3473895964,-1.4160000000000001,0.435936864,0.295806764,0.016999999999999998,2.85925
2025-07-18 13:00:00+02:00,0.002,0.0004720452,1.938,0.4574117988,-1.936,0.425717446,0.28558734599999996,0.00275,3.3745
2025-07-18 14:00:00+02:00,0.44,0.102880976,2.66,0.621962264,-2.22,0.423052784,0.282922684,0.02,3.63225
2025-07-18 15:00:00+02:00,0.003,0.0007068336,2.156,0.5079777472,-2.153,0.42521965199999995,0.28508955199999997,0.01925,3.417
2025-07-18 16:00:00+02:00,0.0,0.0,2.54,0.622640106,-2.54,0.436742119,0.29661201899999995,0.0,3.4635000000000002
2025-07-18 17:00:00+02:00,0.002,0.0005002624,1.856,0.4642435072,-1.854,0.44278885199999996,0.302658752,0.0115,2.45425
2025-07-18 18:00:00+02:00,0.489,0.1312486758,2.324,0.6237667128,-1.835,0.46489676199999996,0.324766662,0.01725,1.9369999999999998
2025-07-18 19:00:00+02:00,0.002,0.0005864144,1.911,0.5603189592,-1.909,0.4949108119999999,0.354780712,0.187,0.9934999999999999
2025-07-18 20:00:00+02:00,0.009,0.0029249451,0.675,0.2193708825,-0.666,0.533372719,0.393242619,0.11825000000000001,0.5479999999999999
2025-07-18 21:00:00+02:00,0.224,0.0729206016,0.003,0.0009766152,0.221,0.534031564,0.393901464,0.23049999999999998,0.035750000000000004
2025-07-18 22:00:00+02:00,1.036,0.3120361552,0.0,0.0,1.036,0.504573872,0.364443772,0.56825,0.0
2025-07-18 23:00:00+02:00,0.793,0.2264202941,0.0,0.0,0.793,0.485613777,0.345483677,0.49449999999999994,0.0
2025-07-19 00:00:00+02:00,0.681,0.1892256564,0.0,0.0,0.681,0.476346024,0.336215924,0.2875,0.0
2025-07-19 01:00:00+02:00,0.355,0.0976753745,0.0,0.0,0.355,0.473051799,0.33292169899999996,0.6355000000000001,0.0
2025-07-19 02:00:00+02:00,1.004,0.272974548,0.0,0.0,1.004,0.4691133699999999,0.32898327,0.502,0.0
2025-07-19 03:00:00+02:00,0.339,0.0917471973,0.0,0.0,0.339,0.467605347,0.327475247,0.2545,0.0
2025-07-19 04:00:00+02:00,0.352,0.0938812864,0.0,0.0,0.352,0.462847022,0.322716922,0.24875,0.0
2025-07-19 05:00:00+02:00,0.343,0.0895344219,0.0,0.0,0.343,0.455980393,0.315850293,0.23625000000000002,0.0
2025-07-19 06:00:00+02:00,0.873,0.2306285289,0.0,0.0,0.873,0.45978705299999995,0.319656953,0.1185,0.0155
2025-07-19 07:00:00+02:00,0.077,0.0195610415,0.048,0.012193896,0.028999999999999998,0.44751789499999994,0.30738779499999996,0.026500000000000003,0.17
2025-07-19 08:00:00+02:00,0.005,0.001237588,0.638,0.1579162288,-0.633,0.439626396,0.299496296,0.05125,0.5940000000000001
2025-07-19 09:00:00+02:00,0.005,0.001077142,1.35,0.29082834,-1.3450000000000002,0.40079846399999997,0.260668364,0.08425,0.907
2025-07-19 10:00:00+02:00,0.492,0.0786060528,1.199,0.1915623116,-0.7070000000000001,0.333449864,0.193319764,0.08474999999999999,1.08625
2025-07-19 11:00:00+02:00,0.003,0.0004453647,2.024,0.3004727176,-2.021,0.319760529,0.179630429,1.4685000000000001,1.15125
2025-07-19 12:00:00+02:00,0.0,0.0,3.076,0.4542279984,-3.076,0.31880886399999997,0.178678764,2.18075,1.367
2025-07-19 13:00:00+02:00,0.0,0.0,3.613,0.5334822119,-3.613,0.318794223,0.17866412299999998,1.7934999999999999,2.149
2025-07-19 14:00:00+02:00,0.418,0.0617253912,2.566,0.3789171144,-2.1479999999999997,0.31880886399999997,0.178678764,2.5802500000000004,2.591
2025-07-19 15:00:00+02:00,0.0,0.0,2.887,0.4339689321,-2.887,0.32201524299999995,0.18188514299999997,3.4085,2.04875
2025-07-19 16:00:00+02:00,0.004,0.0007447792,1.888,0.3515357824,-1.884,0.36542580799999996,0.22529570799999998,2.5892500000000003,2.27825
2025-07-19 17:00:00+02:00,0.032,0.0080932544,0.328,0.0829558576,-0.29600000000000004,0.4461562819999999,0.306026182,2.8000000000000003,2.06675
2025-07-19 18:00:00+02:00,0.829,0.2211211596,0.008,0.0021338592,0.821,0.4628763039999999,0.322746204,0.1085,1.43425
2025-07-19 19:00:00+02:00,0.274,0.0788601044,0.0,0.0,0.274,0.488380926,0.348250826,0.0935,0.9580000000000001
2025-07-19 20:00:00+02:00,0.306,0.090084258,0.0,0.0,0.306,0.49634563,0.35621553,0.42900000000000005,0.14775000000000002
2025-07-19 21:00:00+02:00,0.344,0.0974792456,0.0,0.0,0.344,0.483007679,0.342877579,0.706,0.00375
2025-07-19 22:00:00+02:00,0.986,0.2723875286,0.0,0.0,0.986,0.47439877099999994,0.33426867099999996,0.5952500000000001,0.0
2025-07-19 23:00:00+02:00,0.402,0.1077031164,0.0,0.0,0.402,0.46431112199999997,0.324181022,0.61075,0.0
2025-07-20 00:00:00+02:00,0.86,0.21415548,0.0,0.0,0.86,0.44144187999999995,0.30131178,0.42225,0.0
2025-07-20 01:00:00+02:00,0.606,0.1547031948,0.0,0.0,0.606,0.44902591799999997,0.308895818,0.37825,0.0
2025-07-20 02:00:00+02:00,0.958,0.2556803326,0.0,0.0,0.958,0.46306663699999995,0.322936537,0.38275000000000003,0.0
2025-07-20 03:00:00+02:00,0.384,0.1004644608,0.0,0.0,0.384,0.456697802,0.31656770199999995,0.38075,0.0
2025-07-20 04:00:00+02:00,0.353,0.0955660662,0.0,0.0,0.353,0.46770783399999993,0.327577734,0.37949999999999995,0.0
2025-07-20 05:00:00+02:00,0.341,0.0909722528,0.0,0.0,0.341,0.462934868,0.32280476799999996,0.37274999999999997,0.0
2025-07-20 06:00:00+02:00,0.878,0.2329161912,0.0,0.0,0.878,0.461119384,0.32098928400000004,0.23625000000000002,0.002
2025-07-20 07:00:00+02:00,0.129,0.0328538232,0.0,0.0,0.129,0.448293868,0.30816376799999995,0.045000000000000005,0.081
2025-07-20 08:00:00+02:00,0.009,0.0022895136,0.224,0.0569834496,-0.215,0.447942484,0.307812384,0.043000000000000003,0.49424999999999997
2025-07-20 09:00:00+02:00,0.01,0.00223729,0.643,0.143857747,-0.633,0.41084219000000005,0.27071209,0.03825,0.8900000000000001
2025-07-20 10:00:00+02:00,0.492,0.0812671332,1.328,0.2193551888,-0.8360000000000001,0.33999439099999995,0.199864291,0.0655,1.16425
2025-07-20 11:00:00+02:00,0.003,0.0004549842,2.513,0.3811250982,-2.51,0.323640394,0.183510294,0.31499999999999995,1.2429999999999999
2025-07-20 12:00:00+02:00,0.0,0.0,3.03,0.447435252,-3.03,0.31880886399999997,0.178678764,0.98025,1.3679999999999999
2025-07-20 13:00:00+02:00,0.005,0.0007382815,1.472,0.2173500736,-1.467,0.318794223,0.17866412299999998,1.1540000000000001,1.2955
2025-07-20 14:00:00+02:00,0.014,0.0020673576,0.913,0.1348212492,-0.899,0.31880886399999997,0.178678764,0.0395,1.5005
2025-07-20 15:00:00+02:00,0.712,0.1177439384,0.973,0.1609056911,-0.261,0.340228647,0.20009854700000002,0.0055,1.9890000000000003
2025-07-20 16:00:00+02:00,0.012,0.0027786924,0.363,0.0840554451,-0.351,0.420314917,0.280184817,0.82275,1.478
2025-07-20 17:00:00+02:00,0.084,0.02114112,0.134,0.03372512,-0.05,0.44466289999999997,0.3045328,0.2679999999999999,1.42975
2025-07-20 18:00:00+02:00,0.005,0.0013858735,0.376,0.1042176872,-0.371,0.47551148699999995,0.335381387,0.39149999999999996,1.16825
2025-07-20 19:00:00+02:00,0.669,0.1894530396,0.102,0.0288852168,0.5670000000000001,0.48278806399999996,0.342657964,0.19675,0.47475
2025-07-20 20:00:00+02:00,0.012,0.0034563408,0.453,0.1304768652,-0.441,0.48864446400000006,0.348514364,0.1245,0.191
2025-07-20 21:00:00+02:00,0.218,0.0651378332,0.01,0.002987974,0.208,0.501674954,0.36154485399999997,0.49824999999999997,0.001
2025-07-20 22:00:00+02:00,0.356,0.1046402192,0.0,0.0,0.356,0.49578927199999995,0.355659172,0.44000000000000006,0.0
2025-07-20 23:00:00+02:00,1.008,0.2818558512,0.0,0.0,1.008,0.47846896899999997,0.338338869,0.32275,0.0
2025-07-21 00:00:00+02:00,0.346,0.0896099864,0.0,0.0,0.346,0.45350606399999993,0.313375964,0.31125,0.0
2025-07-21 01:00:00+02:00,0.851,0.2139222525,0.0,0.0,0.851,0.444296875,0.30416677499999994,0.40800000000000003,0.0
2025-07-21 02:00:00+02:00,1.061,0.2692791475,0.0,0.0,1.061,0.44722507499999997,0.307094975,0.34925,0.0
2025-07-21 03:00:00+02:00,0.134,0.0339261736,0.0,0.0,0.134,0.44647838400000006,0.306348284,0.41425,0.0
2025-07-21 04:00:00+02:00,0.153,0.0381664008,0.0,0.0,0.153,0.441968956,0.301838856,0.34199999999999997,0.0
2025-07-21 05:00:00+02:00,0.138,0.035884002,0.0,0.0,0.138,0.45476519000000004,0.31463509,0.294,0.0
2025-07-21 06:00:00+02:00,0.692,0.1891673344,0.007,0.0019135424,0.6849999999999999,0.470899572,0.33076947199999995,0.16324999999999998,0.00875
2025-07-21 07:00:00+02:00,0.012,0.0032254728,0.135,0.036286569,-0.12300000000000001,0.46536527400000005,0.325235174,0.1615,0.0835
2025-07-21 08:00:00+02:00,0.005,0.0013148465,0.747,0.1964380671,-0.742,0.45832295300000003,0.318192853,0.197,0.42824999999999996
2025-07-21 09:00:00+02:00,0.005,0.0012879845,1.352,0.3482710088,-1.3470000000000002,0.45182234899999996,0.31169224900000003,0.025,0.9480000000000001
2025-07-21 10:00:00+02:00,0.485,0.1126693315,1.515,0.3519464685,-1.0299999999999998,0.42122265899999994,0.281092559,0.02075,1.18525
2025-07-21 11:00:00+02:00,0.0,0.0,2.346,0.536790606,-2.346,0.41699140999999995,0.27686130999999997,0.0165,1.3402500000000002
2025-07-21 12:00:00+02:00,0.003,0.0007116615,3.091,0.7332485655,-3.088,0.42716690500000004,0.287036805,0.7667499999999999,2.15275
2025-07-21 13:00:00+02:00,0.0,0.0,3.961,0.94418357,-3.961,0.4285578,0.2884277,0.78575,2.329
2025-07-21 14:00:00+02:00,0.348,0.0844939128,2.167,0.5261445662,-1.819,0.433916406,0.293786306,2.11325,1.96275
2025-07-21 15:00:00+02:00,0.005,0.001208427,0.854,0.2063993316,-0.849,0.43256943400000003,0.292439334,1.67625,2.49775
2025-07-21 16:00:00+02:00,0.002,0.0004964388,2.986,0.7411831284,-2.9840000000000004,0.440475574,0.300345474,1.153,2.53425
2025-07-21 17:00:00+02:00,0.005,0.0013244055,1.498,0.3967918878,-1.493,0.46063623099999995,0.32050613099999997,0.6875,2.04
2025-07-21 18:00:00+02:00,0.614,0.1675181112,1.339,0.3653204412,-0.725,0.470255368,0.33012526799999997,0.013000000000000001,1.95325
2025-07-21 19:00:00+02:00,0.006,0.0018246558,0.869,0.2642709817,-0.863,0.508102353,0.367972253,0.101,1.12175
2025-07-21 20:00:00+02:00,0.015,0.0046730805,0.027,0.0084115449,-0.012,0.5170919270000001,0.37696182699999997,0.32799999999999996,0.10075
2025-07-21 21:00:00+02:00,0.132,0.0401967324,0.0,0.0,0.132,0.5086001469999999,0.36847004699999997,0.51025,0.0
2025-07-21 22:00:00+02:00,0.789,0.2225477859,0.0,0.0,0.789,0.481426451,0.341296351,0.551,0.0
2025-07-21 23:00:00+02:00,0.142,0.0381577856,0.0,0.0,0.142,0.46527742799999994,0.32514732799999996,0.372,0.0
2025-07-22 00:00:00+02:00,0.145,0.038034051,0.0,0.0,0.145,0.4575176979999999,0.31738759799999994,0.36075,0.0
2025-07-22 01:00:00+02:00,0.188,0.0475979152,0.0,0.0,0.188,0.44647838400000006,0.306348284,0.36775,0.0
2025-07-22 02:00:00+02:00,1.674,0.4203400608,0.0,0.0,1.674,0.44396013200000006,0.303830032,0.3665,0.0
2025-07-22 03:00:00+02:00,0.139,0.0343174876,0.0,0.0,0.139,0.43886506399999997,0.298734964,0.36450000000000005,0.0
2025-07-22 04:00:00+02:00,0.153,0.0375887952,0.0,0.0,0.153,0.43740096399999995,0.29727086399999997,0.31775,0.0
2025-07-22 05:00:00+02:00,0.764,0.19297685,0.0,0.0,0.764,0.44576097500000006,0.305630875,0.28099999999999997,0.0
2025-07-22 06:00:00+02:00,0.066,0.0181865178,0.007,0.0019288731,0.059000000000000004,0.47354959299999994,0.333419493,0.13075,0.01075
2025-07-22 07:00:00+02:00,0.006,0.0016584744,0.149,0.0411854476,-0.143,0.47458910399999993,0.334459004,0.07650000000000001,0.2075
2025-07-22 08:00:00+02:00,0.011,0.0030392054,0.376,0.1038855664,-0.365,0.47444269400000005,0.334312594,0.7679999999999999,0.47350000000000003
2025-07-22 09:00:00+02:00,0.008,0.0020418992,0.926,0.2363498324,-0.918,0.44896735400000004,0.308837254,0.01275,1.1675
2025-07-22 10:00:00+02:00,0.612,0.1483705872,1.158,0.2807404248,-0.5459999999999999,0.43347717599999996,0.293347076,0.0075,1.464
2025-07-22 11:00:00+02:00,0.001,0.0002243461,2.253,0.5054517633,-2.2520000000000002,0.41158888099999996,0.271458781,0.13275,1.44675
2025-07-22 12:00:00+02:00,0.003,0.000581889,2.378,0.461244014,-2.375,0.37482532999999996,0.23469522999999998,0.007,2.681
2025-07-22 13:00:00+02:00,0.171,0.0274673025,3.269,0.5250912975,-3.0980000000000003,0.334489375,0.194359275,0.00325,2.81275
2025-07-22 14:00:00+02:00,0.358,0.0530602182,3.579,0.5304539691,-3.221,0.319467709,0.179337609,0.0032500000000000003,2.7504999999999997
2025-07-22 15:00:00+02:00,0.0,0.0,3.074,0.4708193732,-3.074,0.325455878,0.18532577799999997,1.10325,2.3745
2025-07-22 16:00:00+02:00,0.001,0.0001924263,3.62,0.696583206,-3.619,0.37296592300000003,0.232835823,1.15125,2.233
2025-07-22 17:00:00+02:00,0.493,0.1180115299,2.607,0.6240488001,-2.1140000000000003,0.429773003,0.289642903,0.073,1.22675
2025-07-22 18:00:00+02:00,0.008,0.0020288312,1.975,0.5008677025,-1.967,0.44699081899999993,0.306860719,0.1365,0.8565
2025-07-22 19:00:00+02:00,0.005,0.0013905925,0.867,0.2411287395,-0.862,0.476653485,0.33652338499999995,0.0645,0.91275
2025-07-22 20:00:00+02:00,0.011,0.0031327747,0.354,0.1008183858,-0.34299999999999997,0.484735317,0.34460521699999996,0.05525,0.2955
2025-07-22 21:00:00+02:00,0.736,0.2098693696,0.01,0.002851486,0.726,0.4851599059999999,0.34502980599999994,1.62375,0.0
2025-07-22 22:00:00+02:00,0.141,0.0393546087,0.0,0.0,0.141,0.477854047,0.33772394699999997,1.23925,0.0
2025-07-22 23:00:00+02:00,0.141,0.0384128415,0.0,0.0,0.141,0.469772215,0.32964211499999996,0.5865,0.0
2025-07-23 00:00:00+02:00,0.143,0.0363363,0.0,0.0,0.143,0.44759109999999996,0.307461,0.39649999999999996,0.0
2025-07-23 01:00:00+02:00,0.777,0.190102374,0.0,0.0,0.777,0.43617112,0.29604102,0.2375,0.0
2025-07-23 02:00:00+02:00,0.728,0.176792616,0.0,0.0,0.728,0.43397497,0.29384487,0.19799999999999998,0.0
2025-07-23 03:00:00+02:00,0.501,0.1204781754,0.0,0.0,0.501,0.43110533399999995,0.29097523399999997,0.20475,0.0
2025-07-23 04:00:00+02:00,0.147,0.0355811148,0.0,0.0,0.147,0.433008664,0.292878564,0.9334999999999999,0.0
2025-07-23 05:00:00+02:00,0.777,0.1897639128,0.0,0.0,0.777,0.435644044,0.29551394400000003,0.872,0.0
2025-07-23 06:00:00+02:00,0.047,0.0121622182,0.013,0.0033640178,0.034,0.45324252600000003,0.313112426,0.0855,0.024
2025-07-23 07:00:00+02:00,0.011,0.0029538883,0.387,0.1039231611,-0.376,0.465057813,0.32492771299999995,0.02825,0.12899999999999998
2025-07-23 08:00:00+02:00,0.009,0.0023799006,0.608,0.1607755072,-0.599,0.460094514,0.319964414,0.65425,0.624
2025-07-23 09:00:00+02:00,0.548,0.1382985956,0.668,0.1685829596,-0.12,0.445497437,0.30536733699999996,0.59925,1.0795
2025-07-23 10:00:00+02:00,0.008,0.0020048248,0.786,0.1969740366,-0.778,0.443359851,0.303229751,0.02225,1.20125
2025-07-23 11:00:00+02:00,0.006,0.0014791524,0.727,0.1792239658,-0.721,0.43842583399999996,0.298295734,0.05425,1.9349999999999998
2025-07-23 12:00:00+02:00,0.006,0.0014048826,1.149,0.2690350179,-1.143,0.423448091,0.283317991,0.435,2.28375
2025-07-23 13:00:00+02:00,0.493,0.1043032705,2.102,0.444716987,-1.609,0.396127985,0.255997885,0.41824999999999996,2.29275
2025-07-23 14:00:00+02:00,0.0,0.0,2.902,0.6181503768,-2.902,0.3978702639999999,0.257740164,2.7535,2.29925
2025-07-23 15:00:00+02:00,0.003,0.0006380451,1.578,0.3356117226,-1.5750000000000002,0.39747495699999996,0.257344857,2.1062499999999997,2.44175
2025-07-23 16:00:00+02:00,0.004,0.0009237624,1.977,0.4565695662,-1.973,0.419568226,0.279438126,1.79775,2.12925
2025-07-23 17:00:00+02:00,0.578,0.1409530452,1.132,0.2760533688,-0.5539999999999999,0.43520481400000005,0.295074714,1.2775,2.1165
2025-07-23 18:00:00+02:00,0.004,0.001019304,1.425,0.36312705,-1.421,0.44846955999999993,0.30833946,0.6287499999999999,1.5772499999999998
2025-07-23 19:00:00+02:00,0.009,0.002491632,0.703,0.194624144,-0.694,0.47511617999999994,0.33498607999999996,0.11650000000000002,1.0655
2025-07-23 20:00:00+02:00,0.01,0.002864554,0.609,0.1744513386,-0.599,0.48674113399999996,0.34661103400000004,0.17,0.41400000000000003
2025-07-23 21:00:00+02:00,0.899,0.2632886916,0.0,0.0,0.899,0.494500864,0.35437076399999995,0.25775,0.0085
2025-07-23 22:00:00+02:00,0.355,0.099982058,0.0,0.0,0.355,0.48091401599999994,0.34078391599999996,0.46125,0.0
2025-07-23 23:00:00+02:00,0.352,0.095874592,0.0,0.0,0.352,0.46969901,0.32956890999999994,0.5862499999999999,0.0
2025-07-24 00:00:00+02:00,0.976,0.2592679584,0.0,0.0,0.976,0.4615586139999999,0.32142851399999994,0.51975,0.0
2025-07-24 01:00:00+02:00,0.35,0.091056735,0.0,0.0,0.35,0.454926241,0.314796141,0.4835,0.0
2025-07-24 02:00:00+02:00,0.401,0.101942621,0.0,0.0,0.401,0.44773751,0.30760740999999997,0.41175,0.0
2025-07-24 03:00:00+02:00,1.067,0.2698981835,0.0,0.0,1.067,0.446200205,0.30607010500000004,3.337,0.0
2025-07-24 04:00:00+02:00,0.351,0.0899833077,0.0,0.0,0.351,0.450328967,0.310198867,1.3392499999999998,0.0
2025-07-24 05:00:00+02:00,1.039,0.2790207486,0.0,0.0,1.039,0.4650724539999999,0.324942354,0.591,0.0
2025-07-24 06:00:00+02:00,0.253,0.0707956238,0.0,0.0,0.253,0.47871786599999994,0.33858776599999996,1.63975,0.0055
2025-07-24 07:00:00+02:00,0.052,0.0134346784,0.039,0.0100760088,0.012999999999999998,0.452744732,0.312614632,0.31999999999999995,0.0935
2025-07-24 08:00:00+02:00,0.005,0.001312487,0.3,0.07874922,-0.295,0.45775195399999996,0.317621854,0.059500000000000004,0.47125
2025-07-24 09:00:00+02:00,0.663,0.1744930473,0.667,0.1755457957,-0.0040000000000000036,0.45858649099999993,0.318456391,0.02375,0.8029999999999999
2025-07-24 10:00:00+02:00,0.008,0.0020194416,1.173,0.2961006246,-1.165,0.445570642,0.305440542,0.0095,1.26625
2025-07-24 11:00:00+02:00,0.003,0.0007396488,1.088,0.2682459648,-1.0850000000000002,0.438455116,0.298325016,0.13025,2.01525
2025-07-24 12:00:00+02:00,0.004,0.0009807776,1.589,0.3896139016,-1.585,0.436815324,0.296685224,0.05575000000000001,2.5454999999999997
2025-07-24 13:00:00+02:00,0.491,0.1164693244,1.842,0.4369378728,-1.351,0.427152264,0.287022164,0.0435,3.07175
2025-07-24 14:00:00+02:00,0.003,0.0007131498,2.692,0.6399330872,-2.689,0.427767186,0.287637086,0.19474999999999998,2.815
2025-07-24 15:00:00+02:00,0.001,0.0002419637,2.762,0.6683037394,-2.761,0.43290617699999995,0.292776077,0.15200000000000002,2.87625
2025-07-24 16:00:00+02:00,0.594,0.147952629,0.551,0.1372422535,0.04299999999999993,0.441515085,0.301384985,0.17750000000000002,2.72525
2025-07-24 17:00:00+02:00,0.004,0.001043988,1.711,0.446565867,-1.707,0.45593647,0.31580636999999995,0.0485,2.34625
2025-07-24 18:00:00+02:00,0.004,0.0010940336,2.148,0.5874960432,-2.144,0.47107526399999994,0.33094516399999996,0.1225,1.91425
2025-07-24 19:00:00+02:00,0.002,0.0005617062,1.846,0.5184548226,-1.844,0.47996235100000006,0.33983225100000003,0.00775,1.51575
2025-07-24 20:00:00+02:00,0.681,0.222153096,0.419,0.136684504,0.26200000000000007,0.5348514600000001,0.39472136,0.1915,0.396
2025-07-24 21:00:00+02:00,0.268,0.083550742,0.002,0.000623513,0.266,0.517355465,0.377225365,0.33425,0.002
2025-07-24 22:00:00+02:00,0.355,0.102851452,0.0,0.0,0.355,0.490694204,0.350564104,0.6405,0.0
2025-07-24 23:00:00+02:00,0.343,0.0957225192,0.0,0.0,0.343,0.477810124,0.33768002399999997,0.5775000000000001,0.0
2025-07-25 00:00:00+02:00,0.99,0.277014375,0.0,0.0,0.99,0.47870322499999995,0.33857312500000003,0.55175,0.0
2025-07-25 01:00:00+02:00,0.362,0.0985282188,0.0,0.0,0.362,0.469464754,0.329334654,0.41975,0.0
2025-07-25 02:00:00+02:00,0.34,0.089249116,0.0,0.0,0.34,0.45775195399999996,0.317621854,0.5269999999999999,0.0
2025-07-25 03:00:00+02:00,0.79,0.201666223,0.0,0.0,0.79,0.449011277,0.308881177,0.5579999999999999,0.0
2025-07-25 04:00:00+02:00,1.362,0.352264275,0.0,0.0,1.362,0.45308147500000007,0.31295137500000003,0.35850000000000004,0.0
2025-07-25 05:00:00+02:00,0.346,0.0905394116,0.0,0.0,0.346,0.4567563659999999,0.316626266,0.33225,0.0
2025-07-25 06:00:00+02:00,0.233,0.0643195102,0.0,0.0,0.233,0.47414987399999997,0.334019774,0.3545,0.0
2025-07-25 07:00:00+02:00,0.009,0.0025051356,0.071,0.0197627364,-0.06199999999999999,0.47693166400000003,0.336801564,0.066,0.05324999999999999
2025-07-25 08:00:00+02:00,0.012,0.003370818,0.142,0.039888013,-0.12999999999999998,0.480020915,0.339890815,0.02375,0.576
2025-07-25 09:00:00+02:00,0.749,0.1983234407,0.321,0.0849957603,0.428,0.46051910299999993,0.32038900299999995,0.121,0.8862500000000001
2025-07-25 10:00:00+02:00,0.005,0.001283447,0.634,0.1627410796,-0.629,0.45072427400000004,0.310594174,0.1495,1.399
2025-07-25 11:00:00+02:00,0.007,0.0017421943,0.864,0.2150365536,-0.857,0.441280829,0.301150729,0.00425,2.24275
2025-07-25 12:00:00+02:00,0.011,0.0027071209,0.528,0.1299418032,-0.517,0.437913399,0.297783299,0.016,2.506
2025-07-25 13:00:00+02:00,0.593,0.1397174416,0.465,0.109559208,0.12799999999999995,0.42521965199999995,0.28508955199999997,0.0032500000000000003,2.904
2025-07-25 14:00:00+02:00,0.007,0.0016123492,0.945,0.217667142,-0.938,0.418836176,0.27870607599999997,0.13,3.18775
2025-07-25 15:00:00+02:00,0.005,0.001189309,1.024,0.2435704832,-1.0190000000000001,0.42794287799999997,0.287812778,0.02,2.87
2025-07-25 16:00:00+02:00,0.001,0.0002407416,2.385,0.574168716,-2.384,0.43142743599999994,0.291297336,0.0,3.239
2025-07-25 17:00:00+02:00,0.483,0.1189665708,1.143,0.2815295868,-0.66,0.43816229599999995,0.29803219599999997,0.01175,2.36525
2025-07-25 18:00:00+02:00,0.0,0.0,2.884,0.7359301796,-2.884,0.448894149,0.308764049,0.13625,2.1792499999999997
2025-07-25 19:00:00+02:00,0.003,0.0008209245,1.776,0.485987304,-1.7730000000000001,0.4712363149999999,0.331106215,0.058,1.4697500000000001
2025-07-25 20:00:00+02:00,0.639,0.1851635412,0.702,0.2034191016,-0.06299999999999994,0.49075276799999995,0.35062266799999997,0.10400000000000001,0.6912499999999999
2025-07-25 21:00:00+02:00,0.237,0.0696105498,0.01,0.002937154,0.22699999999999998,0.49552573400000005,0.355395634,0.214,0.036500000000000005
2025-07-25 22:00:00+02:00,0.349,0.0996773316,0.0,0.0,0.349,0.48571626399999995,0.345586164,0.6579999999999999,0.0
2025-07-25 23:00:00+02:00,0.341,0.0955522238,0.0,0.0,0.341,0.47918637799999997,0.339056278,0.551,0.0
2025-07-26 00:00:00+02:00,0.35,0.097917435,0.0,0.0,0.35,0.478644661,0.338514561,0.3635,0.0
2025-07-26 01:00:00+02:00,1.036,0.2774253636,0.0,0.0,1.036,0.46415007099999994,0.32401997099999996,0.63275,0.0
2025-07-26 02:00:00+02:00,0.137,0.0357681929,0.0,0.0,0.137,0.456038957,0.31590885700000004,0.66325,0.0
2025-07-26 03:00:00+02:00,0.227,0.0586804988,0.0,0.0,0.227,0.45292042400000004,0.312790324,0.24775,0.0
2025-07-26 04:00:00+02:00,1.052,0.2700117904,0.0,0.0,1.052,0.450694992,0.310564892,0.2465,0.0
2025-07-26 05:00:00+02:00,0.814,0.208216316,0.0,0.0,0.814,0.44964084000000004,0.30951074,0.239,0.0
2025-07-26 06:00:00+02:00,0.05,0.012973015,0.024,0.0062270472,0.026000000000000002,0.45407706299999995,0.31394696299999997,0.2985,0.0155
2025-07-26 07:00:00+02:00,0.006,0.001546017,0.254,0.065448053,-0.248,0.45191019499999996,0.311780095,0.035250000000000004,0.17
2025-07-26 08:00:00+02:00,0.519,0.1298180928,0.67,0.167587904,-0.15100000000000002,0.44278885199999996,0.302658752,0.0515,0.5875
2025-07-26 09:00:00+02:00,0.036,0.008764272,1.177,0.286543004,-1.141,0.43470701999999994,0.29457692,0.08049999999999999,0.94525
2025-07-26 10:00:00+02:00,0.002,0.000468149,1.658,0.388095521,-1.656,0.42336024499999997,0.283230145,0.15975,1.1172499999999999
2025-07-26 11:00:00+02:00,0.0,0.0,2.28,0.519371688,-2.28,0.415761566,0.275631466,1.469,1.07175
2025-07-26 12:00:00+02:00,0.007,0.0015352722,1.578,0.3460942188,-1.5710000000000002,0.40551286599999997,0.265382766,2.1805000000000003,1.3482500000000002
2025-07-26 13:00:00+02:00,0.004,0.0008064408,0.704,0.1419335808,-0.7,0.38407844199999996,0.24394834199999998,1.7934999999999999,2.12925
2025-07-26 14:00:00+02:00,0.014,0.0028130564,1.152,0.2314743552,-1.138,0.383258546,0.24312844599999997,2.2565,2.48025
2025-07-26 15:00:00+02:00,0.011,0.0024248158,1.655,0.364824559,-1.6440000000000001,0.406859838,0.266729738,3.4085,1.74125
2025-07-26 16:00:00+02:00,0.009,0.0020517849,0.665,0.1516041065,-0.656,0.415981181,0.275851081,2.59025,1.80725
2025-07-26 17:00:00+02:00,0.01,0.002398825,0.566,0.135773495,-0.5559999999999999,0.43038792499999995,0.29025782499999997,2.8075,1.3679999999999999
2025-07-26 18:00:00+02:00,0.009,0.0023030172,0.545,0.139460486,-0.536,0.4497579679999999,0.309627868,0.31575,0.8075
2025-07-26 19:00:00+02:00,0.013,0.0036622586,0.2,0.05634244,-0.187,0.48100186200000006,0.340871762,0.15325000000000003,0.7362500000000001
2025-07-26 20:00:00+02:00,0.21,0.061997859,0.0,0.0,0.21,0.49735585899999996,0.357225759,0.49350000000000005,0.009750000000000002
2025-07-26 21:00:00+02:00,0.371,0.1123487057,0.0,0.0,0.371,0.506550407,0.366420307,0.58675,0.0
2025-07-26 22:00:00+02:00,0.607,0.177594846,0.0,0.0,0.607,0.49414948,0.35401938,0.6897500000000001,0.0
2025-07-26 23:00:00+02:00,0.492,0.1383761808,0.0,0.0,0.492,0.480445504,0.340315404,0.61275,0.0
2025-07-27 00:00:00+02:00,0.462,0.1276354464,0.0,0.0,0.462,0.474413412,0.334283312,0.5465,0.0
2025-07-27 01:00:00+02:00,0.374,0.1014413664,0.0,0.0,0.374,0.46832275600000006,0.328192656,0.44075,0.0
2025-07-27 02:00:00+02:00,0.263,0.0706279662,0.0,0.0,0.263,0.4650724539999999,0.324942354,0.53175,0.0
2025-07-27 03:00:00+02:00,0.18,0.046633158,0.0,0.0,0.18,0.453608551,0.313478451,0.3865,0.0
2025-07-27 04:00:00+02:00,3.596,0.9312787748,0.0,0.0,3.596,0.453491423,0.31336132299999997,0.37775000000000003,0.0
2025-07-27 05:00:00+02:00,0.49,0.125647368,0.0,0.0,0.49,0.45040217200000005,0.310272072,0.37175,0.0
2025-07-27 06:00:00+02:00,1.364,0.3479622652,0.008,0.0020408344,1.356,0.448806303,0.308676203,0.4175,0.002
2025-07-27 07:00:00+02:00,0.012,0.0030236448,0.187,0.0471184648,-0.175,0.445014284,0.30488418399999995,0.0685,0.0635
2025-07-27 08:00:00+02:00,0.005,0.0012613645,0.547,0.1379932763,-0.542,0.445380309,0.305250209,0.03950000000000001,0.38375000000000004
2025-07-27 09:00:00+02:00,0.051,0.0128159328,0.667,0.1676122976,-0.616,0.44419438799999994,0.30406428799999996,0.036250000000000004,0.81325
2025-07-27 10:00:00+02:00,0.097,0.0227721274,1.377,0.3232703034,-1.28,0.424194782,0.284064682,0.183,1.1307500000000001
2025-07-27 11:00:00+02:00,0.025,0.00574871,1.126,0.2589218984,-1.101,0.41836766400000003,0.278237564,0.1375,1.71925
2025-07-27 12:00:00+02:00,0.004,0.0008081832,2.189,0.4422782562,-2.185,0.38460551800000004,0.244475418,0.63125,2.1254999999999997
2025-07-27 13:00:00+02:00,0.395,0.065517386,0.135,0.022392018,0.26,0.340828928,0.200698828,1.1022500000000002,1.595
2025-07-27 14:00:00+02:00,1.71,0.270824499,0.312,0.0494135928,1.398,0.331766149,0.19163604899999997,0.040749999999999995,1.4587500000000002
2025-07-27 15:00:00+02:00,0.028,0.0047208392,1.018,0.1716362252,-0.99,0.34413779399999994,0.20400769400000002,0.1835,1.33825
2025-07-27 16:00:00+02:00,0.0,0.0,3.52,0.724660288,-3.52,0.389232074,0.249101974,0.767,1.1205
2025-07-27 17:00:00+02:00,0.278,0.0679622152,2.082,0.5089832088,-1.8039999999999998,0.435936864,0.295806764,0.28674999999999995,0.94825
2025-07-27 18:00:00+02:00,0.171,0.0444277152,1.158,0.3008613696,-0.9869999999999999,0.454501652,0.314371552,0.38874999999999993,0.80625
2025-07-27 19:00:00+02:00,0.047,0.0128929977,0.323,0.0886050693,-0.276,0.472056211,0.33192611099999997,0.36,0.39075000000000004
2025-07-27 20:00:00+02:00,0.266,0.0746522084,0.02,0.005612948,0.24600000000000002,0.47971345399999993,0.339583354,0.11875,0.20325
2025-07-27 21:00:00+02:00,0.54,0.15469245,0.0,0.0,0.54,0.48675577499999995,0.34662567499999997,0.45275,0.0035
2025-07-27 22:00:00+02:00,0.547,0.1518131219,0.0,0.0,0.547,0.47595071699999997,0.335820617,0.364,0.0
2025-07-27 23:00:00+02:00,0.531,0.1454064381,0.0,0.0,0.531,0.47147057099999995,0.33134047099999997,0.475,0.0
2025-07-28 00:00:00+02:00,0.41,0.110154044,0.0,0.0,0.41,0.465218864,0.325088764,0.306,0.0
2025-07-28 01:00:00+02:00,0.379,0.0966753579,0.0,0.0,0.379,0.448777021,0.30864692099999996,0.42899999999999994,0.0
2025-07-28 02:00:00+02:00,0.355,0.0883885035,0.0,0.0,0.355,0.441397957,0.301267857,0.48574999999999996,0.0
2025-07-28 03:00:00+02:00,0.782,0.1887046546,0.0,0.0,0.782,0.432115563,0.291985463,0.356,0.0
2025-07-28 04:00:00+02:00,0.512,0.1226897408,0.0,0.0,0.512,0.430080464,0.28995036399999996,0.29025,0.0
2025-07-28 05:00:00+02:00,0.374,0.0933952052,0.0,0.0,0.374,0.442291058,0.302160958,0.24225,0.0
2025-07-28 06:00:00+02:00,0.253,0.0675506458,0.0,0.0,0.253,0.4631984059999999,0.32306830599999997,0.281,0.0105
2025-07-28 07:00:00+02:00,0.007,0.0019561465,0.179,0.0500214605,-0.172,0.47826399499999994,0.338133895,0.0635,0.116
2025-07-28 08:00:00+02:00,0.066,0.0186904344,0.559,0.1583023156,-0.49300000000000005,0.48278806399999996,0.342657964,0.02675,0.6067499999999999
2025-07-28 09:00:00+02:00,0.025,0.0065040525,1.116,0.2903409036,-1.0910000000000002,0.454926241,0.314796141,0.01725,1.1135000000000002
2025-07-28 10:00:00+02:00,0.012,0.0030111576,1.508,0.3784021384,-1.496,0.4437551579999999,0.30362505799999995,0.13875,1.23075
2025-07-28 11:00:00+02:00,0.009,0.0021937905,1.646,0.401219907,-1.637,0.435073045,0.294942945,0.00825,1.4400000000000002
2025-07-28 12:00:00+02:00,0.004,0.0009366852,1.777,0.4161224001,-1.773,0.423477373,0.283347273,0.7655,2.2855
2025-07-28 13:00:00+02:00,0.001,0.0002290288,3.546,0.8121361248,-3.545,0.417254948,0.277124848,0.76925,2.539
2025-07-28 14:00:00+02:00,0.019,0.0041391196,1.683,0.3666388572,-1.6640000000000001,0.403726664,0.263596564,1.9507500000000002,1.75725
2025-07-28 15:00:00+02:00,0.014,0.0031318672,2.899,0.6485202152,-2.8850000000000002,0.410812908,0.270682808,1.38175,1.9897500000000001
2025-07-28 16:00:00+02:00,0.066,0.0150192702,2.668,0.6071426196,-2.6020000000000003,0.41548338700000004,0.275353287,0.1705,2.8752500000000003
2025-07-28 17:00:00+02:00,0.108,0.026051058,1.97,0.475190595,-1.8619999999999999,0.43199843499999996,0.291868335,0.0805,2.1239999999999997
2025-07-28 18:00:00+02:00,0.062,0.0158569774,1.825,0.4667578025,-1.763,0.44959691699999993,0.30946681699999995,0.16125,1.999
2025-07-28 19:00:00+02:00,0.041,0.0110104434,1.314,0.3528712836,-1.2730000000000001,0.4650724539999999,0.324942354,0.101,1.00925
2025-07-28 20:00:00+02:00,0.024,0.0070288416,0.259,0.0758529156,-0.23500000000000001,0.494500864,0.35437076399999995,0.29425,0.09375
2025-07-28 21:00:00+02:00,0.242,0.0708448708,0.0,0.0,0.242,0.49435445399999994,0.35422435399999996,0.436,0.0
2025-07-28 22:00:00+02:00,0.268,0.0744514452,0.0,0.0,0.268,0.47627281899999996,0.336142719,0.6279999999999999,0.0
2025-07-28 23:00:00+02:00,0.275,0.07055631,0.0,0.0,0.275,0.450577864,0.31044776399999996,0.3115,0.0
2025-07-29 00:00:00+02:00,5.523,1.3850165175,0.0,0.0,5.523,0.44356482500000005,0.303434725,0.30674999999999997,0.0
2025-07-29 01:00:00+02:00,0.157,0.0384727244,0.0,0.0,0.157,0.436639632,0.29650953199999996,0.32325000000000004,0.0
2025-07-29 02:00:00+02:00,0.154,0.037528876,0.0,0.0,0.154,0.43499983999999997,0.29486974,0.69075,0.0
2025-07-29 03:00:00+02:00,0.153,0.0370741338,0.0,0.0,0.153,0.433330766,0.293200666,0.30825,0.0
2025-07-29 04:00:00+02:00,0.644,0.1568843892,0.0,0.0,0.644,0.434897353,0.294767253,0.26449999999999996,0.0
2025-07-29 05:00:00+02:00,0.161,0.040988024,0.0,0.0,0.161,0.44817673999999996,0.30804664,0.38675,0.0
2025-07-29 06:00:00+02:00,0.077,0.0207433688,0.005,0.001346972,0.072,0.466097324,0.32596722399999994,0.109,0.011
2025-07-29 07:00:00+02:00,0.017,0.0047730628,0.183,0.0513806172,-0.16599999999999998,0.47985986399999997,0.33972976399999993,0.07250000000000001,0.184
2025-07-29 08:00:00+02:00,0.075,0.02044053,0.531,0.1447189524,-0.456,0.46990398399999994,0.329773884,0.6739999999999999,0.552
2025-07-29 09:00:00+02:00,0.013,0.0031264948,0.974,0.2342466104,-0.961,0.43113461599999997,0.291004516,0.0072499999999999995,1.1800000000000002
2025-07-29 10:00:00+02:00,0.006,0.001333662,1.679,0.373203083,-1.673,0.40908527,0.26895517,0.15825,1.40175
2025-07-29 11:00:00+02:00,0.0,0.0,2.642,0.5518670366,-2.642,0.392877683,0.252747583,0.006,1.83575
2025-07-29 12:00:00+02:00,0.003,0.0005362962,3.319,0.5933223626,-3.316,0.35643623399999996,0.21630613399999998,0.0015,2.8387499999999997
2025-07-29 13:00:00+02:00,0.008,0.0012231648,2.888,0.4415624928,-2.88,0.325133776,0.18500367599999998,0.043250000000000004,3.50725
2025-07-29 14:00:00+02:00,0.007,0.0010462991,2.178,0.3255484914,-2.171,0.320990373,0.180860273,0.09025,3.52575
2025-07-29 15:00:00+02:00,0.012,0.0018698856,1.151,0.1793531938,-1.139,0.32867689800000005,0.18854679800000002,0.00075,3.10475
2025-07-29 16:00:00+02:00,0.0,0.0,2.776,0.5526832784,-2.776,0.381033114,0.240903014,0.07075000000000001,3.12675
2025-07-29 17:00:00+02:00,0.172,0.0412160848,1.558,0.3733410472,-1.3860000000000001,0.430080464,0.28995036399999996,0.16375,1.65075
2025-07-29 18:00:00+02:00,3.404,0.8791252096,0.387,0.0999475488,3.017,0.45262760399999996,0.312497504,0.122,1.01325
2025-07-29 19:00:00+02:00,0.044,0.0124166328,0.18,0.050795316,-0.136,0.48158750199999995,0.341457402,0.062,0.7152499999999999
2025-07-29 20:00:00+02:00,0.105,0.032639145,0.146,0.045383954,-0.040999999999999995,0.51625739,0.37612728999999995,0.0475,0.28475
2025-07-29 21:00:00+02:00,0.493,0.1502897682,0.0,0.0,0.493,0.5089954539999999,0.368865354,1.75275,0.0025
2025-07-29 22:00:00+02:00,0.449,0.1277600764,0.0,0.0,0.449,0.48442785599999993,0.344297756,1.1432499999999999,0.0
2025-07-29 23:00:00+02:00,0.39,0.106946697,0.0,0.0,0.39,0.471939083,0.33180898299999995,0.32625000000000004,0.0
2025-07-30 00:00:00+02:00,0.396,0.102636072,0.0,0.0,0.396,0.45374032,0.31361022,0.2535,0.0
2025-07-30 01:00:00+02:00,0.361,0.0917432043,0.0,0.0,0.361,0.4476350229999999,0.307504923,0.395,0.0
2025-07-30 02:00:00+02:00,6.085,1.531767314,0.0,0.0,6.085,0.44472146400000007,0.30459136400000003,0.34149999999999997,0.0
2025-07-30 03:00:00+02:00,6.67,1.607844854,0.0,0.0,6.67,0.431808102,0.291678002,0.29175,0.0
2025-07-30 04:00:00+02:00,6.794,1.6465320146,0.0,0.0,6.794,0.433374689,0.293244589,0.93175,0.0
2025-07-30 05:00:00+02:00,3.097,0.7857860153,0.0,0.0,3.097,0.44713722899999997,0.30700712899999993,1.0305,0.0
2025-07-30 06:00:00+02:00,0.252,0.06662502,0.002,0.00052877,0.25,0.4600359499999999,0.31990585,0.09125,0.0175
2025-07-30 07:00:00+02:00,0.017,0.0044655413,0.121,0.0317841469,-0.104,0.457971569,0.317841469,0.028000000000000004,0.17325
2025-07-30 08:00:00+02:00,2.863,0.7633430805,0.166,0.044259501,2.697,0.46274453499999996,0.32261443500000003,0.65425,0.5615
2025-07-30 09:00:00+02:00,5.067,1.2543556113,0.528,0.1307084592,4.539,0.4396703189999999,0.299540219,0.725,1.0335
2025-07-30 10:00:00+02:00,2.489,0.5581565077,1.148,0.2574381964,1.341,0.411471753,0.271341653,0.00775,1.2165
2025-07-30 11:00:00+02:00,0.071,0.0139526431,1.682,0.3305400802,-1.611,0.37791458099999997,0.237784481,0.0025000000000000005,1.9074999999999998
2025-07-30 12:00:00+02:00,0.32,0.056852576,1.016,0.1805069288,-0.696,0.35510390299999994,0.214973803,0.00575,2.231
2025-07-30 13:00:00+02:00,0.04,0.006762932,2.161,0.3653674013,-2.121,0.344708793,0.204578693,0.129,2.4789999999999996
2025-07-30 14:00:00+02:00,0.005,0.000803077,2.521,0.4049114234,-2.516,0.334474734,0.194344634,2.74925,2.4055000000000004
2025-07-30 15:00:00+02:00,1.829,0.3307241696,1.84,0.332713216,-0.01100000000000012,0.358925204,0.218795104,2.1062499999999997,2.19975
2025-07-30 16:00:00+02:00,0.04,0.00790614,1.366,0.269994681,-1.326,0.379290835,0.239160735,1.7987499999999998,1.68475
2025-07-30 17:00:00+02:00,4.65,1.075955595,0.445,0.1029677935,4.205,0.42010994299999993,0.279979843,0.6825,1.9269999999999998
2025-07-30 18:00:00+02:00,0.188,0.0475933656,0.448,0.1134139776,-0.26,0.446449102,0.306319002,0.0335,1.6817499999999999
2025-07-30 19:00:00+02:00,0.386,0.1060413024,0.341,0.0936789744,0.044999999999999984,0.47253936399999996,0.332409264,0.11275,0.978
2025-07-30 20:00:00+02:00,0.381,0.1095313659,0.135,0.0388103265,0.246,0.487985619,0.347855519,0.16925,0.4315
2025-07-30 21:00:00+02:00,0.452,0.127487052,0.0,0.0,0.452,0.48141181,0.34128170999999996,0.401,0.00825
2025-07-30 22:00:00+02:00,0.493,0.1349291207,0.0,0.0,0.493,0.471294879,0.33116477899999996,0.4365,0.0
2025-07-30 23:00:00+02:00,0.437,0.1137225639,0.0,0.0,0.437,0.455014087,0.314883987,0.5195000000000001,0.0
2025-07-31 00:00:00+02:00,0.409,0.1046741839,0.0,0.0,0.409,0.44980189100000006,0.30967179100000003,0.6507499999999999,0.0
2025-07-31 01:00:00+02:00,0.389,0.0967362088,0.0,0.0,0.389,0.44103193199999996,0.300901832,0.45399999999999996,0.0
2025-07-31 02:00:00+02:00,0.382,0.0933638178,0.0,0.0,0.382,0.43586365899999996,0.295733559,0.39825,0.0
2025-07-31 03:00:00+02:00,0.347,0.0846289972,0.0,0.0,0.347,0.435234096,0.295103996,3.486,0.0
2025-07-31 04:00:00+02:00,2.036,0.494066958,0.0,0.0,2.036,0.433755355,0.293625255,1.31225,0.0
2025-07-31 05:00:00+02:00,0.366,0.0909103008,0.0,0.0,0.366,0.44068054799999995,0.30055044799999997,0.46549999999999997,0.0
2025-07-31 06:00:00+02:00,0.255,0.0687418545,0.0,0.0,0.255,0.46631693899999993,0.32618683899999995,0.3175,0.0055
2025-07-31 07:00:00+02:00,0.015,0.0040392825,0.128,0.034468544,-0.113,0.46596555500000003,0.325835455,0.2925,0.10025
2025-07-31 08:00:00+02:00,0.856,0.2240659608,0.242,0.0633457506,0.614,0.456858853,0.316728753,0.01,0.5455000000000001
2025-07-31 09:00:00+02:00,0.248,0.0647992752,0.056,0.0146320944,0.192,0.456287854,0.316157754,0.17475000000000002,0.9332499999999999
2025-07-31 10:00:00+02:00,0.03,0.007122423,0.998,0.2369392718,-0.968,0.427401161,0.287271061,0.007,1.493
2025-07-31 11:00:00+02:00,0.229,0.0520596692,1.511,0.3435028828,-1.2819999999999998,0.41520520800000005,0.275075108,0.126,2.0172499999999998
2025-07-31 12:00:00+02:00,0.221,0.0481444964,2.038,0.4439750392,-1.8169999999999997,0.403726664,0.263596564,0.052500000000000005,2.5562500000000004
2025-07-31 13:00:00+02:00,0.002,0.0004007278,3.35,0.671219065,-3.3480000000000003,0.382570419,0.24244031900000002,0.12725,3.33925
2025-07-31 14:00:00+02:00,0.031,0.0058305544,0.845,0.158929628,-0.814,0.367709804,0.227579704,0.11975,3.168
2025-07-31 15:00:00+02:00,0.485,0.101302047,0.744,0.1553994288,-0.259,0.39286304199999994,0.252732942,0.012750000000000001,3.4582500000000005
2025-07-31 16:00:00+02:00,0.097,0.0223402058,1.277,0.2941076578,-1.18,0.41880689400000004,0.278676794,0.1585,2.85825
2025-07-31 17:00:00+02:00,0.167,0.041747662,0.724,0.180989864,-0.5569999999999999,0.44261316,0.30248306,0.01925,2.6425
2025-07-31 18:00:00+02:00,0.162,0.0429009372,0.284,0.0752090504,-0.12199999999999997,0.46056302600000004,0.320432926,0.12175,2.1845000000000003
2025-07-31 19:00:00+02:00,0.775,0.2233814275,0.13,0.037470433,0.645,0.488893361,0.348763261,0.00575,1.8
2025-07-31 20:00:00+02:00,0.07,0.021511259,0.202,0.0620753474,-0.132,0.5119675770000001,0.371837477,0.30875,0.4725
2025-07-31 21:00:00+02:00,0.299,0.0899952625,0.0,0.0,0.299,0.5043249750000001,0.36419487500000003,0.28574999999999995,0.0025
2025-07-31 22:00:00+02:00,0.306,0.0876812706,0.0,0.0,0.306,0.48684362100000006,0.346713521,0.6185,0.0
2025-07-31 23:00:00+02:00,0.824,0.224782668,0.0,0.0,0.824,0.470211445,0.33008134499999997,0.5720000000000001,0.0
2025-08-01 00:00:00+02:00,0.148,0.0407424908,0.0,0.0,0.148,0.47322749099999994,0.333097391,0.7095,0.0
2025-08-01 01:00:00+02:00,0.138,0.0368324484,0.0,0.0,0.138,0.46308127800000004,0.322951178,0.42,0.0
2025-08-01 02:00:00+02:00,0.146,0.0378388054,0.0,0.0,0.146,0.45372567900000005,0.313595579,0.524,0.0
2025-08-01 03:00:00+02:00,1.199,0.3061892295,0.0,0.0,1.199,0.449128405,0.308998305,0.66775,0.0
2025-08-01 04:00:00+02:00,0.304,0.0782432464,0.0,0.0,0.304,0.45155881100000006,0.311428711,0.611,0.0
2025-08-01 05:00:00+02:00,0.161,0.042780276,0.0,0.0,0.161,0.46164646000000004,0.32151636,0.3395,0.0
2025-08-01 06:00:00+02:00,0.702,0.1922577228,0.0,0.0,0.702,0.47151449399999995,0.33138439399999997,0.36975,0.0
2025-08-01 07:00:00+02:00,0.033,0.0091854972,0.103,0.0286698852,-0.06999999999999999,0.47693166400000003,0.336801564,0.05475,0.05325
2025-08-01 08:00:00+02:00,0.156,0.0431656368,0.373,0.1032101444,-0.217,0.474940488,0.334810388,0.0205,0.5707500000000001
2025-08-01 09:00:00+02:00,0.3,0.08193273,0.221,0.0603571111,0.07899999999999999,0.4705921109999999,0.330462011,0.19875,0.9590000000000001
2025-08-01 10:00:00+02:00,0.542,0.1442738418,0.844,0.2246625876,-0.30199999999999994,0.462217459,0.32208735899999996,0.13175,1.37175
2025-08-01 11:00:00+02:00,0.007,0.0017460058,1.788,0.4459797672,-1.7810000000000001,0.441939674,0.30180957399999997,0.0035000000000000005,1.9667499999999998
2025-08-01 12:00:00+02:00,0.009,0.002088702,1.61,0.37364558,-1.6010000000000002,0.42094447999999995,0.28081438,0.017750000000000002,1.98275
2025-08-01 13:00:00+02:00,0.006,0.001290828,1.814,0.390260332,-1.808,0.40044708,0.26031698,0.1495,2.4555
2025-08-01 14:00:00+02:00,0.003,0.0006036327,1.627,0.3273701343,-1.624,0.383595289,0.243465189,0.11175,2.96075
2025-08-01 15:00:00+02:00,0.0,0.0,2.375,0.4748871875,-2.375,0.382072625,0.241942525,0.002,2.6535
2025-08-01 16:00:00+02:00,0.006,0.0013378002,1.909,0.4256434303,-1.903,0.40991980699999997,0.269789707,0.00025,2.9117499999999996
2025-08-01 17:00:00+02:00,0.098,0.0235523596,1.74,0.418174548,-1.642,0.430929642,0.29079954199999997,0.1215,2.0645000000000002
2025-08-01 18:00:00+02:00,0.213,0.0546748422,1.412,0.3624454328,-1.1989999999999998,0.45072427400000004,0.310594174,0.13275,2.4924999999999997
2025-08-01 19:00:00+02:00,0.492,0.137846346,0.234,0.065561067,0.258,0.47914245499999997,0.33901235500000004,0.043250000000000004,1.60775
2025-08-01 20:00:00+02:00,0.307,0.0892159499,0.002,0.0005812114,0.305,0.49176299700000004,0.351632897,0.2595,0.62325
2025-08-01 21:00:00+02:00,0.475,0.1376813625,0.0,0.0,0.475,0.490855255,0.35072515499999996,0.21775,0.014
2025-08-01 22:00:00+02:00,0.467,0.1315256932,0.0,0.0,0.467,0.48091401599999994,0.34078391599999996,0.6755,0.0
2025-08-01 23:00:00+02:00,0.444,0.1207554348,0.0,0.0,0.444,0.469215857,0.329085757,0.5932499999999999,0.0
2025-08-02 00:00:00+02:00,0.348,0.095206188,0.0,0.0,0.348,0.47116311000000005,0.33103301,0.41425,0.0
2025-08-02 01:00:00+02:00,0.359,0.0958177462,0.0,0.0,0.359,0.46308127800000004,0.322951178,0.6915,0.0
2025-08-02 02:00:00+02:00,0.35,0.09186562,0.0,0.0,0.35,0.45772267200000005,0.317592572,0.41225,0.0
2025-08-02 03:00:00+02:00,0.354,0.0899428332,0.0,0.0,0.354,0.44756181800000006,0.307431718,0.266,0.0
2025-08-02 04:00:00+02:00,0.658,0.1664573526,0.0,0.0,0.658,0.4462294869999999,0.306099387,0.473,0.0
2025-08-02 05:00:00+02:00,1.032,0.2602831968,0.0,0.0,1.032,0.44530710399999995,0.305177004,0.41025,0.0
2025-08-02 06:00:00+02:00,0.302,0.07637278,0.0,0.0,0.302,0.446127,0.3059969,0.30525,0.010499999999999999
2025-08-02 07:00:00+02:00,0.06,0.014724732,0.128,0.0314127616,-0.068,0.43707886199999996,0.296948762,0.03275,0.182
2025-08-02 08:00:00+02:00,0.017,0.0040636035,0.24,0.05736852,-0.22299999999999998,0.42936305500000005,0.289232955,0.14475000000000002,0.56025
2025-08-02 09:00:00+02:00,0.073,0.016058394,0.071,0.015618438,0.0020000000000000018,0.40630347999999994,0.26617338,0.05875,1.013
2025-08-02 10:00:00+02:00,0.013,0.0023694099,0.729,0.1328692167,-0.716,0.36066748299999996,0.22053738299999998,0.146,1.18875
2025-08-02 11:00:00+02:00,0.157,0.0242629684,0.872,0.1347599264,-0.715,0.327124952,0.186994852,1.46625,1.3815000000000002
2025-08-02 12:00:00+02:00,3.099,0.4686862521,0.821,0.1241663159,2.2780000000000005,0.323127959,0.182997859,2.18075,1.42725
2025-08-02 13:00:00+02:00,0.049,0.0072357516,2.365,0.349235766,-2.3160000000000003,0.31880886399999997,0.178678764,1.7942499999999997,1.5805
2025-08-02 14:00:00+02:00,0.034,0.0050207256,1.408,0.2079171072,-1.3739999999999999,0.31880886399999997,0.178678764,2.2600000000000002,1.93075
2025-08-02 15:00:00+02:00,0.55,0.08121762,0.507,0.0748678788,0.04300000000000004,0.31880886399999997,0.178678764,3.4097500000000003,1.6665
2025-08-02 16:00:00+02:00,0.449,0.0687153192,0.932,0.1426340256,-0.48300000000000004,0.325309468,0.185179368,2.59125,1.6204999999999998
2025-08-02 17:00:00+02:00,0.655,0.138299975,0.459,0.096915555,0.196,0.39561555,0.25548545,2.809,1.0594999999999999
2025-08-02 18:00:00+02:00,0.185,0.045916112,0.361,0.0895984672,-0.176,0.440446292,0.300316192,0.31525,0.82975
2025-08-02 19:00:00+02:00,0.075,0.0209587125,0.076,0.021238162,-0.0010000000000000009,0.47826399499999994,0.338133895,0.15375,0.4975
2025-08-02 20:00:00+02:00,0.178,0.0513013622,0.003,0.0008646297,0.175,0.48886407899999995,0.348733979,0.43725,0.00875
2025-08-02 21:00:00+02:00,0.372,0.1044458448,0.0,0.0,0.372,0.47985986399999997,0.33972976399999993,0.457,0.0
2025-08-02 22:00:00+02:00,0.317,0.0871701182,0.0,0.0,0.317,0.47286146599999995,0.33273136600000003,0.7277499999999999,0.0
2025-08-02 23:00:00+02:00,0.248,0.0659035696,0.0,0.0,0.248,0.46167574199999994,0.32154564199999996,0.6392500000000001,0.0
2025-08-03 00:00:00+02:00,0.136,0.0342054416,0.0,0.0,0.136,0.444457926,0.30432782599999997,0.57075,0.0
2025-08-03 01:00:00+02:00,0.134,0.0323566584,0.0,0.0,0.134,0.43230589599999997,0.292175796,0.44725,0.0
2025-08-03 02:00:00+02:00,0.129,0.0305265213,0.0,0.0,0.129,0.42646413699999997,0.286334037,0.5065000000000001,0.0
2025-08-03 03:00:00+02:00,0.149,0.0338963229,0.0,0.0,0.149,0.415395541,0.275265441,0.34375,0.0
2025-08-03 04:00:00+02:00,0.141,0.0315219036,0.0,0.0,0.141,0.41063721599999997,0.270507116,1.1897499999999999,0.0
2025-08-03 05:00:00+02:00,0.136,0.0299532112,0.0,0.0,0.136,0.40662558199999993,0.266495482,0.408,0.0
2025-08-03 06:00:00+02:00,0.106,0.0216554184,0.002,0.0004085928,0.104,0.387328744,0.24719864399999997,0.712,0.004
2025-08-03 07:00:00+02:00,0.022,0.0041005448,0.089,0.0165885676,-0.067,0.36566006399999995,0.225529964,0.054,0.099
2025-08-03 08:00:00+02:00,0.32,0.04963904,0.472,0.073217584,-0.15199999999999997,0.32782772,0.18769762,0.03825,0.372
2025-08-03 09:00:00+02:00,0.071,0.0104844564,1.093,0.1614015612,-1.022,0.31880886399999997,0.178678764,0.04725,0.7055
2025-08-03 10:00:00+02:00,0.047,0.0068829761,1.618,0.2369501134,-1.5710000000000002,0.31733012299999996,0.17720002299999998,0.15675,1.186
2025-08-03 11:00:00+02:00,0.38,0.055148412,1.151,0.1670416374,-0.771,0.315734254,0.17560415399999998,0.1285,1.56925
2025-08-03 12:00:00+02:00,0.121,0.0174286464,1.189,0.1712616576,-1.068,0.31441656399999995,0.174286464,0.6285,1.9507499999999998
2025-08-03 13:00:00+02:00,8.317,1.1285287398,0.035,0.004749129,8.282,0.304314274,0.164184174,1.1995000000000002,0.68225
2025-08-03 14:00:00+02:00,9.013,1.2210055308,0.0,0.0,9.013,0.304050736,0.16392063599999998,0.46774999999999994,0.7232500000000001
2025-08-03 15:00:00+02:00,0.717,0.1015577442,2.196,0.3110471496,-1.479,0.31151764600000004,0.171387546,0.19025,0.9267500000000001
2025-08-03 16:00:00+02:00,0.09,0.013126806,1.697,0.2475132198,-1.607,0.31661271399999996,0.17648261399999998,0.767,1.149
2025-08-03 17:00:00+02:00,1.472,0.222996224,0.76,0.11513392,0.712,0.32343542,0.18330531999999997,0.3495,0.79775
2025-08-03 18:00:00+02:00,0.861,0.1961103144,0.0,0.0,0.861,0.415732284,0.27560218400000003,0.42924999999999996,0.6752499999999999
2025-08-03 19:00:00+02:00,1.363,0.354749373,0.0,0.0,1.363,0.45505800999999996,0.31492791,0.369,0.25125
2025-08-03 20:00:00+02:00,0.748,0.201742332,0.0,0.0,0.748,0.4664779899999999,0.32634789,0.17775000000000002,0.16175
2025-08-03 21:00:00+02:00,0.541,0.1427769871,0.0,0.0,0.541,0.45946495099999995,0.31933485100000003,0.508,0.0025
2025-08-03 22:00:00+02:00,0.403,0.1069762694,0.0,0.0,0.403,0.46132435800000005,0.321194258,0.3735,0.0
2025-08-03 23:00:00+02:00,0.348,0.0872183004,0.0,0.0,0.348,0.44338913299999994,0.303259033,0.513,0.0
2025-08-04 00:00:00+02:00,0.34,0.083551226,0.0,0.0,0.34,0.43747416899999997,0.297344069,0.31375000000000003,0.0
2025-08-04 01:00:00+02:00,0.328,0.0762446168,0.0,0.0,0.328,0.421398351,0.28126825099999997,0.43024999999999997,0.0
2025-08-04 02:00:00+02:00,0.348,0.0808515708,0.0,0.0,0.348,0.421251941,0.281121841,0.48124999999999996,0.0
2025-08-04 03:00:00+02:00,0.356,0.0845409576,0.0,0.0,0.356,0.427474366,0.287344266,0.45725,0.0
2025-08-04 04:00:00+02:00,0.337,0.0806283621,0.0,0.0,0.337,0.42962659299999995,0.289496493,0.32525,0.0
2025-08-04 05:00:00+02:00,0.245,0.0615104105,0.0,0.0,0.245,0.4439162089999999,0.30378610899999997,0.2485,0.0
2025-08-04 06:00:00+02:00,0.082,0.0218403064,0.029,0.0077240108,0.053000000000000005,0.46240779200000004,0.322277692,0.29324999999999996,0.0105
2025-08-04 07:00:00+02:00,0.005,0.00138424,0.25,0.069212,-0.245,0.47511617999999994,0.33498607999999996,0.017,0.15575
2025-08-04 08:00:00+02:00,0.022,0.006045402,0.698,0.191804118,-0.6759999999999999,0.47262720999999996,0.33249711,0.0325,0.6022500000000001
2025-08-04 09:00:00+02:00,0.014,0.0037769424,0.796,0.2147461536,-0.782,0.466565836,0.326435736,0.018500000000000003,1.10925
2025-08-04 10:00:00+02:00,0.02,0.00484968,0.693,0.168041412,-0.6729999999999999,0.43353574,0.29340564,0.13275,1.251
2025-08-04 11:00:00+02:00,0.018,0.0037370124,1.602,0.3325941036,-1.584,0.391340378,0.251210278,0.005,1.4645000000000001
2025-08-04 12:00:00+02:00,0.004,0.000655578,2.005,0.3286084725,-2.001,0.33844244500000004,0.198312345,0.003,2.173
2025-08-04 13:00:00+02:00,0.0,0.0,2.67,0.407358963,-2.67,0.324738469,0.184608369,0.0055000000000000005,2.8752500000000003
2025-08-04 14:00:00+02:00,0.157,0.0233074193,1.13,0.167754037,-0.9729999999999999,0.319760529,0.179630429,0.0935,2.178
2025-08-04 15:00:00+02:00,0.102,0.0150646452,0.783,0.1156433058,-0.681,0.31883814600000004,0.178708046,1.36875,1.8639999999999999
2025-08-04 16:00:00+02:00,0.094,0.0151535802,0.824,0.1328356392,-0.73,0.335192143,0.195062043,0.18700000000000003,2.6295
2025-08-04 17:00:00+02:00,0.015,0.002909808,0.223,0.0432591456,-0.20800000000000002,0.374854612,0.234724512,0.1075,1.9335
2025-08-04 18:00:00+02:00,1.24,0.280754848,0.01,0.002264152,1.23,0.414092492,0.273962392,0.176,1.8832499999999999
2025-08-04 19:00:00+02:00,0.387,0.0963137736,0.0,0.0,0.387,0.44126618799999995,0.301136088,0.105,1.00575
2025-08-04 20:00:00+02:00,0.708,0.173563368,0.0,0.0,0.708,0.43675675999999997,0.29662666,0.22975,0.09225000000000001
2025-08-04 21:00:00+02:00,0.79,0.187193897,0.0,0.0,0.79,0.42684480300000005,0.286714703,0.3805,0.0
2025-08-04 22:00:00+02:00,0.516,0.1180602324,0.0,0.0,0.516,0.41697676899999997,0.276846669,0.60175,0.0
2025-08-04 23:00:00+02:00,0.444,0.0916692612,0.0,0.0,0.444,0.38994948299999993,0.24981938299999998,0.28775,0.0
2025-08-05 00:00:00+02:00,0.439,0.0754502276,0.0,0.0,0.439,0.348090864,0.207960764,1.59775,0.0
2025-08-05 01:00:00+02:00,0.352,0.0575801248,0.0,0.0,0.352,0.33806177899999995,0.197931679,0.26975,0.0
2025-08-05 02:00:00+02:00,3.103,0.5093531058,0.0,0.0,3.103,0.338749906,0.198619806,0.6385,0.0
2025-08-05 03:00:00+02:00,8.646,1.49078655,0.0,0.0,8.646,0.34876435,0.20863425,0.25425,0.0
2025-08-05 04:00:00+02:00,0.363,0.074054178,0.0,0.0,0.363,0.38697736,0.24684725999999999,0.3355,0.0
2025-08-05 05:00:00+02:00,0.647,0.1486513556,0.0,0.0,0.647,0.418133408,0.278003308,0.34225,0.0
2025-08-05 06:00:00+02:00,1.163,0.2882710655,0.0,0.0,1.163,0.440050985,0.29992088499999997,0.07325,0.012249999999999999
2025-08-05 07:00:00+02:00,0.206,0.0510384776,0.002,0.0004955192,0.204,0.439919216,0.29978911599999997,0.0115,0.22699999999999998
2025-08-05 08:00:00+02:00,0.006,0.0013436808,0.5,0.1119734,-0.494,0.41110572799999995,0.27097562799999997,0.6852499999999999,0.54925
2025-08-05 09:00:00+02:00,0.009,0.0013672395,1.149,0.1745509095,-1.1400000000000001,0.323947855,0.183817755,0.007999999999999998,1.1484999999999999
2025-08-05 10:00:00+02:00,0.007,0.0010209738,1.604,0.2339488536,-1.5970000000000002,0.31661271399999996,0.17648261399999998,0.15675,1.4677499999999999
2025-08-05 11:00:00+02:00,0.019,0.0026677596,2.252,0.3161997168,-2.2329999999999997,0.31002426399999994,0.169894164,0.006,1.9307499999999997
2025-08-05 12:00:00+02:00,0.014,0.0018603508,2.596,0.3449621912,-2.5820000000000003,0.30091756199999997,0.160787462,0.0022500000000000003,2.8695000000000004
2025-08-05 13:00:00+02:00,0.008,0.000899756,2.909,0.3271737755,-2.901,0.276218195,0.136088095,0.045250000000000005,3.267
2025-08-05 14:00:00+02:00,0.002,0.0002421694,1.777,0.2151675119,-1.775,0.286642587,0.146512487,0.092,3.0404999999999998
2025-08-05 15:00:00+02:00,0.007,0.0009264486,1.403,0.1856867694,-1.3960000000000001,0.300273358,0.16014325799999998,0.0037500000000000003,2.3905
2025-08-05 16:00:00+02:00,1.961,0.2630022604,2.442,0.3275122488,-0.4810000000000001,0.30241094399999996,0.16228084399999998,0.06675,3.08575
2025-08-05 17:00:00+02:00,0.003,0.0004367253,1.747,0.2543196997,-1.7440000000000002,0.31627597100000004,0.176145871,0.17025,1.6495
2025-08-05 18:00:00+02:00,0.013,0.0019333743,1.66,0.246877026,-1.647,0.320082631,0.179952531,0.9359999999999999,0.8275
2025-08-05 19:00:00+02:00,0.008,0.0018690144,0.772,0.1803598896,-0.764,0.42281852799999997,0.282688428,0.06875,0.4184999999999999
2025-08-05 20:00:00+02:00,0.073,0.0186623624,0.145,0.037069076,-0.072,0.449465148,0.309335048,0.06275,0.19125
2025-08-05 21:00:00+02:00,0.175,0.0479211425,0.0,0.0,0.175,0.47147057099999995,0.33134047099999997,0.44575000000000004,0.0025
2025-08-05 22:00:00+02:00,0.155,0.0411278395,0.0,0.0,0.155,0.46119258899999993,0.321062489,0.43349999999999994,0.0
2025-08-05 23:00:00+02:00,0.146,0.0363990264,0.0,0.0,0.146,0.441793264,0.301663164,0.33425,0.0
2025-08-06 00:00:00+02:00,0.146,0.0358690464,0.0,0.0,0.146,0.43740096399999995,0.29727086399999997,0.263,0.0
2025-08-06 01:00:00+02:00,0.141,0.0307285671,0.0,0.0,0.141,0.40382915099999994,0.26369905099999996,0.39524999999999993,0.0
2025-08-06 02:00:00+02:00,0.74,0.16153016,0.0,0.0,0.74,0.40425374,0.26412364,1.7754999999999999,0.0
2025-08-06 03:00:00+02:00,0.874,0.1908542438,0.0,0.0,0.874,0.40435622699999996,0.264226127,1.86825,0.0
2025-08-06 04:00:00+02:00,0.158,0.0345443142,0.0,0.0,0.158,0.40467832899999995,0.26454822899999997,1.8102500000000001,0.0
2025-08-06 05:00:00+02:00,0.146,0.038061397,0.0,0.0,0.146,0.455570445,0.315440345,1.04175,0.0
2025-08-06 06:00:00+02:00,0.085,0.023855029,0.007,0.0019645318,0.078,0.47971345399999993,0.339583354,0.10725,0.018
2025-08-06 07:00:00+02:00,0.05,0.01379037,0.15,0.04137111,-0.09999999999999999,0.473857054,0.33372695399999996,0.02275,0.1815
2025-08-06 08:00:00+02:00,0.008,0.00208604,0.69,0.17992095,-0.6819999999999999,0.45564365,0.31551355000000003,1.361,0.45899999999999996
2025-08-06 09:00:00+02:00,0.008,0.0014913976,1.028,0.1916445916,-1.02,0.36570398699999995,0.225573887,1.409,0.9637500000000001
2025-08-06 10:00:00+02:00,0.064,0.0094500032,1.273,0.1879664699,-1.2089999999999999,0.318794223,0.17866412299999998,0.626,1.1465
2025-08-06 11:00:00+02:00,2.549,0.3702381716,1.455,0.211336422,1.0939999999999999,0.31588066400000003,0.175750564,0.02,1.7662499999999999
2025-08-06 12:00:00+02:00,0.001,0.0001394041,2.302,0.3209082382,-2.301,0.308809061,0.168678961,0.08525,1.7457500000000001
2025-08-06 13:00:00+02:00,1.351,0.1815181984,2.123,0.2852428832,-0.7720000000000002,0.30270376399999993,0.16257366399999998,0.139,2.18825
2025-08-06 14:00:00+02:00,0.042,0.0058971528,2.779,0.3901949436,-2.737,0.31002426399999994,0.169894164,0.5682499999999999,3.03125
2025-08-06 15:00:00+02:00,0.004,0.0005757664,3.437,0.4947272792,-3.433,0.31429943599999993,0.174169336,0.45899999999999996,2.6597500000000003
2025-08-06 16:00:00+02:00,0.339,0.0509332923,3.102,0.4660621614,-2.763,0.321927397,0.181797297,1.7405,1.7482499999999999
2025-08-06 17:00:00+02:00,0.0,0.0,3.287,0.6926813432,-3.287,0.395117756,0.254987656,1.7690000000000001,1.8575
2025-08-06 18:00:00+02:00,0.016,0.0042477776,2.176,0.5776977536,-2.16,0.461368281,0.321238181,0.05075,1.71475
2025-08-06 19:00:00+02:00,0.126,0.035820477,0.297,0.0844339815,-0.17099999999999999,0.4841203949999999,0.34399029499999995,0.12425,1.06325
2025-08-06 20:00:00+02:00,0.278,0.096675612,0.0,0.0,0.278,0.56091244,0.42078234,0.17325000000000002,0.46525
2025-08-06 21:00:00+02:00,0.54,0.18311535,0.0,0.0,0.54,0.550444125,0.41031402499999997,0.425,0.00825
2025-08-06 22:00:00+02:00,0.474,0.1330842216,0.0,0.0,0.474,0.47985986399999997,0.33972976399999993,0.452,0.0
2025-08-06 23:00:00+02:00,0.444,0.1201483536,0.0,0.0,0.444,0.46756142400000006,0.327431324,0.51225,0.0
2025-08-07 00:00:00+02:00,0.557,0.1480172914,0.0,0.0,0.557,0.46167574199999994,0.32154564199999996,0.47175,0.0
2025-08-07 01:00:00+02:00,1.202,0.3142128968,0.0,0.0,1.202,0.4564342639999999,0.316304164,0.313,0.0
2025-08-07 02:00:00+02:00,0.46,0.116980622,0.0,0.0,0.46,0.44783999700000005,0.307709897,0.40525,0.0
2025-08-07 03:00:00+02:00,3.011,0.7484087402,0.0,0.0,3.011,0.44088552200000003,0.300755422,1.94875,0.0
2025-08-07 04:00:00+02:00,5.767,1.4242938677,0.0,0.0,5.767,0.438967551,0.298837451,1.733,0.0
2025-08-07 05:00:00+02:00,0.353,0.0883774683,0.0,0.0,0.353,0.44306703099999994,0.302936931,0.47174999999999995,0.0
2025-08-07 06:00:00+02:00,0.323,0.0865649367,0.0,0.0,0.323,0.464413609,0.32428350899999997,0.3415,0.004
2025-08-07 07:00:00+02:00,0.091,0.0246602356,0.011,0.0029809076,0.08,0.4680299359999999,0.327899836,0.036500000000000005,0.09725
2025-08-07 08:00:00+02:00,0.012,0.0031466292,0.218,0.0571637638,-0.206,0.457415211,0.31728511099999995,0.22,0.4685
2025-08-07 09:00:00+02:00,0.008,0.0019027976,1.033,0.2456987401,-1.025,0.427928237,0.287798137,0.233,0.6505
2025-08-07 10:00:00+02:00,0.055,0.009600503,1.365,0.238267029,-1.31,0.351341166,0.211211066,0.012750000000000001,1.2930000000000001
2025-08-07 11:00:00+02:00,0.0,0.0,2.473,0.3651839532,-2.473,0.31880886399999997,0.178678764,0.18325,1.7312500000000002
2025-08-07 12:00:00+02:00,0.0,0.0,3.055,0.450757307,-3.055,0.31866245399999993,0.17853235399999998,0.10700000000000001,2.2345
2025-08-07 13:00:00+02:00,0.034,0.004942971,2.212,0.321583878,-2.1780000000000004,0.316041715,0.175911615,0.12325,3.09425
2025-08-07 14:00:00+02:00,0.128,0.0188690304,1.474,0.2172886782,-1.346,0.31850140299999996,0.17837130299999998,0.0995,2.61675
2025-08-07 15:00:00+02:00,0.046,0.0067921898,1.422,0.2099672586,-1.376,0.318794223,0.17866412299999998,0.1215,3.0337500000000004
2025-08-07 16:00:00+02:00,0.003,0.0004504467,1.482,0.2225206698,-1.479,0.321810269,0.181680169,0.17275,2.45575
2025-08-07 17:00:00+02:00,0.005,0.001126026,1.443,0.3249711036,-1.4380000000000002,0.41262839199999995,0.272498292,0.04275,2.2910000000000004
2025-08-07 18:00:00+02:00,0.068,0.0175766536,0.869,0.2246192938,-0.8009999999999999,0.452891142,0.312761042,0.1535,1.72525
2025-08-07 19:00:00+02:00,0.028,0.0077259952,0.095,0.026213198,-0.067,0.47400346400000004,0.333873364,0.19575,1.40225
2025-08-07 20:00:00+02:00,0.281,0.0796915438,0.0,0.0,0.281,0.483285858,0.34315575800000003,0.31525000000000003,0.42024999999999996
2025-08-07 21:00:00+02:00,0.325,0.097675435,0.0,0.0,0.325,0.503783258,0.36365315800000003,0.26949999999999996,0.0025
2025-08-07 22:00:00+02:00,0.269,0.0755266996,0.0,0.0,0.269,0.47985986399999997,0.33972976399999993,0.54025,0.0
2025-08-07 23:00:00+02:00,0.157,0.0424241004,0.0,0.0,0.157,0.467092912,0.326962812,0.64625,0.0
2025-08-08 00:00:00+02:00,4.939,1.2731675176,0.0,0.0,4.939,0.452041964,0.31191186400000004,0.4615,0.0
2025-08-08 01:00:00+02:00,0.779,0.1979061964,0.0,0.0,0.779,0.447532536,0.307402436,0.29925,0.0
2025-08-08 02:00:00+02:00,0.163,0.0407634964,0.0,0.0,0.163,0.442730288,0.302600188,0.47075,0.0
2025-08-08 03:00:00+02:00,0.145,0.035623368,0.0,0.0,0.145,0.43740096399999995,0.29727086399999997,0.87875,0.0
2025-08-08 04:00:00+02:00,0.149,0.0365844468,0.0,0.0,0.149,0.43722527199999994,0.297095172,0.6007500000000001,0.0
2025-08-08 05:00:00+02:00,0.15,0.038403585,0.0,0.0,0.15,0.44991901900000003,0.309788919,0.29475,0.0
2025-08-08 06:00:00+02:00,0.11,0.029610757,0.003,0.0008075661,0.107,0.465848427,0.325718327,0.505,0.0
2025-08-08 07:00:00+02:00,0.036,0.0098049204,0.044,0.0119837916,-0.008,0.46968436900000005,0.329554269,0.04775,0.07225
2025-08-08 08:00:00+02:00,0.019,0.0052911485,0.505,0.1406331575,-0.486,0.477092715,0.33696261499999997,0.048,0.5275
2025-08-08 09:00:00+02:00,0.02,0.005128948,0.637,0.1633569938,-0.617,0.45043145399999995,0.310301354,0.26474999999999993,0.7295
2025-08-08 10:00:00+02:00,0.009,0.0020477556,1.377,0.3133066068,-1.368,0.415439464,0.275309364,0.2625,1.152
2025-08-08 11:00:00+02:00,0.004,0.0006312812,2.606,0.4112797018,-2.602,0.331092663,0.190962563,0.005,1.83375
2025-08-08 12:00:00+02:00,0.006,0.0008860104,2.905,0.428976702,-2.899,0.31880886399999997,0.178678764,0.0065,1.72775
2025-08-08 13:00:00+02:00,0.005,0.0007382815,3.592,0.5303814296,-3.587,0.318794223,0.17866412299999998,0.15025,2.07325
2025-08-08 14:00:00+02:00,0.002,0.0002952884,3.277,0.4838300434,-3.2750000000000004,0.31877958199999995,0.178649482,0.1125,2.3520000000000003
2025-08-08 15:00:00+02:00,0.0,0.0,3.249,0.4797353187,-3.249,0.318794223,0.17866412299999998,0.002,2.28
2025-08-08 16:00:00+02:00,0.003,0.0004810839,1.952,0.3130252576,-1.949,0.334167273,0.194037173,0.00175,2.653
2025-08-08 17:00:00+02:00,0.063,0.0146468322,2.351,0.5465825794,-2.288,0.421442274,0.281312174,0.146,1.732
2025-08-08 18:00:00+02:00,0.117,0.0316380636,1.296,0.3504523968,-1.179,0.467327168,0.327197068,0.186,2.1262499999999998
2025-08-08 19:00:00+02:00,0.255,0.07269438,0.823,0.234617548,-0.568,0.4850720599999999,0.34494196,0.166,1.123
2025-08-08 20:00:00+02:00,1.525,0.492054365,0.093,0.0300072498,1.432,0.5305470059999999,0.390416906,0.3355,0.369
2025-08-08 21:00:00+02:00,1.522,0.503775151,0.0,0.0,1.522,0.540634655,0.400504555,0.29774999999999996,0.0055
2025-08-08 22:00:00+02:00,1.101,0.3245663223,0.0,0.0,1.101,0.49682878299999994,0.356698683,0.73325,0.0
2025-08-08 23:00:00+02:00,0.377,0.105147185,0.0,0.0,0.377,0.47760515000000003,0.33747505,0.63225,0.0
2025-08-09 00:00:00+02:00,0.353,0.0953012456,0.0,0.0,0.353,0.46680009200000006,0.326669992,0.4335,0.0
2025-08-09 01:00:00+02:00,0.345,0.091847349,0.0,0.0,0.345,0.462261382,0.322131282,0.52675,0.0
2025-08-09 02:00:00+02:00,0.357,0.094255854,0.0,0.0,0.357,0.4595967199999999,0.31946662,0.46225000000000005,0.0
2025-08-09 03:00:00+02:00,0.353,0.0918201361,0.0,0.0,0.353,0.45486767699999997,0.314737577,0.31725,0.0
2025-08-09 04:00:00+02:00,0.36,0.093257604,0.0,0.0,0.36,0.453579269,0.313449169,0.6024999999999999,0.0
2025-08-09 05:00:00+02:00,0.359,0.0932505013,0.0,0.0,0.359,0.45442844699999996,0.314298347,0.6345000000000001,0.0
2025-08-09 06:00:00+02:00,0.286,0.0754895284,0.0,0.0,0.286,0.45950887399999996,0.319378774,0.36825,0.006
2025-08-09 07:00:00+02:00,0.059,0.015141819,0.058,0.014885178,0.000999999999999994,0.45066570999999994,0.31053561,0.046250000000000006,0.15
2025-08-09 08:00:00+02:00,0.057,0.0132277563,0.333,0.0772779447,-0.276,0.42092983900000003,0.280799739,0.14250000000000002,0.549
2025-08-09 09:00:00+02:00,0.025,0.004155745,1.125,0.187008525,-1.1,0.341268158,0.201138058,0.03175,0.9037499999999999
2025-08-09 10:00:00+02:00,0.024,0.0035434608,1.505,0.222204521,-1.4809999999999999,0.31877958199999995,0.178649482,0.145,1.193
2025-08-09 11:00:00+02:00,0.019,0.0027827096,2.584,0.3784485056,-2.565,0.31734476399999995,0.177214664,1.498,1.37
2025-08-09 12:00:00+02:00,0.661,0.0928099524,2.578,0.3619728552,-1.9169999999999998,0.31002426399999994,0.169894164,2.95,1.36875
2025-08-09 13:00:00+02:00,1.549,0.1912525516,0.83,0.102478772,0.719,0.289526864,0.14939676400000002,1.8054999999999999,1.7125000000000001
2025-08-09 14:00:00+02:00,3.46,0.42661454,0.0,0.0,3.46,0.28932189,0.14919179,0.11649999999999999,2.28075
2025-08-09 15:00:00+02:00,3.947,0.5623586925,0.0,0.0,3.947,0.312527875,0.172397775,0.9795,1.79325
2025-08-09 16:00:00+02:00,1.612,0.2379439348,1.365,0.2014847835,0.2470000000000001,0.31873565899999995,0.17860555899999997,0.1155,1.8535
2025-08-09 17:00:00+02:00,5.672,0.8619392408,0.194,0.0294809966,5.478,0.324006419,0.183876319,0.17425000000000002,1.17425
2025-08-09 18:00:00+02:00,1.347,0.3309288048,1.615,0.396770616,-0.268,0.43740096399999995,0.29727086399999997,0.25575,0.903
2025-08-09 19:00:00+02:00,0.055,0.0148719285,1.443,0.3901853241,-1.3880000000000001,0.4673125269999999,0.327182427,0.09125,0.5165
2025-08-09 20:00:00+02:00,0.997,0.296043198,0.316,0.093831144,0.681,0.49942023999999996,0.35929014,0.3495,0.009500000000000001
2025-08-09 21:00:00+02:00,0.97,0.279868765,0.0,0.0,0.97,0.48924474500000004,0.349114645,0.40725,0.0
2025-08-09 22:00:00+02:00,0.65,0.179534355,0.0,0.0,0.65,0.47434020699999996,0.33421010700000003,0.5675,0.0
2025-08-09 23:00:00+02:00,0.413,0.1092759591,0.0,0.0,0.413,0.46028484700000005,0.320154747,0.37324999999999997,0.0
2025-08-10 00:00:00+02:00,0.356,0.0895593116,0.0,0.0,0.356,0.444531131,0.304401031,0.45025000000000004,0.0
2025-08-10 01:00:00+02:00,0.357,0.0897331281,0.0,0.0,0.357,0.44426759299999996,0.304137493,0.36574999999999996,0.0
2025-08-10 02:00:00+02:00,0.373,0.0943324833,0.0,0.0,0.373,0.446141641,0.306011541,0.42525,0.0
2025-08-10 03:00:00+02:00,0.367,0.0907812301,0.0,0.0,0.367,0.439436063,0.299305963,0.266,0.0
2025-08-10 04:00:00+02:00,0.352,0.0886083968,0.0,0.0,0.352,0.44472146400000007,0.30459136400000003,1.1092499999999998,0.0
2025-08-10 05:00:00+02:00,0.361,0.0924071555,0.0,0.0,0.361,0.449860455,0.309730355,0.32875,0.0
2025-08-10 06:00:00+02:00,0.306,0.077810139,0.0,0.0,0.306,0.447810715,0.307680615,0.6605000000000001,0.0025
2025-08-10 07:00:00+02:00,0.099,0.0240286761,0.009,0.0021844251,0.09000000000000001,0.433813919,0.293683819,0.053250000000000006,0.093
2025-08-10 08:00:00+02:00,1.606,0.2931213384,0.454,0.0828624456,1.1520000000000001,0.36097494399999996,0.22084484399999998,0.085,0.38175000000000003
2025-08-10 09:00:00+02:00,0.844,0.1246219172,0.95,0.140273485,-0.10599999999999998,0.318794223,0.17866412299999998,0.03475,0.9390000000000001
2025-08-10 10:00:00+02:00,0.026,0.003756324,1.458,0.210643092,-1.432,0.31494363999999997,0.17481354,0.1595,1.51625
2025-08-10 11:00:00+02:00,0.007,0.0009015468,1.769,0.2278337556,-1.762,0.295968904,0.155838804,0.10200000000000001,1.8395000000000001
2025-08-10 12:00:00+02:00,0.0,0.0,2.601,0.2088803277,-2.601,0.237302417,0.097172317,0.55775,2.2242499999999996
2025-08-10 13:00:00+02:00,0.009,0.0006234525,4.168,0.28872778,-4.159,0.22394982499999996,0.083819725,3.2692500000000004,0.6054999999999999
2025-08-10 14:00:00+02:00,1.024,0.0879966208,1.939,0.1666264138,-0.915,0.24411048199999996,0.103980382,2.6854999999999998,0.6985
2025-08-10 15:00:00+02:00,1.546,0.1898158702,0.0,0.0,1.546,0.28869232699999997,0.148562227,0.36499999999999994,1.30775
2025-08-10 16:00:00+02:00,1.864,0.2725473696,0.0,0.0,1.864,0.317051944,0.176921844,0.72525,1.5285
2025-08-10 17:00:00+02:00,0.679,0.1020168303,1.429,0.2147011053,-0.75,0.321927397,0.181797297,0.46025,0.9877499999999999
2025-08-10 18:00:00+02:00,0.002,0.0004835886,2.307,0.5578194501,-2.305,0.432701203,0.292571103,0.25925,0.6752499999999999
2025-08-10 19:00:00+02:00,0.108,0.0297336204,0.744,0.2048316072,-0.636,0.473256773,0.333126673,0.5229999999999999,0.217
2025-08-10 20:00:00+02:00,0.695,0.2048133725,0.0,0.0,0.695,0.4967116549999999,0.356581555,0.34725,0.11825000000000001
2025-08-10 21:00:00+02:00,0.456,0.1348998024,0.0,0.0,0.456,0.49808790900000005,0.357957809,0.5545,0.0025
2025-08-10 22:00:00+02:00,0.408,0.1127910696,0.0,0.0,0.408,0.47463302699999993,0.334502927,0.41525,0.0
2025-08-10 23:00:00+02:00,0.355,0.0951410295,0.0,0.0,0.355,0.464413609,0.32428350899999997,0.5589999999999999,0.0
2025-08-11 00:00:00+02:00,0.362,0.0955058808,0.0,0.0,0.362,0.459362464,0.319232364,0.36,0.0
2025-08-11 01:00:00+02:00,0.365,0.093903623,0.0,0.0,0.365,0.45142704199999995,0.311296942,0.47675,0.0
2025-08-11 02:00:00+02:00,0.364,0.0916291376,0.0,0.0,0.364,0.44472146400000007,0.30459136400000003,0.5282499999999999,0.0
2025-08-11 03:00:00+02:00,0.363,0.0909469638,0.0,0.0,0.363,0.443286646,0.30315654599999997,0.4039999999999999,0.0
2025-08-11 04:00:00+02:00,0.371,0.0949354868,0.0,0.0,0.371,0.4497579679999999,0.309627868,0.33675,0.0
2025-08-11 05:00:00+02:00,0.378,0.1002942864,0.0,0.0,0.378,0.461177948,0.32104784799999997,0.274,0.0
2025-08-11 06:00:00+02:00,0.351,0.1065979629,0.0,0.0,0.351,0.507604559,0.36747445900000003,0.3015,0.009000000000000001
2025-08-11 07:00:00+02:00,0.153,0.0471507597,0.001,0.0003081749,0.152,0.513021729,0.37289162899999995,0.014,0.16525
2025-08-11 08:00:00+02:00,0.006,0.0016569498,0.501,0.1383553083,-0.495,0.47428164300000003,0.334151543,0.024,0.66225
2025-08-11 09:00:00+02:00,0.015,0.0038690355,1.156,0.2981736692,-1.141,0.45223229699999995,0.31210219699999997,0.013,1.1425
2025-08-11 10:00:00+02:00,0.007,0.0014539602,1.582,0.3285950052,-1.5750000000000002,0.39145750599999996,0.251327406,0.13075,1.1605
2025-08-11 11:00:00+02:00,0.012,0.0018089016,2.192,0.3304260256,-2.18,0.322527678,0.182397578,0.007499999999999999,1.6380000000000001
2025-08-11 12:00:00+02:00,0.0,0.0,3.407,0.5031062388,-3.407,0.31880886399999997,0.178678764,0.003,2.24425
2025-08-11 13:00:00+02:00,0.0,0.0,4.085,0.603225414,-4.085,0.31880886399999997,0.178678764,0.00025,2.87175
2025-08-11 14:00:00+02:00,0.0,0.0,4.241,0.6262616844,-4.241,0.31880886399999997,0.178678764,0.132,1.4902499999999999
2025-08-11 15:00:00+02:00,0.0,0.0,4.133,0.6553218672,-4.133,0.33198576399999996,0.19185566399999998,0.34425,1.5887499999999999
2025-08-11 16:00:00+02:00,0.0,0.0,3.729,0.7967899731,-3.729,0.398675519,0.258545419,0.1695,2.25975
2025-08-11 17:00:00+02:00,0.19,0.048437631,1.852,0.4721394348,-1.6620000000000001,0.44860132900000005,0.308471229,0.03275,1.592
2025-08-11 18:00:00+02:00,0.016,0.004419888,1.754,0.484530222,-1.738,0.47438412999999996,0.33425403000000004,0.479,1.321
2025-08-11 19:00:00+02:00,0.107,0.0351977142,1.218,0.4006618308,-1.111,0.538160326,0.398030226,0.1095,0.851
2025-08-11 20:00:00+02:00,0.437,0.1623535408,0.096,0.0356657664,0.34099999999999997,0.589667364,0.449537264,0.1935,0.08750000000000001
2025-08-11 21:00:00+02:00,0.495,0.156266055,0.0,0.0,0.495,0.5221137899999999,0.38198369,0.41925,0.0
2025-08-11 22:00:00+02:00,0.582,0.1626114402,0.0,0.0,0.582,0.478205431,0.338075331,0.6174999999999999,0.0
2025-08-11 23:00:00+02:00,0.463,0.1221525492,0.0,0.0,0.463,0.459362464,0.319232364,0.3025,0.0
2025-08-12 00:00:00+02:00,5.682,1.4784473088,0.0,0.0,5.682,0.454970164,0.314840064,1.6115,0.0
2025-08-12 01:00:00+02:00,0.364,0.0932455524,0.0,0.0,0.364,0.450094711,0.30996461099999995,0.26025,0.0
2025-08-12 02:00:00+02:00,0.365,0.0916202925,0.0,0.0,0.365,0.44385764499999997,0.30372754499999993,1.3205,0.0
2025-08-12 03:00:00+02:00,0.346,0.0862983858,0.0,0.0,0.346,0.441925033,0.301794933,2.31975,0.0
2025-08-12 04:00:00+02:00,0.358,0.0890271536,0.0,0.0,0.358,0.44103193199999996,0.300901832,0.33,0.0
2025-08-12 05:00:00+02:00,0.355,0.0905963905,0.0,0.0,0.355,0.44892343100000004,0.308793331,0.4305,0.0
2025-08-12 06:00:00+02:00,0.318,0.086017569,0.0,0.0,0.318,0.46742965499999994,0.32729955499999996,0.338,0.011
2025-08-12 07:00:00+02:00,0.17,0.0460768,0.016,0.00433664,0.15400000000000003,0.4680885,0.3279584,0.06025,0.13674999999999998
2025-08-12 08:00:00+02:00,0.088,0.0234980064,0.405,0.108144234,-0.31700000000000006,0.46322768799999997,0.323097588,0.68475,0.478
2025-08-12 09:00:00+02:00,0.015,0.003898257,0.497,0.1291622486,-0.482,0.4545894979999999,0.314459398,0.009,1.0795000000000001
2025-08-12 10:00:00+02:00,0.009,0.0021931371,0.652,0.1588805988,-0.643,0.43498519899999993,0.294855099,0.15775,1.4985000000000002
2025-08-12 11:00:00+02:00,2.625,0.51467955,1.412,0.2768485808,1.213,0.377372864,0.237242764,0.00625,2.274
2025-08-12 12:00:00+02:00,5.412,0.8540579784,0.814,0.1284558748,4.598,0.331078022,0.190947922,0.005,2.9074999999999998
2025-08-12 13:00:00+02:00,2.015,0.304866276,1.807,0.2733962088,0.20800000000000018,0.32320116400000004,0.183071064,0.04675,3.3084999999999996
2025-08-12 14:00:00+02:00,7.282,1.1206990718,0.069,0.0106190931,7.213,0.326348979,0.186218879,0.09175,2.79725
2025-08-12 15:00:00+02:00,0.0,0.0,4.108,0.7808441212,-4.108,0.370125569,0.22999546899999998,0.005,2.21775
2025-08-12 16:00:00+02:00,0.0,0.0,3.56,0.835372868,-3.56,0.424063013,0.283932913,0.5565,3.1437500000000003
2025-08-12 17:00:00+02:00,0.041,0.0107673544,2.413,0.6336981992,-2.372,0.457898364,0.31776826399999997,0.16824999999999998,1.9492500000000001
2025-08-12 18:00:00+02:00,0.001,0.0002699147,2.099,0.5665509553,-2.0980000000000003,0.46672688700000003,0.326596787,0.8574999999999999,1.19675
2025-08-12 19:00:00+02:00,0.012,0.0039418896,0.801,0.2631211308,-0.789,0.5376039680000001,0.397473868,0.016499999999999997,0.60175
2025-08-12 20:00:00+02:00,0.174,0.0584648526,0.072,0.0241923528,0.102,0.546696029,0.406565929,0.05725,0.22675
2025-08-12 21:00:00+02:00,0.406,0.1289017114,0.0,0.0,0.406,0.524295299,0.38416519899999996,0.41825,0.0025
2025-08-12 22:00:00+02:00,0.734,0.2096987354,0.0,0.0,0.734,0.485818751,0.34568865099999996,0.393,0.0
2025-08-12 23:00:00+02:00,0.805,0.210433762,0.0,0.0,0.805,0.4564342639999999,0.316304164,0.32775,0.0
2025-08-13 00:00:00+02:00,1.146,0.296467908,0.0,0.0,1.146,0.4531546799999999,0.31302458,0.25975000000000004,0.0
2025-08-13 01:00:00+02:00,0.626,0.1606118184,0.0,0.0,0.626,0.450577864,0.31044776399999996,0.39199999999999996,0.0
2025-08-13 02:00:00+02:00,0.355,0.0897458815,0.0,0.0,0.355,0.44602451299999996,0.305894413,1.9235,0.0
2025-08-13 03:00:00+02:00,0.354,0.088559295,0.0,0.0,0.354,0.44283277499999996,0.302702675,2.0475,0.0
2025-08-13 04:00:00+02:00,0.355,0.0898232005,0.0,0.0,0.355,0.446288051,0.306157951,1.8102500000000001,0.0
2025-08-13 05:00:00+02:00,0.347,0.0903896136,0.0,0.0,0.347,0.455321548,0.31519144800000004,1.04175,0.0
2025-08-13 06:00:00+02:00,0.319,0.0887969995,0.0,0.0,0.319,0.47694630499999996,0.336816205,0.11925,0.012750000000000001
2025-08-13 07:00:00+02:00,0.113,0.0313152719,0.004,0.0011085052,0.109,0.475452923,0.335322823,0.029249999999999998,0.1835
2025-08-13 08:00:00+02:00,0.015,0.0041380185,0.416,0.1147610464,-0.40099999999999997,0.473930259,0.333800159,1.35425,0.4695
2025-08-13 09:00:00+02:00,0.014,0.0036393896,1.042,0.2708745688,-1.028,0.45467734399999993,0.31454724399999995,1.4075,0.88025
2025-08-13 10:00:00+02:00,0.005,0.0012693505,1.483,0.3764893583,-1.4780000000000002,0.4473129209999999,0.307182821,0.64125,1.1195
2025-08-13 11:00:00+02:00,0.0,0.0,2.447,0.5625949087,-2.447,0.418323741,0.278193641,0.65725,1.4975
2025-08-13 12:00:00+02:00,0.0,0.0,2.891,0.5826452016,-2.891,0.383990596,0.243860496,0.083,1.497
2025-08-13 13:00:00+02:00,0.0,0.0,3.486,0.6378550332,-3.486,0.361531302,0.221401202,0.4715,2.0970000000000004
2025-08-13 14:00:00+02:00,0.0,0.0,3.521,0.6919331881,-3.521,0.37791458099999997,0.237784481,0.57875,2.6805
2025-08-13 15:00:00+02:00,0.001,0.0002334574,2.403,0.5609981322,-2.402,0.422613554,0.282483454,0.45999999999999996,2.419
2025-08-13 16:00:00+02:00,0.004,0.0009986856,2.725,0.680354565,-2.721,0.4422324939999999,0.302102394,0.09575,2.44225
2025-08-13 17:00:00+02:00,0.026,0.0068796728,1.18,0.312231304,-1.154,0.460299488,0.320169388,1.3070000000000002,2.11175
2025-08-13 18:00:00+02:00,2.567,0.7372257145,0.841,0.2415297335,1.7260000000000002,0.4876342349999999,0.347504135,0.052000000000000005,1.7635
2025-08-13 19:00:00+02:00,0.213,0.0796437246,0.253,0.0946002926,-0.04000000000000001,0.5925662819999999,0.45243618199999996,0.1395,0.782
2025-08-13 20:00:00+02:00,9.948,4.19492238,0.0,0.0,9.948,0.65036895,0.5102388499999999,0.168,0.40775
2025-08-13 21:00:00+02:00,0.899,0.3010241267,0.0,0.0,0.899,0.545290493,0.405160393,0.4895,0.00275
2025-08-13 22:00:00+02:00,1.228,0.36441207,0.0,0.0,1.228,0.4992006249999999,0.359070525,0.449,0.0
2025-08-13 23:00:00+02:00,0.401,0.1107782951,0.0,0.0,0.401,0.47439877099999994,0.33426867099999996,0.5042500000000001,0.0
2025-08-14 00:00:00+02:00,0.348,0.0926965512,0.0,0.0,0.348,0.46243707399999995,0.32230697399999997,0.521,0.0
2025-08-14 01:00:00+02:00,0.369,0.0955667196,0.0,0.0,0.369,0.45350606399999993,0.313375964,0.5217499999999999,0.0
2025-08-14 02:00:00+02:00,0.358,0.0911800582,0.0,0.0,0.358,0.44830850899999997,0.308178409,0.34525000000000006,0.0
2025-08-14 03:00:00+02:00,0.358,0.0906992284,0.0,0.0,0.358,0.44668335800000003,0.306553258,1.722,0.0
2025-08-14 04:00:00+02:00,0.358,0.0909158184,0.0,0.0,0.358,0.447415408,0.307285308,2.0745,0.0
2025-08-14 05:00:00+02:00,0.348,0.0914248896,0.0,0.0,0.348,0.45801549199999997,0.317885392,0.47525,0.0
2025-08-14 06:00:00+02:00,0.359,0.0985978422,0.0,0.0,0.359,0.472451518,0.332321418,0.37275,0.004
2025-08-14 07:00:00+02:00,0.311,0.0863894867,0.0,0.0,0.311,0.47624353700000005,0.336113437,0.04225,0.08325
2025-08-14 08:00:00+02:00,0.193,0.0517292303,0.006,0.0016081626,0.187,0.464442891,0.324312791,0.21925,0.38275000000000003
2025-08-14 09:00:00+02:00,0.008,0.002062808,0.708,0.182558508,-0.7,0.45212981,0.31199971,0.231,0.7364999999999999
2025-08-14 10:00:00+02:00,0.003,0.0007378338,1.331,0.3273522626,-1.328,0.43772306600000005,0.297592966,0.0235,1.341
2025-08-14 11:00:00+02:00,0.001,0.0002292345,2.328,0.533657916,-2.327,0.417503845,0.277373745,0.18225,1.822
2025-08-14 12:00:00+02:00,0.0,0.0,3.253,0.6924046283,-3.253,0.397679931,0.25754983099999995,0.05625,2.59225
2025-08-14 13:00:00+02:00,7.26,1.432153338,0.163,0.0321544069,7.0969999999999995,0.37882232299999996,0.238692223,0.13175,2.83375
2025-08-14 14:00:00+02:00,0.465,0.099555291,3.579,0.7662545946,-3.1140000000000003,0.39918795399999996,0.259057854,0.13125,2.01675
2025-08-14 15:00:00+02:00,0.0,0.0,3.9,0.90354693,-3.9,0.42046132699999994,0.28033122699999996,0.133,2.3207500000000003
2025-08-14 16:00:00+02:00,0.0,0.0,3.389,0.8243617107,-3.389,0.434458123,0.294328023,0.1735,1.8722500000000002
2025-08-14 17:00:00+02:00,0.025,0.0065893575,2.16,0.569320488,-2.1350000000000002,0.459055003,0.318924903,0.044000000000000004,1.84925
2025-08-14 18:00:00+02:00,0.174,0.0497169156,1.358,0.3880205252,-1.1840000000000002,0.485862674,0.345732574,0.16375,1.4635
2025-08-14 19:00:00+02:00,0.014,0.0057987314,1.039,0.4303487089,-1.025,0.641306171,0.501176071,0.2015,0.9832500000000001
2025-08-14 20:00:00+02:00,0.237,0.113933721,0.051,0.024517383,0.186,0.7218170300000001,0.58168693,0.2605,0.29974999999999996
2025-08-14 21:00:00+02:00,0.634,0.214492344,0.0,0.0,0.634,0.5494924600000001,0.40936236,0.27625,0.0015
2025-08-14 22:00:00+02:00,0.601,0.1765374996,0.0,0.0,0.601,0.49555501599999996,0.355424916,0.49724999999999997,0.0
2025-08-14 23:00:00+02:00,1.201,0.3313173479,0.0,0.0,1.201,0.473930259,0.333800159,0.593,0.0
2025-08-15 00:00:00+02:00,0.674,0.1797939484,0.0,0.0,0.674,0.462905586,0.322775486,1.60775,0.0
2025-08-15 01:00:00+02:00,0.454,0.12003079,0.0,0.0,0.454,0.4600359499999999,0.31990585,0.407,0.0
2025-08-15 02:00:00+02:00,0.453,0.1183193418,0.0,0.0,0.453,0.456170726,0.316040626,0.42,0.0
2025-08-15 03:00:00+02:00,0.449,0.1154273934,0.0,0.0,0.449,0.45119278599999996,0.311062686,0.6195,0.0
2025-08-15 04:00:00+02:00,0.399,0.103751571,0.0,0.0,0.399,0.45476519000000004,0.31463509,0.5395,0.0
2025-08-15 05:00:00+02:00,0.393,0.1031662335,0.0,0.0,0.393,0.457766595,0.317636495,0.25,0.0
2025-08-15 06:00:00+02:00,0.331,0.0885247253,0.0,0.0,0.331,0.463740123,0.323610023,0.47175,0.00075
2025-08-15 07:00:00+02:00,0.157,0.0418180961,0.002,0.0005327146,0.155,0.46242243299999997,0.322292333,0.03225,0.06549999999999999
2025-08-15 08:00:00+02:00,0.033,0.0088584705,0.377,0.1012013145,-0.344,0.46494068499999996,0.32481058500000004,0.04875,0.4635
2025-08-15 09:00:00+02:00,0.011,0.0027932366,0.994,0.2524070164,-0.983,0.44738612599999994,0.307256026,0.26799999999999996,0.62275
2025-08-15 10:00:00+02:00,3.332,0.6690236168,0.99,0.198779526,2.3419999999999996,0.38308285400000003,0.242952754,0.26325,1.15125
2025-08-15 11:00:00+02:00,0.057,0.0086240088,1.659,0.2510040456,-1.602,0.32320116400000004,0.183071064,0.0045,1.94
2025-08-15 12:00:00+02:00,4.973,0.7348363396,0.4,0.05910608,4.5729999999999995,0.318925992,0.178795892,0.00775,1.6159999999999999
2025-08-15 13:00:00+02:00,9.547,1.4097902148,0.0,0.0,9.547,0.31880886399999997,0.178678764,0.1515,1.95225
2025-08-15 14:00:00+02:00,2.016,0.2976994944,1.188,0.1754300592,0.8280000000000001,0.31880886399999997,0.178678764,0.113,2.12725
2025-08-15 15:00:00+02:00,3.658,0.5477840368,1.221,0.1828442616,2.437,0.321327116,0.18119701600000002,0.002,2.201
2025-08-15 16:00:00+02:00,6.857,1.2351699239,0.437,0.0787179899,6.42,0.358090667,0.217960567,0.0025000000000000005,2.1965
2025-08-15 17:00:00+02:00,0.0,0.0,2.552,0.602453192,-2.552,0.42577601,0.28564591,0.1615,1.7725
2025-08-15 18:00:00+02:00,0.0,0.0,2.482,0.6654234554,-2.482,0.464530737,0.324400637,0.20475,1.979
2025-08-15 19:00:00+02:00,0.003,0.0008643756,1.437,0.4140359124,-1.4340000000000002,0.488761592,0.34863149200000004,0.188,1.186
2025-08-15 20:00:00+02:00,0.311,0.0932006977,0.061,0.0182805227,0.25,0.502743747,0.36261364700000004,0.62,0.368
2025-08-15 21:00:00+02:00,0.508,0.1443084236,0.0,0.0,0.508,0.483856857,0.343726757,0.6145,0.0032500000000000003
2025-08-15 22:00:00+02:00,0.418,0.1155049786,0.0,0.0,0.418,0.474486617,0.334356517,0.7382500000000001,0.0
2025-08-15 23:00:00+02:00,0.441,0.1164977352,0.0,0.0,0.441,0.459772412,0.319642312,0.48875,0.0
2025-08-16 00:00:00+02:00,4.444,1.1886926744,0.0,0.0,4.444,0.46378404599999995,0.323653946,0.433,0.0
2025-08-16 01:00:00+02:00,5.478,1.4275542006,0.0,0.0,5.478,0.455453317,0.315323217,0.5237499999999999,0.0
2025-08-16 02:00:00+02:00,0.366,0.0942317508,0.0,0.0,0.366,0.451661298,0.311531198,0.46199999999999997,0.0
2025-08-16 03:00:00+02:00,0.355,0.0889469185,0.0,0.0,0.355,0.443301287,0.303171187,0.31825,0.0
2025-08-16 04:00:00+02:00,0.359,0.0889500403,0.0,0.0,0.359,0.439933857,0.299803757,0.6055,0.0
2025-08-16 05:00:00+02:00,0.36,0.091097028,0.0,0.0,0.36,0.4463173329999999,0.30618723299999995,0.637,0.0
2025-08-16 06:00:00+02:00,0.448,0.1153112576,0.0,0.0,0.448,0.451573452,0.31144335199999995,0.37775000000000003,0.006
2025-08-16 07:00:00+02:00,2.287,0.5812373908,0.0,0.0,2.287,0.447649664,0.30751956399999997,0.0505,0.122
2025-08-16 08:00:00+02:00,0.443,0.1108456437,0.024,0.0060051816,0.419,0.442891339,0.30276123899999996,0.1495,0.47024999999999995
2025-08-16 09:00:00+02:00,3.219,0.7869437796,0.027,0.0066006468,3.1919999999999997,0.435936864,0.295806764,0.03475,0.9307500000000001
2025-08-16 10:00:00+02:00,11.227,2.0654132268,0.0,0.0,11.227,0.362731864,0.222601764,0.13275,1.27275
2025-08-16 11:00:00+02:00,10.644,1.6207235616,0.0,0.0,10.644,0.324372444,0.184242344,0.04475,1.94
2025-08-16 12:00:00+02:00,7.005,1.0358580705,0.232,0.0343067912,6.773,0.31905776099999994,0.17892766100000002,0.9417500000000001,2.01325
2025-08-16 13:00:00+02:00,0.005,0.0007382815,1.057,0.1560727091,-1.052,0.318794223,0.17866412299999998,0.40049999999999997,1.8780000000000001
2025-08-16 14:00:00+02:00,0.004,0.0005906252,1.303,0.1923961589,-1.299,0.318794223,0.17866412299999998,0.9814999999999999,1.2814999999999999
2025-08-16 15:00:00+02:00,0.004,0.0005906252,1.686,0.2489485218,-1.682,0.318794223,0.17866412299999998,1.127,1.2622499999999999
2025-08-16 16:00:00+02:00,0.001,0.0001487695,2.61,0.388288395,-2.609,0.32014119499999993,0.18001109499999998,0.5185,1.2125
2025-08-16 17:00:00+02:00,0.01,0.00167464,2.293,0.383994952,-2.2830000000000004,0.34276154000000003,0.20263144,1.59225,0.38675
2025-08-16 18:00:00+02:00,0.089,0.0207023256,1.187,0.2761085448,-1.098,0.42158868399999994,0.281458584,0.5925,0.63225
2025-08-16 19:00:00+02:00,0.007,0.0018383288,1.048,0.2752240832,-1.0410000000000001,0.457898364,0.31776826399999997,0.10425000000000001,0.42975
2025-08-16 20:00:00+02:00,0.208,0.0573780064,0.177,0.0488264766,0.031,0.4739156179999999,0.33378551799999995,0.42275,0.07975
2025-08-16 21:00:00+02:00,0.497,0.1347189074,0.0,0.0,0.497,0.4681177819999999,0.32798768199999995,0.51425,0.0
2025-08-16 22:00:00+02:00,0.513,0.1347480684,0.0,0.0,0.513,0.45795692799999993,0.31782682799999995,0.64,0.0
2025-08-16 23:00:00+02:00,0.52,0.1333904,0.0,0.0,0.52,0.45051930000000007,0.31038920000000003,0.38875000000000004,0.0
2025-08-17 00:00:00+02:00,0.354,0.0927099096,0.0,0.0,0.354,0.457019904,0.316889804,0.4535,0.0
2025-08-17 01:00:00+02:00,0.309,0.0787748841,0.0,0.0,0.309,0.44860132900000005,0.308471229,0.36775,0.0
2025-08-17 02:00:00+02:00,0.15,0.03812226,0.0,0.0,0.15,0.447649664,0.30751956399999997,0.43074999999999997,0.0
2025-08-17 03:00:00+02:00,0.17,0.042923419,0.0,0.0,0.17,0.44564384700000004,0.305513747,0.27,0.0
2025-08-17 04:00:00+02:00,0.166,0.0425903544,0.0,0.0,0.166,0.450577864,0.31044776399999996,1.1105,0.0
2025-08-17 05:00:00+02:00,0.17,0.044028028,0.0,0.0,0.17,0.45350606399999993,0.313375964,0.332,0.0
2025-08-17 06:00:00+02:00,0.142,0.0363588302,0.0,0.0,0.142,0.44994830099999994,0.309818201,0.6635,0.0025
2025-08-17 07:00:00+02:00,0.021,0.005249706,0.047,0.011749342,-0.026,0.44261316,0.30248306,0.0655,0.07125
2025-08-17 08:00:00+02:00,0.012,0.0029616444,0.094,0.0231995478,-0.082,0.438762577,0.29863247699999995,0.485,0.42424999999999996
2025-08-17 09:00:00+02:00,0.032,0.0065854976,0.303,0.0623564304,-0.271,0.3891442279999999,0.249014128,0.244,0.8382499999999999
2025-08-17 10:00:00+02:00,0.044,0.007022356,0.75,0.11969925,-0.706,0.33324489,0.19311478999999998,0.16549999999999998,1.4452500000000001
2025-08-17 11:00:00+02:00,1.364,0.2086486248,0.643,0.0983585526,0.7210000000000001,0.32522162199999993,0.18509152199999998,0.10375000000000001,1.6397499999999998
2025-08-17 12:00:00+02:00,4.997,0.7560381048,0.319,0.0482641896,4.678,0.32320116400000004,0.183071064,0.03125,2.25225
2025-08-17 13:00:00+02:00,3.897,0.5849888022,0.435,0.065298981,3.4619999999999997,0.321766346,0.181636246,2.1815,1.4525000000000001
2025-08-17 14:00:00+02:00,10.901,1.6450829912,0.0,0.0,10.901,0.32273265199999995,0.182602552,2.94025,0.7909999999999999
2025-08-17 15:00:00+02:00,11.86,1.760675114,0.0,0.0,11.86,0.319760529,0.179630429,0.75075,1.04675
2025-08-17 16:00:00+02:00,0.227,0.0369321282,0.233,0.0379083078,-0.006000000000000005,0.336992986,0.196862886,0.49150000000000005,1.395
2025-08-17 17:00:00+02:00,0.494,0.1194224746,0.217,0.0524588603,0.277,0.43264263900000005,0.292512539,0.62825,1.10125
2025-08-17 18:00:00+02:00,0.118,0.0307890792,0.204,0.0532285776,-0.086,0.45584862400000004,0.315718524,0.25975,0.9602499999999999
2025-08-17 19:00:00+02:00,0.196,0.0550306064,0.006,0.0016846104,0.19,0.47985986399999997,0.33972976399999993,0.5467500000000001,0.29225
2025-08-17 20:00:00+02:00,0.227,0.063915709,0.0,0.0,0.227,0.48082616999999994,0.34069607,0.43025,0.11825000000000001
2025-08-17 21:00:00+02:00,0.28,0.078665972,0.0,0.0,0.28,0.4800794789999999,0.33994937899999994,0.43875000000000003,0.0025
2025-08-17 22:00:00+02:00,0.216,0.0593626968,0.0,0.0,0.216,0.47267113299999997,0.332541033,0.4285,0.0
2025-08-17 23:00:00+02:00,0.161,0.0437504298,0.0,0.0,0.161,0.46893767799999997,0.328807578,0.5605,0.0
2025-08-18 00:00:00+02:00,0.147,0.0380695161,0.0,0.0,0.147,0.453491423,0.31336132299999997,0.36449999999999994,0.0
2025-08-18 01:00:00+02:00,0.158,0.0399891206,0.0,0.0,0.158,0.44637589699999997,0.306245797,0.48075,0.0
2025-08-18 02:00:00+02:00,0.143,0.0354901833,0.0,0.0,0.143,0.4404316509999999,0.300301551,0.532,0.0
2025-08-18 03:00:00+02:00,0.156,0.0384447492,0.0,0.0,0.156,0.43832334700000003,0.298193247,0.40874999999999995,0.0
2025-08-18 04:00:00+02:00,0.152,0.0387114816,0.0,0.0,0.152,0.448293868,0.30816376799999995,0.34325,0.0
2025-08-18 05:00:00+02:00,0.143,0.0370907108,0.0,0.0,0.143,0.453974576,0.313844476,0.28375,0.0
2025-08-18 06:00:00+02:00,0.145,0.041237768,0.0,0.0,0.145,0.484252164,0.344122064,0.3445,0.009000000000000001
2025-08-18 07:00:00+02:00,0.044,0.0134255308,0.036,0.0109845252,0.008,0.509332197,0.369202097,0.044250000000000005,0.14125
2025-08-18 08:00:00+02:00,0.022,0.0061454932,0.297,0.0829641582,-0.27499999999999997,0.478132226,0.33800212599999996,0.02475,0.62625
2025-08-18 09:00:00+02:00,0.019,0.0048722707,0.723,0.1854027219,-0.704,0.45041681299999997,0.31028671299999994,0.01475,1.105
2025-08-18 10:00:00+02:00,0.007,0.0017011148,1.087,0.2641588268,-1.08,0.434179944,0.294049844,0.131,1.3245
2025-08-18 11:00:00+02:00,0.01,0.002032437,1.304,0.2650297848,-1.294,0.38605497699999997,0.245924877,0.00975,1.9465000000000001
2025-08-18 12:00:00+02:00,0.396,0.0680790528,1.05,0.18051264,-0.654,0.348149428,0.208019328,0.00275,2.5700000000000003
2025-08-18 13:00:00+02:00,0.0,0.0,4.008,0.6608658936,-4.008,0.339643007,0.199512907,0.00025,3.5655
2025-08-18 14:00:00+02:00,0.0,0.0,4.523,0.7682758754,-4.523,0.34566045799999995,0.205530358,0.131,2.30525
2025-08-18 15:00:00+02:00,0.006,0.001282116,3.7,0.7906382,-3.6940000000000004,0.39869016,0.25856006,0.03025,2.16725
2025-08-18 16:00:00+02:00,0.001,0.000233651,3.84,0.89721984,-3.839,0.42284781,0.28271771,0.0405,2.55175
2025-08-18 17:00:00+02:00,0.006,0.0015349092,2.832,0.7244771424,-2.826,0.44967012199999995,0.30954002199999997,0.0795,1.38575
2025-08-18 18:00:00+02:00,0.0,0.0,2.557,0.6736810278,-2.557,0.458923234,0.31879313400000003,0.483,1.232
2025-08-18 19:00:00+02:00,0.019,0.0057530176,1.557,0.4714446528,-1.538,0.506506484,0.366376384,0.13525,0.85025
2025-08-18 20:00:00+02:00,0.111,0.0419302389,0.264,0.0997259736,-0.15300000000000002,0.597207479,0.457077379,0.296,0.0955
2025-08-18 21:00:00+02:00,0.271,0.0808986761,0.0,0.0,0.271,0.501338211,0.36120811099999994,0.41475000000000006,0.0
2025-08-18 22:00:00+02:00,0.189,0.0518989086,0.0,0.0,0.189,0.4723929539999999,0.332262854,0.53875,0.0
2025-08-18 23:00:00+02:00,0.138,0.0355901172,0.0,0.0,0.138,0.45218837399999995,0.31205827399999997,0.33099999999999996,0.0
2025-08-19 00:00:00+02:00,0.152,0.040637124,0.0,0.0,0.152,0.463622995,0.323492895,2.94725,0.0
2025-08-19 01:00:00+02:00,0.16,0.041050944,0.0,0.0,0.16,0.450577864,0.31044776399999996,0.26525,0.0
2025-08-19 02:00:00+02:00,0.149,0.0372461111,0.0,0.0,0.149,0.44259851899999997,0.302468419,1.3239999999999998,0.0
2025-08-19 03:00:00+02:00,0.155,0.038256449,0.0,0.0,0.155,0.43877721799999997,0.298647118,2.321,0.0
2025-08-19 04:00:00+02:00,0.16,0.039773184,0.0,0.0,0.16,0.440914804,0.300784704,0.3795,0.0
2025-08-19 05:00:00+02:00,0.153,0.0401010093,0.0,0.0,0.153,0.45726880099999995,0.31713870099999997,0.48175,0.0
2025-08-19 06:00:00+02:00,0.13,0.035636315,0.0,0.0,0.13,0.47182195499999996,0.33169185500000004,0.406,0.003
2025-08-19 07:00:00+02:00,0.019,0.005308391,0.045,0.012572505,-0.026,0.4781907899999999,0.33806069,0.09975,0.0875
2025-08-19 08:00:00+02:00,0.022,0.0058587958,0.609,0.1621821201,-0.587,0.46236386900000004,0.322233769,0.045,0.45299999999999996
2025-08-19 09:00:00+02:00,0.006,0.0015290286,1.258,0.3205863298,-1.252,0.448484201,0.308354101,0.01125,0.8865000000000001
2025-08-19 10:00:00+02:00,0.003,0.0006957984,1.677,0.3889513056,-1.6740000000000002,0.420768788,0.28063868799999997,0.1585,1.27325
2025-08-19 11:00:00+02:00,0.001,0.0001999767,2.399,0.4797441033,-2.398,0.38210190699999996,0.241971807,0.66125,2.13975
2025-08-19 12:00:00+02:00,0.0,0.0,3.021,0.5296323549,-3.021,0.35226354899999995,0.212133449,1.358,2.27675
2025-08-19 13:00:00+02:00,7.274,1.1005445616,0.087,0.0131629608,7.187,0.32320116400000004,0.183071064,0.5505,2.71825
2025-08-19 14:00:00+02:00,5.688,0.8433790992,0.803,0.1190635402,4.885,0.31954091399999995,0.179410814,1.9122499999999998,1.90075
2025-08-19 15:00:00+02:00,0.0,0.0,3.947,0.6530524638,-3.947,0.340331134,0.200201034,0.00475,2.4339999999999997
2025-08-19 16:00:00+02:00,0.0,0.0,3.609,0.7908001101,-3.609,0.40526396899999995,0.265133869,0.4905,3.0995
2025-08-19 17:00:00+02:00,0.007,0.0017770907,2.516,0.6387371716,-2.509,0.4473129209999999,0.307182821,0.17725,2.08125
2025-08-19 18:00:00+02:00,0.223,0.0578650435,2.064,0.535576008,-1.841,0.45410634499999997,0.313976245,0.8564999999999999,1.53025
2025-08-19 19:00:00+02:00,0.019,0.0053368986,1.301,0.3654371094,-1.282,0.480006274,0.33987617400000003,0.01725,0.655
2025-08-19 20:00:00+02:00,0.196,0.0584978856,0.171,0.0510364206,0.024999999999999994,0.501265006,0.36113490600000003,0.09075,0.17925
2025-08-19 21:00:00+02:00,0.48,0.134333232,0.0,0.0,0.48,0.47876178900000005,0.338631689,0.45249999999999996,0.0025
2025-08-19 22:00:00+02:00,0.407,0.1111554037,0.0,0.0,0.407,0.4705921109999999,0.330462011,0.36975,0.0
2025-08-19 23:00:00+02:00,0.372,0.097721052,0.0,0.0,0.372,0.45798620999999995,0.31785611,0.37050000000000005,0.0
2025-08-20 00:00:00+02:00,0.359,0.0939064302,0.0,0.0,0.359,0.45663923800000006,0.316509138,0.45774999999999993,0.0
2025-08-20 01:00:00+02:00,0.375,0.0954100125,0.0,0.0,0.375,0.447986407,0.307856307,0.47625000000000006,0.0
2025-08-20 02:00:00+02:00,0.368,0.0912512304,0.0,0.0,0.368,0.440168113,0.300038013,1.9769999999999999,0.0
2025-08-20 03:00:00+02:00,0.371,0.0909985461,0.0,0.0,0.371,0.436917811,0.296787711,2.09975,0.0
2025-08-20 04:00:00+02:00,0.427,0.1040625047,0.0,0.0,0.427,0.435014481,0.29488438100000003,1.8635,0.0
2025-08-20 05:00:00+02:00,0.375,0.095469,0.0,0.0,0.375,0.44817673999999996,0.30804664,1.09175,0.0
2025-08-20 06:00:00+02:00,0.357,0.096502098,0.0,0.0,0.357,0.46721004,0.32707994,0.17575000000000002,0.0055
2025-08-20 07:00:00+02:00,0.058,0.01589577,0.03,0.00822195,0.028000000000000004,0.47174874999999994,0.33161865,0.04775,0.1655
2025-08-20 08:00:00+02:00,0.029,0.0079910457,0.16,0.044088528,-0.131,0.47354959299999994,0.333419493,0.72375,0.47
2025-08-20 09:00:00+02:00,0.006,0.0015466704,1.05,0.27066732,-1.044,0.452041964,0.31191186400000004,1.4092500000000001,0.8165000000000001
2025-08-20 10:00:00+02:00,0.005,0.0012458765,1.516,0.3777497548,-1.5110000000000001,0.44163221299999994,0.30150211299999996,0.6415,1.1724999999999999
2025-08-20 11:00:00+02:00,0.016,0.0036785936,0.837,0.1924364277,-0.821,0.418323741,0.278193641,0.6565,1.57775
2025-08-20 12:00:00+02:00,0.038,0.007867178,1.487,0.307855097,-1.449,0.39063760999999997,0.25050751,0.08175,1.8395
2025-08-20 13:00:00+02:00,0.013,0.0024702392,2.547,0.4839768648,-2.5340000000000003,0.37005236399999997,0.229922264,0.471,2.468
2025-08-20 14:00:00+02:00,0.0,0.0,3.995,0.7837283135,-3.995,0.3775046329999999,0.237374533,0.01175,2.9307499999999997
2025-08-20 15:00:00+02:00,0.0,0.0,4.049,0.9140115424,-4.049,0.413272596,0.273142496,0.45924999999999994,2.3145
2025-08-20 16:00:00+02:00,0.0,0.0,3.976,0.940783228,-3.976,0.426434855,0.286304755,0.09675,2.2925
2025-08-20 17:00:00+02:00,0.066,0.0171746916,2.588,0.6734560888,-2.5220000000000002,0.45499944600000003,0.31486934600000005,1.3135000000000001,1.511
2025-08-20 18:00:00+02:00,0.07,0.018391758,1.594,0.4188066036,-1.524,0.45804477400000004,0.317914674,0.6937500000000001,1.2225000000000001
2025-08-20 19:00:00+02:00,0.083,0.0225334791,0.879,0.2386376883,-0.796,0.46863021699999996,0.328500117,0.1835,0.39849999999999997
2025-08-20 20:00:00+02:00,0.204,0.0621888696,0.131,0.0399350094,0.07299999999999998,0.5089954539999999,0.368865354,2.65425,0.186
2025-08-20 21:00:00+02:00,0.448,0.1284946432,0.0,0.0,0.448,0.487180364,0.34705026399999994,0.6975,0.0
2025-08-20 22:00:00+02:00,0.625,0.17051925,0.0,0.0,0.625,0.470255368,0.33012526799999997,0.6375,0.0
2025-08-20 23:00:00+02:00,1.164,0.3072652704,0.0,0.0,1.164,0.459538156,0.31940805599999994,0.4085,0.0
2025-08-21 00:00:00+02:00,1.065,0.279044271,0.0,0.0,1.065,0.457166314,0.317036214,0.5725,0.0
2025-08-21 01:00:00+02:00,0.351,0.089571339,0.0,0.0,0.351,0.44890878999999995,0.30877868999999997,0.5775,0.0
2025-08-21 02:00:00+02:00,0.356,0.0902700656,0.0,0.0,0.356,0.4469468959999999,0.306816796,0.40025000000000005,0.0
2025-08-21 03:00:00+02:00,0.37,0.095324284,0.0,0.0,0.37,0.45186627199999996,0.311736172,1.19575,0.0
2025-08-21 04:00:00+02:00,0.351,0.0910620711,0.0,0.0,0.351,0.45404778100000004,0.313917681,2.128,0.0
2025-08-21 05:00:00+02:00,0.354,0.0942348,0.0,0.0,0.354,0.4622320999999999,0.322102,0.5265,0.0
2025-08-21 06:00:00+02:00,0.349,0.0962567826,0.0,0.0,0.349,0.473857054,0.33372695399999996,0.2975,0.0
2025-08-21 07:00:00+02:00,0.119,0.0335554296,0.029,0.0081773736,0.09,0.48132396400000005,0.341193864,0.11725000000000001,0.044500000000000005
2025-08-21 08:00:00+02:00,0.026,0.007202767,0.428,0.118568626,-0.40199999999999997,0.475335795,0.33520569499999997,0.26649999999999996,0.1915
2025-08-21 09:00:00+02:00,0.009,0.0023019282,1.043,0.2667679014,-1.034,0.449611558,0.309481458,0.23175,0.616
2025-08-21 10:00:00+02:00,0.03,0.007159812,1.449,0.3458189196,-1.419,0.42890918399999994,0.28877908399999996,0.024,1.21675
2025-08-21 11:00:00+02:00,0.024,0.0054746208,2.387,0.5444966604,-2.363,0.41614223199999995,0.276012132,0.05825,1.85
2025-08-21 12:00:00+02:00,0.027,0.0058717791,2.809,0.6108824997,-2.782,0.403272793,0.263142693,0.05625,2.48375
2025-08-21 13:00:00+02:00,0.0,0.0,4.009,0.8001057966,-4.009,0.38161875399999995,0.24148865399999997,1.9467499999999998,1.89175
2025-08-21 14:00:00+02:00,5.38,1.035318592,0.921,0.1772357664,4.459,0.37298056399999996,0.232850464,0.15675,2.1475
2025-08-21 15:00:00+02:00,0.043,0.0088575872,3.403,0.7009853312,-3.36,0.38937848399999997,0.249248384,0.133,2.207
2025-08-21 16:00:00+02:00,0.002,0.0004407788,1.806,0.3980232564,-1.804,0.40680127400000005,0.266671174,0.1735,1.67475
2025-08-21 17:00:00+02:00,0.324,0.0798154236,0.559,0.1377062401,-0.23500000000000004,0.438206219,0.298076119,0.05025,1.5095
2025-08-21 18:00:00+02:00,0.539,0.1408991276,1.403,0.3667559852,-0.864,0.4564342639999999,0.316304164,0.10200000000000001,1.1647500000000002
2025-08-21 19:00:00+02:00,0.105,0.02828133,0.493,0.132787578,-0.388,0.46603875999999994,0.32590865999999996,0.20475000000000002,0.7775
2025-08-21 20:00:00+02:00,0.275,0.07939415,0.116,0.033489896,0.15900000000000003,0.48946436,0.34933426,0.31725000000000003,0.16799999999999998
2025-08-21 21:00:00+02:00,0.7,0.20033244,0.0,0.0,0.7,0.486419032,0.34628893199999994,0.3815,0.0005
2025-08-21 22:00:00+02:00,0.83,0.234042072,0.0,0.0,0.83,0.48132396400000005,0.341193864,0.38275,0.0
2025-08-21 23:00:00+02:00,1.464,0.394942548,0.0,0.0,1.464,0.4665511949999999,0.326421095,0.63125,0.0
2025-08-22 00:00:00+02:00,0.337,0.0872750131,0.0,0.0,0.337,0.453491423,0.31336132299999997,1.68775,0.0
2025-08-22 01:00:00+02:00,0.154,0.0386897742,0.0,0.0,0.154,0.44412118300000003,0.303991083,0.43325,0.0
2025-08-22 02:00:00+02:00,0.165,0.0407625405,0.0,0.0,0.165,0.439055397,0.298925297,0.2755,0.0
2025-08-22 03:00:00+02:00,0.159,0.0391956147,0.0,0.0,0.159,0.43841119300000003,0.298281093,0.64575,0.0
2025-08-22 04:00:00+02:00,0.158,0.0391766056,0.0,0.0,0.158,0.440153472,0.300023372,0.5535000000000001,0.0
2025-08-22 05:00:00+02:00,0.155,0.03934799,0.0,0.0,0.155,0.44729828,0.30716817999999996,0.2625,0.0
2025-08-22 06:00:00+02:00,0.149,0.0410971055,0.0,0.0,0.149,0.4738716949999999,0.333741595,0.34400000000000003,0.00075
2025-08-22 07:00:00+02:00,0.079,0.0221807036,0.004,0.0011230736,0.075,0.47985986399999997,0.33972976399999993,0.058750000000000004,0.05499999999999999
2025-08-22 08:00:00+02:00,0.01,0.002755533,0.319,0.0879015027,-0.309,0.47354959299999994,0.333419493,0.05500000000000001,0.34924999999999995
2025-08-22 09:00:00+02:00,0.028,0.00731808,0.487,0.12728232,-0.45899999999999996,0.4563757,0.31624559999999996,0.27,0.54325
2025-08-22 10:00:00+02:00,0.01,0.002512807,0.484,0.1216198588,-0.474,0.44417974699999996,0.30404964700000003,0.972,0.9612499999999999
2025-08-22 11:00:00+02:00,0.001,0.0002474934,1.962,0.4855820508,-1.961,0.439597114,0.299467014,0.018750000000000003,1.72925
2025-08-22 12:00:00+02:00,2.569,0.5907374396,1.417,0.3258368828,1.152,0.41836766400000003,0.278237564,1.2497500000000001,1.36075
2025-08-22 13:00:00+02:00,0.007,0.0014402388,2.151,0.4425648084,-2.1439999999999997,0.389085664,0.248955564,2.5377500000000004,1.46775
2025-08-22 14:00:00+02:00,0.237,0.0446185443,0.695,0.1308434105,-0.45799999999999996,0.367929419,0.227799319,0.507,1.75925
2025-08-22 15:00:00+02:00,0.059,0.0110775863,1.056,0.1982700192,-0.9970000000000001,0.36731449699999996,0.22718439699999998,0.91575,1.9672500000000002
2025-08-22 16:00:00+02:00,0.003,0.0006608052,1.43,0.314983812,-1.427,0.406654864,0.26652476399999997,1.7167500000000002,1.67075
2025-08-22 17:00:00+02:00,0.005,0.001221737,1.117,0.2729360458,-1.112,0.43579045399999994,0.29566035399999996,0.161,1.9465000000000001
2025-08-22 18:00:00+02:00,0.024,0.0063928656,0.114,0.0303661116,-0.09,0.46243707399999995,0.32230697399999997,0.0825,2.0185
2025-08-22 19:00:00+02:00,0.963,0.2694943944,0.0,0.0,0.963,0.47874714799999996,0.338617048,0.18825,1.0675
2025-08-22 20:00:00+02:00,0.448,0.1280609792,0.0,0.0,0.448,0.48600908400000004,0.345878984,0.6955,0.2145
2025-08-22 21:00:00+02:00,0.153,0.0425947104,0.0,0.0,0.153,0.47699022799999996,0.336860128,0.6855000000000001,0.0025
2025-08-22 22:00:00+02:00,0.15,0.04089921,0.0,0.0,0.15,0.47005039400000004,0.329920294,0.58375,0.0
2025-08-22 23:00:00+02:00,0.148,0.0387547028,0.0,0.0,0.148,0.456975981,0.31684588099999994,0.40075,0.0
2025-08-23 00:00:00+02:00,0.164,0.0431349028,0.0,0.0,0.164,0.45838151699999996,0.31825141700000004,1.3737499999999998,0.0
2025-08-23 01:00:00+02:00,0.154,0.0393848224,0.0,0.0,0.154,0.44958227599999995,0.309452176,1.8045,0.0
2025-08-23 02:00:00+02:00,0.15,0.03831828,0.0,0.0,0.15,0.44923089199999994,0.30910079199999996,0.3025,0.0
2025-08-23 03:00:00+02:00,0.158,0.0398820598,0.0,0.0,0.158,0.4455560009999999,0.30542590099999994,0.32225,0.0
2025-08-23 04:00:00+02:00,0.161,0.0408029545,0.0,0.0,0.161,0.44678584499999996,0.306655745,0.6072500000000001,0.0
2025-08-23 05:00:00+02:00,0.148,0.0374116028,0.0,0.0,0.148,0.44599523099999994,0.30586513099999996,0.64125,0.0
2025-08-23 06:00:00+02:00,0.15,0.037960725,0.0,0.0,0.15,0.44634661499999995,0.306216515,0.2715,0.006
2025-08-23 07:00:00+02:00,0.047,0.0118790056,0.009,0.0022747032,0.038,0.44595130799999994,0.30582120799999996,0.603,0.11
2025-08-23 08:00:00+02:00,0.007,0.0017667573,0.196,0.0494692044,-0.189,0.445526719,0.305396619,0.259,0.31675
2025-08-23 09:00:00+02:00,0.006,0.0013949364,1.013,0.2355117622,-1.007,0.421442274,0.281312174,0.8382499999999999,0.6
2025-08-23 10:00:00+02:00,0.004,0.000705188,1.603,0.282604091,-1.599,0.35344947,0.21331937,2.8165,0.973
2025-08-23 11:00:00+02:00,0.001,0.0001525205,2.461,0.3753529505,-2.46,0.32467990500000005,0.184549805,2.705,1.434
2025-08-23 12:00:00+02:00,0.008,0.0012103872,1.183,0.1789860072,-1.175,0.32320116400000004,0.183071064,2.693,1.3022500000000001
2025-08-23 13:00:00+02:00,0.0,0.0,2.058,0.308906829,-2.058,0.321751705,0.181621605,0.40174999999999994,1.239
2025-08-23 14:00:00+02:00,0.003,0.0004496481,2.561,0.3838495947,-2.558,0.321488167,0.181358067,0.8779999999999999,0.9657499999999999
2025-08-23 15:00:00+02:00,0.0,0.0,3.214,0.4882953064,-3.214,0.323962496,0.18383239599999998,1.1280000000000001,0.962
2025-08-23 16:00:00+02:00,0.0,0.0,3.176,0.5154946544,-3.176,0.336524474,0.19639437399999998,0.5177499999999999,1.393
2025-08-23 17:00:00+02:00,0.008,0.0018783072,1.706,0.4005490104,-1.698,0.42422406399999996,0.284093964,1.5867499999999999,0.878
2025-08-23 18:00:00+02:00,0.255,0.0679643085,0.273,0.0727617891,-0.018000000000000016,0.46262740699999993,0.322497307,0.4075,0.927
2025-08-23 19:00:00+02:00,0.271,0.0771113156,0.298,0.0847939928,-0.02699999999999997,0.48442785599999993,0.344297756,0.037500000000000006,0.6917500000000001
2025-08-23 20:00:00+02:00,0.06,0.01786323,0.192,0.057162336,-0.132,0.5003719050000001,0.36024180499999997,0.39825,0.124
2025-08-23 21:00:00+02:00,0.151,0.0444058384,0.0,0.0,0.151,0.495964964,0.35583486400000003,0.5525,0.0
2025-08-23 22:00:00+02:00,0.141,0.039786252,0.0,0.0,0.141,0.4815582199999999,0.34142811999999995,0.5217499999999999,0.0
2025-08-23 23:00:00+02:00,0.157,0.0431858801,0.0,0.0,0.157,0.47296395300000005,0.332833853,0.41825,0.0
2025-08-24 00:00:00+02:00,0.161,0.0433530174,0.0,0.0,0.161,0.46595091399999994,0.32582081399999996,0.327,0.0
2025-08-24 01:00:00+02:00,0.156,0.0409967844,0.0,0.0,0.156,0.4581179789999999,0.317987879,0.2935,0.0
2025-08-24 02:00:00+02:00,0.153,0.0402417081,0.0,0.0,0.153,0.45838151699999996,0.31825141700000004,0.22875,0.0
2025-08-24 03:00:00+02:00,0.155,0.040372013,0.0,0.0,0.155,0.455292266,0.31516216599999997,0.21650000000000003,0.0
2025-08-24 04:00:00+02:00,0.153,0.0397140876,0.0,0.0,0.153,0.454208832,0.31407873199999997,1.06375,0.0
2025-08-24 05:00:00+02:00,0.171,0.0442290816,0.0,0.0,0.171,0.453096116,0.31296601599999996,0.28925,0.0
2025-08-24 06:00:00+02:00,0.162,0.0415640808,0.0,0.0,0.162,0.450577864,0.31044776399999996,0.47950000000000004,0.0025
2025-08-24 07:00:00+02:00,0.028,0.0070287448,0.049,0.0123003034,-0.021,0.44387228599999995,0.30374218599999997,0.038500000000000006,0.08299999999999999
2025-08-24 08:00:00+02:00,0.009,0.0022732875,0.612,0.15458355,-0.603,0.44576097500000006,0.305630875,0.48575,0.39175000000000004
2025-08-24 09:00:00+02:00,0.005,0.0007692575,1.362,0.209545743,-1.3570000000000002,0.326290415,0.186160315,0.2495,0.75325
2025-08-24 10:00:00+02:00,0.0,0.0,1.703,0.2514586789,-1.703,0.318794223,0.17866412299999998,0.0535,1.30075
2025-08-24 11:00:00+02:00,0.005,0.0007379185,2.489,0.3673358293,-2.484,0.318706377,0.178576277,0.44399999999999995,1.17225
2025-08-24 12:00:00+02:00,0.0,0.0,3.376,0.4904402976,-3.376,0.315909946,0.175779846,1.2805,1.5745
2025-08-24 13:00:00+02:00,0.001,0.0001386539,3.666,0.5083051974,-3.665,0.30790131899999995,0.167771219,3.1544999999999996,1.19325
2025-08-24 14:00:00+02:00,0.003,0.0004161432,2.293,0.3180721192,-2.29,0.30797452399999997,0.167844424,5.662000000000001,0.56275
2025-08-24 15:00:00+02:00,0.002,0.0002950948,3.337,0.4923656738,-3.3350000000000004,0.31866245399999993,0.17853235399999998,3.53775,0.8035000000000001
2025-08-24 16:00:00+02:00,0.006,0.0008860104,2.438,0.3600155592,-2.4320000000000004,0.31880886399999997,0.178678764,0.54525,1.3625
2025-08-24 17:00:00+02:00,0.453,0.098005644,1.999,0.432479652,-1.546,0.40191118,0.26178108,0.73075,1.1219999999999999
2025-08-24 18:00:00+02:00,0.881,0.2328059239,0.12,0.031710228,0.761,0.45987489899999995,0.31974479899999997,0.288,0.91725
2025-08-24 19:00:00+02:00,0.138,0.0391601496,0.279,0.0791716068,-0.14100000000000001,0.48349083200000004,0.343360732,0.4285,0.26825
2025-08-24 20:00:00+02:00,0.18,0.052187058,0.034,0.0098575554,0.146,0.490943101,0.350813001,0.484,0.005
2025-08-24 21:00:00+02:00,0.336,0.0960945216,0.0,0.0,0.336,0.486184776,0.346054676,0.45425000000000004,0.0
2025-08-24 22:00:00+02:00,0.238,0.0661029292,0.0,0.0,0.238,0.47619961399999994,0.33606951399999996,0.39350000000000007,0.0
2025-08-24 23:00:00+02:00,0.162,0.0436262112,0.0,0.0,0.162,0.46598019599999996,0.32585009600000003,0.34875,0.0
2025-08-25 00:00:00+02:00,0.161,0.0423361092,0.0,0.0,0.161,0.45830831199999994,0.318178212,0.31475,0.0
2025-08-25 01:00:00+02:00,0.148,0.0374402556,0.0,0.0,0.148,0.4462294869999999,0.306099387,0.3075,0.0
2025-08-25 02:00:00+02:00,0.325,0.08159151,0.0,0.0,0.325,0.44390156799999997,0.303771468,0.3025,0.0
2025-08-25 03:00:00+02:00,1.094,0.2738420938,0.0,0.0,1.094,0.443008467,0.302878367,0.41425,0.0
2025-08-25 04:00:00+02:00,0.757,0.1883142723,0.0,0.0,0.757,0.441134419,0.301004319,0.343,0.0
2025-08-25 05:00:00+02:00,0.149,0.0400532264,0.0,0.0,0.149,0.4653945559999999,0.325264456,0.28500000000000003,0.0
2025-08-25 06:00:00+02:00,0.139,0.0399316698,0.0,0.0,0.139,0.487736722,0.347606622,0.20775,0.00725
2025-08-25 07:00:00+02:00,0.056,0.0167394304,0.06,0.017935104,-0.003999999999999997,0.501821364,0.36169126399999996,0.052250000000000005,0.11649999999999999
2025-08-25 08:00:00+02:00,0.019,0.0053355192,0.495,0.139004316,-0.476,0.4799184279999999,0.339788328,0.028999999999999998,0.51375
2025-08-25 09:00:00+02:00,0.005,0.0012947605,1.047,0.2711228487,-1.042,0.453462141,0.313332041,0.018250000000000002,0.94775
2025-08-25 10:00:00+02:00,2.162,0.5101762204,1.057,0.2494247294,1.105,0.42565888199999996,0.285528782,0.0115,1.2175
2025-08-25 11:00:00+02:00,3.844,0.7305237544,1.501,0.2852539426,2.343,0.37008164600000004,0.229951546,0.012249999999999999,1.6860000000000002
2025-08-25 12:00:00+02:00,3.751,0.5992912684,1.315,0.210095446,2.436,0.333449864,0.193319764,0.101,2.0597499999999997
2025-08-25 13:00:00+02:00,3.444,0.5332817028,1.571,0.2432594527,1.873,0.32749097699999996,0.187360877,0.00025,3.57725
2025-08-25 14:00:00+02:00,3.815,0.594652443,1.496,0.2331848112,2.319,0.328735462,0.18860536199999997,0.044,2.8942499999999995
2025-08-25 15:00:00+02:00,1.519,0.2706256476,2.899,0.5164869996,-1.3800000000000001,0.3557041839999999,0.215574084,0.0305,2.87875
2025-08-25 16:00:00+02:00,1.561,0.3370203683,2.74,0.591566822,-1.1790000000000003,0.401369463,0.261239363,0.04025,2.76525
2025-08-25 17:00:00+02:00,0.004,0.0010015896,2.843,0.7118798082,-2.839,0.44311095399999995,0.30298085399999997,0.07975,1.71925
2025-08-25 18:00:00+02:00,0.0,0.0,2.422,0.6732513326,-2.422,0.4764777929999999,0.33634769299999995,0.3295,1.5365
2025-08-25 19:00:00+02:00,0.023,0.0074275487,1.204,0.3888160276,-1.181,0.530883749,0.39075364900000004,0.1385,1.02225
2025-08-25 20:00:00+02:00,0.281,0.1060525191,0.107,0.0403829877,0.17400000000000004,0.596797531,0.456667431,0.32,0.15475
2025-08-25 21:00:00+02:00,0.541,0.1689613871,0.0,0.0,0.541,0.5180289509999999,0.377898851,0.4495,0.0
2025-08-25 22:00:00+02:00,0.573,0.1643746764,0.0,0.0,0.573,0.4872389279999999,0.347108828,0.38875,0.0
2025-08-25 23:00:00+02:00,0.358,0.0984141642,0.0,0.0,0.358,0.4727589789999999,0.33262887899999993,0.32999999999999996,0.0
2025-08-26 00:00:00+02:00,0.362,0.099255332,0.0,0.0,0.362,0.47189516,0.33176505999999995,2.949,0.0
2025-08-26 01:00:00+02:00,0.357,0.0945884709,0.0,0.0,0.357,0.460724077,0.32059397700000003,0.25825,0.0
2025-08-26 02:00:00+02:00,0.757,0.1905583988,0.0,0.0,0.757,0.44472146400000007,0.30459136400000003,0.94275,0.0
2025-08-26 03:00:00+02:00,0.807,0.1978914102,0.0,0.0,0.807,0.436844606,0.296714506,2.325,0.0
2025-08-26 04:00:00+02:00,0.361,0.0893800622,0.0,0.0,0.361,0.439714242,0.299584142,0.38125,0.0
2025-08-26 05:00:00+02:00,0.351,0.0918605259,0.0,0.0,0.351,0.456800289,0.31667018900000005,0.329,0.0
2025-08-26 06:00:00+02:00,0.343,0.0888330212,0.0,0.0,0.343,0.45350606399999993,0.313375964,0.422,0.00125
2025-08-26 07:00:00+02:00,0.108,0.0298264032,0.038,0.0104944752,0.07,0.474296284,0.334166184,0.10300000000000001,0.0615
2025-08-26 08:00:00+02:00,0.021,0.0057594306,0.267,0.0732270462,-0.24600000000000002,0.471983006,0.331852906,0.04775,0.51125
2025-08-26 09:00:00+02:00,0.016,0.0041050944,0.699,0.1793413116,-0.6829999999999999,0.450577864,0.31044776399999996,0.01075,0.9695
2025-08-26 10:00:00+02:00,0.002,0.0004836128,1.808,0.4371859712,-1.806,0.432715844,0.292585744,0.00625,1.403
2025-08-26 11:00:00+02:00,1.521,0.3375127899,2.161,0.4795300059,-0.6400000000000001,0.408631399,0.268501299,0.66125,2.17625
2025-08-26 12:00:00+02:00,3.906,0.7741141254,1.786,0.3539600174,2.12,0.379935039,0.239804939,1.35725,2.4375
2025-08-26 13:00:00+02:00,4.057,0.7280984304,0.922,0.1654687584,3.1350000000000002,0.357285412,0.217155312,2.3262499999999995,1.92275
2025-08-26 14:00:00+02:00,5.987,1.1597351843,0.768,0.1487684352,5.219,0.37451786899999995,0.23438776899999997,3.24475,1.20675
2025-08-26 15:00:00+02:00,0.007,0.0016274258,1.793,0.4168534942,-1.786,0.421442274,0.281312174,0.00475,2.65225
2025-08-26 16:00:00+02:00,0.003,0.0007472718,2.719,0.6772773414,-2.7159999999999997,0.441529726,0.301399626,0.49025,3.09675
2025-08-26 17:00:00+02:00,0.204,0.0544232832,2.119,0.5653085152,-1.9150000000000003,0.462934868,0.32280476799999996,0.055749999999999994,2.0585
2025-08-26 18:00:00+02:00,0.009,0.0025925823,0.683,0.1967481901,-0.674,0.488688387,0.348558287,0.91025,1.5525000000000002
2025-08-26 19:00:00+02:00,0.043,0.0142853568,0.051,0.0169430976,-0.008,0.542113396,0.401983296,0.020749999999999998,0.7635
2025-08-26 20:00:00+02:00,0.193,0.0682024365,0.002,0.000706761,0.191,0.5677205049999999,0.42759040499999995,0.137,0.1335
2025-08-26 21:00:00+02:00,0.313,0.0929176182,0.0,0.0,0.313,0.499332394,0.359202294,0.38849999999999996,0.0
2025-08-26 22:00:00+02:00,0.198,0.0554651658,0.0,0.0,0.198,0.47908389100000004,0.338953791,0.43625,0.0
2025-08-26 23:00:00+02:00,0.152,0.0404090632,0.0,0.0,0.152,0.461807511,0.32167741099999997,0.42825,0.0
2025-08-27 00:00:00+02:00,1.152,0.3030939648,0.0,0.0,1.152,0.45848400400000006,0.318353904,0.5117499999999999,0.0
2025-08-27 01:00:00+02:00,0.393,0.1008218706,0.0,0.0,0.393,0.450548582,0.310418482,0.37575,0.0
2025-08-27 02:00:00+02:00,0.151,0.0381059976,0.0,0.0,0.151,0.445482796,0.30535269600000003,1.887,0.0
2025-08-27 03:00:00+02:00,0.153,0.0381071592,0.0,0.0,0.153,0.441500444,0.30137034399999996,2.06725,0.0
2025-08-27 04:00:00+02:00,0.232,0.0579771016,0.0,0.0,0.232,0.44251067299999997,0.302380573,1.9335,0.0
2025-08-27 05:00:00+02:00,0.181,0.0467082627,0.0,0.0,0.181,0.452378707,0.312248607,0.99125,0.0
2025-08-27 06:00:00+02:00,0.154,0.0413562996,0.0,0.0,0.154,0.4650724539999999,0.324942354,0.25325,0.0022500000000000003
2025-08-27 07:00:00+02:00,0.107,0.0298052887,0.0,0.0,0.107,0.477180561,0.337050461,0.05950000000000001,0.07625
2025-08-27 08:00:00+02:00,0.027,0.0076996656,0.494,0.1408753632,-0.46699999999999997,0.48518918799999994,0.345059088,0.72875,0.358
2025-08-27 09:00:00+02:00,0.009,0.0024357663,1.147,0.3104248829,-1.1380000000000001,0.467605347,0.327475247,1.27375,0.912
2025-08-27 10:00:00+02:00,0.003,0.0007531887,1.625,0.4079772125,-1.622,0.4439162089999999,0.30378610899999997,0.6407499999999999,1.355
2025-08-27 11:00:00+02:00,0.002,0.000486541,1.546,0.376096193,-1.544,0.434487405,0.294357305,0.659,1.6052499999999998
2025-08-27 12:00:00+02:00,0.012,0.002703624,2.776,0.625438352,-2.764,0.41274552,0.27261542,0.08975,1.924
2025-08-27 13:00:00+02:00,0.229,0.0477869414,1.95,0.40691937,-1.7209999999999999,0.39262878599999995,0.25249868599999997,0.351,2.57925
2025-08-27 14:00:00+02:00,1.878,0.3929626734,1.377,0.2881307781,0.5009999999999999,0.393316913,0.253186813,0.01175,3.2039999999999997
2025-08-27 15:00:00+02:00,0.019,0.0045090287,3.139,0.7449390047,-3.1199999999999997,0.427284033,0.28715393300000003,0.45849999999999996,2.93225
2025-08-27 16:00:00+02:00,4.48,1.102373888,0.774,0.1904547744,3.7060000000000004,0.4378694759999999,0.297739376,0.09575,2.79225
2025-08-27 17:00:00+02:00,0.0,0.0,2.578,0.6955281586,-2.578,0.466580477,0.326450377,1.1855,1.875
2025-08-27 18:00:00+02:00,0.011,0.0032577556,1.212,0.3589454352,-1.201,0.49848321600000006,0.358353116,0.71025,1.2647500000000003
2025-08-27 19:00:00+02:00,0.489,0.1816606638,0.041,0.0152312622,0.448,0.5896380819999999,0.449507982,0.202,0.4425
2025-08-27 20:00:00+02:00,0.837,0.323276184,0.0,0.0,0.837,0.60747082,0.46734072,2.7027500000000004,0.0665
2025-08-27 21:00:00+02:00,0.557,0.163976901,0.0,0.0,0.557,0.49634563,0.35621553,0.58475,0.0
2025-08-27 22:00:00+02:00,0.466,0.1328848862,0.0,0.0,0.466,0.485174547,0.345044447,0.705,0.0
2025-08-27 23:00:00+02:00,0.366,0.0999136446,0.0,0.0,0.366,0.47044570100000005,0.330315601,0.6114999999999999,0.0
2025-08-28 00:00:00+02:00,0.357,0.0946835043,0.0,0.0,0.357,0.461046179,0.320916079,0.5947499999999999,0.0
2025-08-28 01:00:00+02:00,0.351,0.0907435386,0.0,0.0,0.351,0.45294970599999995,0.312819606,0.57775,0.0
2025-08-28 02:00:00+02:00,0.358,0.0908031916,0.0,0.0,0.358,0.44703474199999993,0.30690464199999995,0.389,0.0
2025-08-28 03:00:00+02:00,2.245,0.5617890245,0.0,0.0,2.245,0.442920621,0.30279052100000003,1.0215,0.0
2025-08-28 04:00:00+02:00,0.364,0.0919462544,0.0,0.0,0.364,0.445775616,0.30564551599999995,2.128,0.0
2025-08-28 05:00:00+02:00,0.358,0.0942296454,0.0,0.0,0.358,0.458615773,0.31848567299999997,0.35524999999999995,0.0
2025-08-28 06:00:00+02:00,0.984,0.2790383904,0.0,0.0,0.984,0.483256576,0.34312647599999996,0.3215,0.0
2025-08-28 07:00:00+02:00,0.273,0.0828930102,0.0,0.0,0.273,0.507531354,0.367401254,0.134,0.042
2025-08-28 08:00:00+02:00,0.068,0.0211517196,0.105,0.0326607435,-0.03699999999999999,0.516506287,0.37637618700000003,0.27175,0.2235
2025-08-28 09:00:00+02:00,0.05,0.014606515,0.292,0.0853020476,-0.242,0.49360776300000003,0.353477663,0.06825,0.71
2025-08-28 10:00:00+02:00,0.624,0.1703898768,0.538,0.1469066566,0.08599999999999997,0.470533547,0.33040344699999996,0.0295,1.2857500000000002
2025-08-28 11:00:00+02:00,0.006,0.0015838416,1.803,0.4759444008,-1.797,0.459538156,0.31940805599999994,0.0635,2.17475
2025-08-28 12:00:00+02:00,0.005,0.0012718915,1.883,0.4789943389,-1.8780000000000001,0.447927843,0.307797743,0.062,2.7887500000000003
2025-08-28 13:00:00+02:00,0.002,0.0005037472,1.627,0.4097983472,-1.625,0.44489715599999996,0.304767056,1.8239999999999998,2.4335
2025-08-28 14:00:00+02:00,0.844,0.2113047684,0.488,0.1221762168,0.356,0.44306703099999994,0.302936931,1.501,1.70475
2025-08-28 15:00:00+02:00,0.107,0.0268404257,0.697,0.1748390347,-0.59,0.443652671,0.30352257099999996,0.1435,2.36725
2025-08-28 16:00:00+02:00,0.0,0.0,2.631,0.6487675029,-2.631,0.438499039,0.298368939,0.025500000000000002,1.9885000000000002
2025-08-28 17:00:00+02:00,0.834,0.2230502142,1.107,0.2960630541,-0.273,0.463740123,0.323610023,0.13025,1.2215000000000003
2025-08-28 18:00:00+02:00,0.081,0.0215955234,0.912,0.2431495968,-0.8310000000000001,0.46272989400000003,0.322599794,0.23575000000000004,0.9784999999999999
2025-08-28 19:00:00+02:00,0.027,0.0078182577,0.937,0.2713224987,-0.91,0.490503871,0.350373771,0.2305,0.43925000000000003
2025-08-28 20:00:00+02:00,0.38,0.113129192,0.001,0.0002977084,0.379,0.5003572639999999,0.360227164,0.21575,0.09225
2025-08-28 21:00:00+02:00,1.058,0.2944926072,0.0,0.0,1.058,0.47693166400000003,0.336801564,0.4895,0.0
2025-08-28 22:00:00+02:00,0.37,0.100034088,0.0,0.0,0.37,0.467268604,0.327138504,0.5015000000000001,0.0
2025-08-28 23:00:00+02:00,0.432,0.1059344352,0.0,0.0,0.432,0.436844606,0.296714506,0.9115,0.0
2025-08-29 00:00:00+02:00,0.921,0.2302705383,0.0,0.0,0.921,0.442657083,0.30252698299999997,1.5245,0.0
2025-08-29 01:00:00+02:00,0.266,0.0641692282,0.0,0.0,0.266,0.4320277169999999,0.291897617,0.38125,0.0
2025-08-29 02:00:00+02:00,0.155,0.037352458,0.0,0.0,0.155,0.43172025599999997,0.291590156,0.23175,0.0
2025-08-29 03:00:00+02:00,0.165,0.0384865305,0.0,0.0,0.165,0.42236465700000003,0.282234557,0.488,0.0
2025-08-29 04:00:00+02:00,0.588,0.1369314408,0.0,0.0,0.588,0.4219107859999999,0.281780686,0.2525,0.0
2025-08-29 05:00:00+02:00,0.416,0.100747504,0.0,0.0,0.416,0.433169715,0.293039615,0.21475000000000002,0.0
2025-08-29 06:00:00+02:00,0.406,0.1082540536,0.0,0.0,0.406,0.46275917599999994,0.32262907599999996,0.32299999999999995,0.00075
2025-08-29 07:00:00+02:00,0.285,0.078225774,0.0,0.0,0.285,0.47224654400000005,0.332116444,0.07624999999999998,0.03825
2025-08-29 08:00:00+02:00,0.57,0.156644664,0.311,0.0854675272,0.25899999999999995,0.472656492,0.33252639199999995,0.0545,0.3935
2025-08-29 09:00:00+02:00,0.029,0.007663656,1.115,0.29465436,-1.086,0.45988954000000004,0.31975944,0.08975,0.58475
2025-08-29 10:00:00+02:00,0.017,0.0039586965,1.691,0.3937738695,-1.6740000000000002,0.421896145,0.281766045,0.97325,0.92375
2025-08-29 11:00:00+02:00,0.0,0.0,2.95,0.66521202,-2.95,0.41297977599999997,0.272849676,0.01725,2.00375
2025-08-29 12:00:00+02:00,0.359,0.0775429589,2.484,0.5365367964,-2.125,0.401486591,0.26135649099999997,1.88925,1.583
2025-08-29 13:00:00+02:00,0.048,0.00971388,1.318,0.266726955,-1.27,0.38500082500000005,0.244870725,2.3912500000000003,1.88925
2025-08-29 14:00:00+02:00,0.036,0.0074940624,2.628,0.5470665552,-2.592,0.392013864,0.251883764,0.5645,1.69675
2025-08-29 15:00:00+02:00,0.084,0.0198238656,0.277,0.0653715568,-0.193,0.42568816400000004,0.285558064,0.92925,1.97525
2025-08-29 16:00:00+02:00,0.566,0.1325751988,0.331,0.0775307258,0.23499999999999993,0.42355057799999996,0.283420478,1.7172500000000002,1.432
2025-08-29 17:00:00+02:00,0.008,0.0020450936,0.808,0.2065544536,-0.8,0.449450507,0.30932040699999996,0.0415,1.94
2025-08-29 18:00:00+02:00,0.769,0.2152595566,0.068,0.0190346552,0.7010000000000001,0.47883499399999996,0.338704894,0.0885,1.326
2025-08-29 19:00:00+02:00,0.085,0.025202364,0.289,0.0856880376,-0.20399999999999996,0.498893164,0.35876306399999996,0.42825,0.6234999999999999
2025-08-29 20:00:00+02:00,0.305,0.0868632985,0.0,0.0,0.305,0.484735317,0.34460521699999996,0.6477499999999999,0.039
2025-08-29 21:00:00+02:00,0.323,0.089148323,0.0,0.0,0.323,0.47409131,0.33396121,0.6645,0.0
2025-08-29 22:00:00+02:00,0.316,0.0831977124,0.0,0.0,0.316,0.45870361899999995,0.318573519,0.534,0.0
2025-08-29 23:00:00+02:00,0.282,0.0710624772,0.0,0.0,0.282,0.44504356600000006,0.304913466,0.3525,0.0
2025-08-30 00:00:00+02:00,0.869,0.2211598917,0.0,0.0,0.869,0.4480742529999999,0.307944153,1.3272499999999998,0.0
2025-08-30 01:00:00+02:00,1.157,0.2837319199,0.0,0.0,1.157,0.43685924699999995,0.29672914699999997,1.5839999999999999,0.0
2025-08-30 02:00:00+02:00,0.153,0.0372370482,0.0,0.0,0.153,0.434619174,0.29448907399999996,0.30574999999999997,0.0
2025-08-30 03:00:00+02:00,0.152,0.037436916,0.0,0.0,0.152,0.43814765499999997,0.298017555,0.305,0.0
2025-08-30 04:00:00+02:00,0.163,0.0390140663,0.0,0.0,0.163,0.42974372099999997,0.289613621,0.3845,0.0
2025-08-30 05:00:00+02:00,0.154,0.0370853868,0.0,0.0,0.154,0.431515282,0.291385182,0.47475,0.0
2025-08-30 06:00:00+02:00,0.199,0.0517120604,0.0,0.0,0.199,0.454560216,0.31443011600000004,0.2965,0.0
2025-08-30 07:00:00+02:00,0.047,0.0122958627,0.06,0.015696846,-0.012999999999999998,0.45668316100000006,0.316553061,0.6132500000000001,0.04875
2025-08-30 08:00:00+02:00,0.027,0.0068610267,0.108,0.0274441068,-0.081,0.447605741,0.307475641,0.131,0.19825
2025-08-30 09:00:00+02:00,0.021,0.0049191219,0.505,0.1182931695,-0.484,0.42356521900000005,0.283435119,0.8307499999999999,0.559
2025-08-30 10:00:00+02:00,0.178,0.0333903614,0.912,0.1710787056,-0.734,0.367109523,0.226979423,2.8169999999999997,0.9592499999999999
2025-08-30 11:00:00+02:00,0.118,0.0181716106,1.086,0.1672404162,-0.9680000000000001,0.32646610699999995,0.18633600699999997,2.70525,1.47925
2025-08-30 12:00:00+02:00,0.114,0.0168341976,1.317,0.1944792828,-1.2029999999999998,0.31880886399999997,0.178678764,2.69325,1.2035
2025-08-30 13:00:00+02:00,0.014,0.0020671882,1.362,0.2011078806,-1.348,0.318794223,0.17866412299999998,0.40074999999999994,1.5775000000000001
2025-08-30 14:00:00+02:00,0.009,0.0013289067,1.754,0.2589891502,-1.745,0.318794223,0.17866412299999998,0.87525,1.318
2025-08-30 15:00:00+02:00,0.0,0.0,4.171,0.6134014414,-4.171,0.31807681400000004,0.177946714,1.12525,1.35175
2025-08-30 16:00:00+02:00,0.0,0.0,2.81,0.440686961,-2.81,0.329892101,0.18976200099999999,0.5155,2.02075
2025-08-30 17:00:00+02:00,0.181,0.041809009,0.384,0.088699776,-0.203,0.41962678999999997,0.27949669,1.58625,1.163
2025-08-30 18:00:00+02:00,0.08,0.020508048,1.332,0.3414589992,-1.252,0.45031432599999993,0.31018422599999995,0.469,0.859
2025-08-30 19:00:00+02:00,0.157,0.0432295732,0.001,0.0002753476,0.156,0.47330069599999997,0.33317059600000004,0.10200000000000001,0.71625
2025-08-30 20:00:00+02:00,0.228,0.0682637472,0.0,0.0,0.228,0.502407004,0.362276904,0.36075,0.17200000000000001
2025-08-30 21:00:00+02:00,0.271,0.0744421282,0.0,0.0,0.271,0.47251008199999994,0.33237998199999996,0.49749999999999994,0.0
2025-08-30 22:00:00+02:00,0.599,0.1580911948,0.0,0.0,0.599,0.45947959200000005,0.319349492,0.40525,0.0
2025-08-30 23:00:00+02:00,1.31,0.330366542,0.0,0.0,1.31,0.44527782199999993,0.30514772199999995,0.3345,0.0
2025-08-31 00:00:00+02:00,0.723,0.1799000412,0.0,0.0,0.723,0.441207624,0.301077524,0.25175000000000003,0.0
2025-08-31 01:00:00+02:00,0.141,0.0332604195,0.0,0.0,0.141,0.425556395,0.285426295,0.239,0.0
2025-08-31 02:00:00+02:00,0.149,0.0336673546,0.0,0.0,0.149,0.413536134,0.273406034,0.20124999999999998,0.0
2025-08-31 03:00:00+02:00,0.144,0.0317761488,0.0,0.0,0.144,0.40713801699999996,0.267007917,0.21025,0.0
2025-08-31 04:00:00+02:00,0.154,0.0336399602,0.0,0.0,0.154,0.404444073,0.264313973,0.203,0.0
2025-08-31 05:00:00+02:00,0.153,0.0327513483,0.0,0.0,0.153,0.39914403099999995,0.259013931,0.2095,0.0
2025-08-31 06:00:00+02:00,0.152,0.032756152,0.0,0.0,0.152,0.40088631,0.26075621,0.179,0.0005
2025-08-31 07:00:00+02:00,0.126,0.0268817472,0.0,0.0,0.126,0.39828021199999997,0.258150112,0.0425,0.0485
2025-08-31 08:00:00+02:00,0.079,0.0137945929,0.009,0.0015715359,0.07,0.351414371,0.211284271,0.48675,0.408
2025-08-31 09:00:00+02:00,0.022,0.0033876612,1.21,0.186321366,-1.188,0.32645146599999997,0.186321366,0.238,0.927
2025-08-31 10:00:00+02:00,2.16,0.319303512,1.071,0.1583213247,1.0890000000000002,0.318999197,0.178869097,0.029249999999999998,1.3822500000000002
2025-08-31 11:00:00+02:00,0.006,0.0008866638,2.462,0.3638277126,-2.4560000000000004,0.318940633,0.178810533,0.43899999999999995,1.513
2025-08-31 12:00:00+02:00,0.067,0.0098962149,2.507,0.3702956829,-2.44,0.31885278699999997,0.178722687,1.2795,1.8712499999999999
2025-08-31 13:00:00+02:00,0.0,0.0,2.173,0.3187536759,-2.173,0.31762294299999994,0.17749284299999998,3.056,2.076
2025-08-31 14:00:00+02:00,2.054,0.3018942498,0.88,0.129341256,1.174,0.317974327,0.177844227,5.235250000000001,1.058
2025-08-31 15:00:00+02:00,2.403,0.3548471652,1.024,0.1512124416,1.379,0.31880886399999997,0.178678764,3.53125,1.38325
2025-08-31 16:00:00+02:00,0.051,0.0088874742,0.313,0.0545446946,-0.262,0.350989782,0.210859682,0.54675,1.092
2025-08-31 17:00:00+02:00,1.291,0.2971758064,0.007,0.0016113328,1.284,0.41866048399999994,0.27853038399999996,0.7745,1.10125
2025-08-31 18:00:00+02:00,1.418,0.3874059662,0.0,0.0,1.418,0.47070923899999995,0.33057913899999997,0.46549999999999997,0.65775
2025-08-31 19:00:00+02:00,1.232,0.3744986784,0.0,0.0,1.232,0.507941302,0.36781120199999995,0.45125,0.25725
2025-08-31 20:00:00+02:00,0.811,0.2437672171,0.0,0.0,0.811,0.503827181,0.363697081,0.46249999999999997,0.0085
2025-08-31 21:00:00+02:00,0.581,0.1637169688,0.0,0.0,0.581,0.481089708,0.34095960799999997,0.40325,0.0
2025-08-31 22:00:00+02:00,0.551,0.148609659,0.0,0.0,0.551,0.4664779899999999,0.32634789,0.31625,0.0
2025-08-31 23:00:00+02:00,0.39,0.09924057,0.0,0.0,0.39,0.4480303299999999,0.30790023,0.25649999999999995,0.0
2025-09-01 00:00:00+02:00,0.366,0.087752709,0.0,0.0,0.366,0.43024151499999996,0.290111415,0.2525,0.0
2025-09-01 01:00:00+02:00,0.354,0.0865760808,0.0,0.0,0.354,0.436053992,0.295923892,0.24975000000000003,0.0
2025-09-01 02:00:00+02:00,0.356,0.0861003088,0.0,0.0,0.356,0.432774408,0.292644308,0.295,0.0
2025-09-01 03:00:00+02:00,0.359,0.0833116581,0.0,0.0,0.359,0.42092983900000003,0.280799739,0.49224999999999997,0.0
2025-09-01 04:00:00+02:00,0.36,0.083792016,0.0,0.0,0.36,0.42176437600000005,0.281634276,0.40425,0.0
2025-09-01 05:00:00+02:00,0.362,0.0893210384,0.0,0.0,0.362,0.438689372,0.298559272,0.22874999999999998,0.0
2025-09-01 06:00:00+02:00,0.148,0.0416056564,0.0,0.0,0.148,0.48028445300000006,0.340154353,0.17925,0.00725
2025-09-01 07:00:00+02:00,0.083,0.0244165416,0.006,0.0017650512,0.077,0.49608209200000003,0.355951992,0.0645,0.08675
2025-09-01 08:00:00+02:00,0.015,0.004259442,0.095,0.026976466,-0.08,0.483725088,0.343594988,0.017249999999999998,0.49775
2025-09-01 09:00:00+02:00,0.005,0.001286835,0.378,0.097284726,-0.373,0.45154416999999997,0.31141407,0.01325,0.9305000000000001
2025-09-01 10:00:00+02:00,0.293,0.0690695346,0.47,0.110794134,-0.177,0.42536606200000004,0.285235962,0.549,1.10475
2025-09-01 11:00:00+02:00,0.033,0.007207365,1.248,0.27256944,-1.215,0.40440014999999996,0.26427005,0.9709999999999999,1.64975
2025-09-01 12:00:00+02:00,0.007,0.0013275031,1.966,0.3728387278,-1.959,0.369598493,0.22946839299999996,1.03775,1.94425
2025-09-01 13:00:00+02:00,0.0,0.0,3.334,0.5776081652,-3.334,0.34975993800000005,0.209629838,0.861,3.0835
2025-09-01 14:00:00+02:00,0.004,0.0006860216,3.848,0.6599527792,-3.844,0.347651634,0.207521534,0.993,2.8475
2025-09-01 15:00:00+02:00,0.003,0.0005700552,4.151,0.7887663784,-4.148,0.37005236399999997,0.229922264,0.40675,2.8787499999999997
2025-09-01 16:00:00+02:00,0.0,0.0,3.92,0.875310128,-3.92,0.410315114,0.270185014,0.414,2.7832500000000002
2025-09-01 17:00:00+02:00,0.096,0.0252206592,2.36,0.620007872,-2.264,0.45801549199999997,0.317885392,0.053750000000000006,1.9375
2025-09-01 18:00:00+02:00,0.265,0.069561811,0.905,0.237560147,-0.64,0.45775195399999996,0.317621854,0.314,1.68575
2025-09-01 19:00:00+02:00,0.047,0.0163472815,0.288,0.100170576,-0.241,0.560985645,0.420855545,0.134,0.99475
2025-09-01 20:00:00+02:00,0.335,0.1209604935,0.0,0.0,0.335,0.577032181,0.436902081,0.38425,0.11674999999999999
2025-09-01 21:00:00+02:00,0.333,0.0957401973,0.0,0.0,0.333,0.488014901,0.34788480099999997,0.52425,0.0
2025-09-01 22:00:00+02:00,0.228,0.0608149872,0.0,0.0,0.228,0.4628763039999999,0.322746204,0.46499999999999997,0.0
2025-09-01 23:00:00+02:00,0.193,0.0481749037,0.0,0.0,0.193,0.44215928899999996,0.302029189,0.35075,0.0
2025-09-02 00:00:00+02:00,0.16,0.040276544,0.0,0.0,0.16,0.44472146400000007,0.30459136400000003,1.6587500000000002,0.0
2025-09-02 01:00:00+02:00,0.149,0.0365916584,0.0,0.0,0.149,0.43728383600000004,0.297153736,0.30825,0.0
2025-09-02 02:00:00+02:00,0.15,0.03733818,0.0,0.0,0.15,0.44132475200000004,0.301194652,1.0935000000000001,0.0
2025-09-02 03:00:00+02:00,0.156,0.0383069544,0.0,0.0,0.156,0.437254554,0.297124454,2.4885,0.0
2025-09-02 04:00:00+02:00,0.143,0.0355299802,0.0,0.0,0.143,0.440768394,0.300638294,0.3105,0.0
2025-09-02 05:00:00+02:00,0.151,0.0394744955,0.0,0.0,0.151,0.456448905,0.316318805,0.3765,0.0
2025-09-02 06:00:00+02:00,0.151,0.038496997,0.0,0.0,0.151,0.44861597,0.30848586999999994,0.48850000000000005,0.0
2025-09-02 07:00:00+02:00,0.079,0.022530563,0.018,0.005133546,0.061,0.48521847,0.34508837,0.12575,0.025249999999999998
2025-09-02 08:00:00+02:00,0.035,0.0092954015,0.419,0.1112792351,-0.384,0.461485409,0.321355309,0.03425,0.44525000000000003
2025-09-02 09:00:00+02:00,0.016,0.0041050944,1.198,0.3073689432,-1.182,0.450577864,0.31044776399999996,0.0115,0.9007499999999999
2025-09-02 10:00:00+02:00,0.01,0.002543299,1.1,0.27976289,-1.09,0.44786927899999995,0.307739179,0.0052499999999999995,1.4352500000000001
2025-09-02 11:00:00+02:00,7.253,1.7074838528,0.558,0.1313630208,6.695,0.42498539599999996,0.284855296,1.0415,2.056
2025-09-02 12:00:00+02:00,4.508,1.0340436876,1.047,0.2401605459,3.4610000000000003,0.417679537,0.27754943699999995,2.3329999999999997,2.05425
2025-09-02 13:00:00+02:00,0.174,0.0395520444,1.584,0.3600599904,-1.4100000000000001,0.415175926,0.275045826,3.3385,1.43125
2025-09-02 14:00:00+02:00,0.008,0.0018086112,2.149,0.4858381836,-2.141,0.41368254400000004,0.273552444,4.73975,0.85425
2025-09-02 15:00:00+02:00,0.007,0.0016347947,2.357,0.5504587297,-2.35,0.422716041,0.282585941,0.0035,2.81275
2025-09-02 16:00:00+02:00,0.0,0.0,3.864,0.9515455488,-3.864,0.43810373199999997,0.297973632,0.491,3.0825
2025-09-02 17:00:00+02:00,0.024,0.0064039008,2.664,0.7108329888,-2.64,0.4629934319999999,0.322863332,0.06375,2.19875
2025-09-02 18:00:00+02:00,0.757,0.2246599619,0.003,0.0008903301,0.754,0.499229907,0.359099807,0.061500000000000006,1.6265
2025-09-02 19:00:00+02:00,0.311,0.1027476824,0.0,0.0,0.311,0.539887964,0.399757864,0.020499999999999997,0.73125
2025-09-02 20:00:00+02:00,0.5,0.1503062,0.0,0.0,0.5,0.5038711039999999,0.363741004,0.15899999999999997,0.0975
2025-09-02 21:00:00+02:00,0.595,0.1590009575,0.0,0.0,0.595,0.46347658499999994,0.32334648499999996,0.34349999999999997,0.0
2025-09-02 22:00:00+02:00,0.482,0.1236659688,0.0,0.0,0.482,0.450577864,0.31044776399999996,0.3735,0.0
2025-09-02 23:00:00+02:00,0.381,0.095843979,0.0,0.0,0.381,0.44451648999999993,0.30438638999999995,0.36875,0.0
2025-09-03 00:00:00+02:00,0.355,0.089767359,0.0,0.0,0.355,0.446097718,0.30596761799999994,0.70075,0.0
2025-09-03 01:00:00+02:00,0.356,0.0881507264,0.0,0.0,0.356,0.43974352399999994,0.299613424,0.38375000000000004,0.0
2025-09-03 02:00:00+02:00,0.343,0.082383455,0.0,0.0,0.343,0.43075395,0.29062385,0.40349999999999997,0.0
2025-09-03 03:00:00+02:00,0.357,0.0839533695,0.0,0.0,0.357,0.424677935,0.28454783499999997,0.438,0.0
2025-09-03 04:00:00+02:00,0.354,0.0826867536,0.0,0.0,0.354,0.422759964,0.282629864,0.293,0.0
2025-09-03 05:00:00+02:00,0.318,0.0764403948,0.0,0.0,0.318,0.43098820599999993,0.290858106,0.26225,0.0
2025-09-03 06:00:00+02:00,0.154,0.0406910658,0.0,0.0,0.154,0.45984561700000004,0.319715517,0.22875,0.00175
2025-09-03 07:00:00+02:00,0.133,0.0360547572,0.026,0.0070482984,0.10700000000000001,0.46814706399999995,0.328016964,0.082,0.046
2025-09-03 08:00:00+02:00,0.813,0.2232476862,0.0,0.0,0.813,0.4723929539999999,0.332262854,0.019750000000000004,0.44
2025-09-03 09:00:00+02:00,0.248,0.0610902864,0.055,0.013548249,0.193,0.4381915779999999,0.298061478,0.00925,1.0667499999999999
2025-09-03 10:00:00+02:00,0.454,0.0829338598,0.068,0.0124218116,0.386,0.361165277,0.221035177,0.01925,1.47425
2025-09-03 11:00:00+02:00,0.055,0.0081237585,0.728,0.1075290216,-0.6729999999999999,0.31885278699999997,0.178722687,0.6417499999999999,1.57125
2025-09-03 12:00:00+02:00,2.912,0.4296580288,0.359,0.0529695166,2.553,0.31866245399999993,0.17853235399999998,0.012750000000000001,2.364
2025-09-03 13:00:00+02:00,1.5,0.2213211,1.767,0.2607162558,-0.2669999999999999,0.31866245399999993,0.17853235399999998,0.39825,2.5265000000000004
2025-09-03 14:00:00+02:00,0.004,0.0005900444,1.544,0.2277571384,-1.54,0.318618531,0.178488431,0.48,2.918
2025-09-03 15:00:00+02:00,0.007,0.0010336788,0.741,0.1094222844,-0.734,0.31880886399999997,0.178678764,0.006,3.257
2025-09-03 16:00:00+02:00,0.388,0.0591216164,1.045,0.1592321885,-0.6569999999999999,0.32450421299999993,0.18437411299999998,1.20575,2.64425
2025-09-03 17:00:00+02:00,0.177,0.0386212761,1.65,0.360028845,-1.4729999999999999,0.404151253,0.264021153,0.023,2.40825
2025-09-03 18:00:00+02:00,0.739,0.1957739586,0.12,0.031790088,0.619,0.46068015400000006,0.32055005400000003,0.666,1.45575
2025-09-03 19:00:00+02:00,0.067,0.0186315074,0.302,0.0839808244,-0.235,0.47660956200000004,0.336479462,0.22774999999999998,0.3675
2025-09-03 20:00:00+02:00,0.498,0.1338571212,0.047,0.0126331018,0.451,0.46536527400000005,0.325235174,2.8167500000000003,0.03275
2025-09-03 21:00:00+02:00,0.373,0.0965033806,0.0,0.0,0.373,0.45318396199999994,0.313053862,0.611,0.0
2025-09-03 22:00:00+02:00,0.33,0.080674572,0.0,0.0,0.33,0.435936864,0.295806764,0.69825,0.0
2025-09-03 23:00:00+02:00,0.704,0.1502134656,0.0,0.0,0.704,0.39830949399999993,0.258179394,0.59375,0.0
2025-09-04 00:00:00+02:00,1.14,0.198205986,0.0,0.0,1.14,0.35050662899999996,0.21037652899999998,0.58175,0.0
2025-09-04 01:00:00+02:00,0.749,0.1242342332,0.0,0.0,0.749,0.340828928,0.200698828,0.5682499999999999,0.0
2025-09-04 02:00:00+02:00,0.144,0.0238639104,0.0,0.0,0.144,0.34065323599999997,0.200523136,0.383,0.0
2025-09-04 03:00:00+02:00,0.149,0.0259671687,0.0,0.0,0.149,0.351004423,0.21087432299999997,1.496,0.0
2025-09-04 04:00:00+02:00,0.152,0.0312737568,0.0,0.0,0.152,0.389085664,0.248955564,1.71,0.0
2025-09-04 05:00:00+02:00,1.268,0.2915745712,0.0,0.0,1.268,0.41836766400000003,0.278237564,0.35325,0.0
2025-09-04 06:00:00+02:00,0.932,0.2475458172,0.0,0.0,0.932,0.4615146909999999,0.321384591,0.50375,0.0
2025-09-04 07:00:00+02:00,0.064,0.0179103232,0.048,0.0134327424,0.016,0.47874714799999996,0.338617048,0.1985,0.01
2025-09-04 08:00:00+02:00,0.021,0.0056697333,0.534,0.1441732182,-0.513,0.466814733,0.32668463299999995,0.07475000000000001,0.18925
2025-09-04 09:00:00+02:00,0.006,0.0014284776,1.089,0.2592686844,-1.083,0.42820641600000003,0.288076316,0.018750000000000003,0.769
2025-09-04 10:00:00+02:00,0.002,0.0003885068,1.738,0.3376124092,-1.736,0.37517671399999997,0.235046614,0.17800000000000002,1.17075
2025-09-04 11:00:00+02:00,0.0,0.0,2.889,0.4468540527,-2.889,0.327286003,0.18715590299999998,0.00775,2.24775
2025-09-04 12:00:00+02:00,0.0,0.0,3.416,0.5176620064,-3.416,0.32349398399999996,0.18336388399999998,0.008,2.75
2025-09-04 13:00:00+02:00,0.011,0.0016669444,3.448,0.5225112992,-3.437,0.32349398399999996,0.18336388399999998,1.8239999999999998,2.0027500000000003
2025-09-04 14:00:00+02:00,0.025,0.004679675,3.017,0.564743179,-2.992,0.3666263699999999,0.22649626999999997,1.70425,1.6155000000000002
2025-09-04 15:00:00+02:00,0.001,0.0002230272,1.762,0.3929739264,-1.7610000000000001,0.409993012,0.269862912,0.049,2.3555
2025-09-04 16:00:00+02:00,0.404,0.0993958372,1.681,0.4135752533,-1.2770000000000001,0.437825553,0.297695453,0.00125,2.3269999999999995
2025-09-04 17:00:00+02:00,0.761,0.2061877752,0.539,0.1460383848,0.22199999999999998,0.467971372,0.32784127199999996,0.29699999999999993,1.31725
2025-09-04 18:00:00+02:00,0.245,0.067276363,0.387,0.1062691938,-0.14200000000000002,0.4723929539999999,0.332262854,0.21550000000000002,1.1355
2025-09-04 19:00:00+02:00,0.626,0.2069532212,0.125,0.041324525,0.501,0.540151502,0.40002140199999997,0.043500000000000004,0.6410000000000001
2025-09-04 20:00:00+02:00,0.808,0.3128967072,0.0,0.0,0.808,0.608700664,0.46857056399999997,0.29325,0.042
2025-09-04 21:00:00+02:00,0.658,0.1914574046,0.0,0.0,0.658,0.49220222700000005,0.352072127,0.67925,0.0
2025-09-04 22:00:00+02:00,0.655,0.179940552,0.0,0.0,0.655,0.47253936399999996,0.332409264,0.5175,0.0
2025-09-04 23:00:00+02:00,5.92,1.533211328,0.0,0.0,5.92,0.45350606399999993,0.313375964,0.8135,0.0
2025-09-05 00:00:00+02:00,8.265,1.998529896,0.0,0.0,8.265,0.432715844,0.292585744,1.71775,0.0
2025-09-05 01:00:00+02:00,3.69,0.910035918,0.0,0.0,3.69,0.438542962,0.298412862,0.41325,0.0
2025-09-05 02:00:00+02:00,8.787,2.1478248627,0.0,0.0,8.787,0.435892941,0.295762841,0.234,0.0
2025-09-05 03:00:00+02:00,8.752,2.1470003808,0.0,0.0,8.752,0.436961734,0.29683163399999996,0.2295,0.0
2025-09-05 04:00:00+02:00,0.37,0.091200967,0.0,0.0,0.37,0.43838191099999996,0.298251811,0.3235,0.0
2025-09-05 05:00:00+02:00,3.139,0.8042287506,0.0,0.0,3.139,0.450138634,0.310008534,0.27849999999999997,0.0
2025-09-05 06:00:00+02:00,0.259,0.0714654556,0.0,0.0,0.259,0.47400346400000004,0.333873364,0.24900000000000003,0.00075
2025-09-05 07:00:00+02:00,0.069,0.0201169155,0.036,0.010495782,0.03300000000000001,0.49290499499999996,0.35277489500000003,0.13925,0.012499999999999999
2025-09-05 08:00:00+02:00,0.006,0.0017098026,0.538,0.1533122998,-0.532,0.48494029099999997,0.34481019099999993,0.158,0.378
2025-09-05 09:00:00+02:00,0.49,0.130218627,1.131,0.3005658513,-0.641,0.46169038300000004,0.321560283,0.022000000000000002,0.80825
2025-09-05 10:00:00+02:00,0.012,0.0029498832,1.331,0.3271912116,-1.319,0.437576656,0.297446556,0.842,1.1355
2025-09-05 11:00:00+02:00,0.001,0.0002375835,1.185,0.2815364475,-1.1840000000000002,0.427606135,0.287476035,0.0155,2.29425
2025-09-05 12:00:00+02:00,0.005,0.0011635965,3.002,0.6986233386,-2.997,0.421720453,0.28159035299999996,1.97675,1.8014999999999999
2025-09-05 13:00:00+02:00,0.089,0.0201671063,3.497,0.7924086599,-3.408,0.414312107,0.274182007,2.4017500000000003,1.76525
2025-09-05 14:00:00+02:00,0.226,0.0502810902,2.379,0.5292863433,-2.153,0.40933416699999997,0.269204067,0.57275,1.947
2025-09-05 15:00:00+02:00,0.162,0.0375809544,1.009,0.2340690308,-0.8469999999999999,0.42082735199999993,0.280697252,0.95025,1.4507500000000002
2025-09-05 16:00:00+02:00,0.036,0.0086723604,2.099,0.5056467911,-2.063,0.431617769,0.291487669,1.85725,1.0375
2025-09-05 17:00:00+02:00,0.023,0.0056814945,2.538,0.626940567,-2.5149999999999997,0.43902611499999994,0.298896015,0.019,1.707
2025-09-05 18:00:00+02:00,0.026,0.007177599,1.802,0.497462823,-1.776,0.474164515,0.33403441500000003,0.2275,0.99
2025-09-05 19:00:00+02:00,0.025,0.00822921,0.825,0.27156393,-0.7999999999999999,0.538423864,0.398293764,0.3265,0.63725
2025-09-05 20:00:00+02:00,0.264,0.0859485264,0.0,0.0,0.264,0.534060846,0.39393074599999994,0.64725,0.0385
2025-09-05 21:00:00+02:00,0.837,0.2414139849,0.0,0.0,0.837,0.489127617,0.348997517,0.6265000000000001,0.0
2025-09-05 22:00:00+02:00,0.468,0.129593178,0.0,0.0,0.468,0.47518938499999996,0.335059285,0.49624999999999997,0.0
2025-09-05 23:00:00+02:00,0.228,0.0612398424,0.0,0.0,0.228,0.465131018,0.32500091799999997,0.312,0.0
2025-09-06 00:00:00+02:00,0.158,0.0418894498,0.0,0.0,0.158,0.46092905100000003,0.320798951,1.4575,0.0
2025-09-06 01:00:00+02:00,0.152,0.039653152,0.0,0.0,0.152,0.45579005999999994,0.31565995999999996,1.7834999999999999,0.0
2025-09-06 02:00:00+02:00,0.141,0.0361676139,0.0,0.0,0.141,0.450504659,0.310374559,0.2565,0.0
2025-09-06 03:00:00+02:00,0.17,0.042758859,0.0,0.0,0.17,0.44447256699999993,0.30434246699999995,0.2545,0.0
2025-09-06 04:00:00+02:00,0.174,0.0434470344,0.0,0.0,0.174,0.442261776,0.30213167599999996,0.26075000000000004,0.0
2025-09-06 05:00:00+02:00,0.166,0.0417949488,0.0,0.0,0.166,0.444780028,0.304649928,0.25525,0.0
2025-09-06 06:00:00+02:00,0.171,0.0455015781,0.0,0.0,0.171,0.462100331,0.321970231,0.27075,0.0
2025-09-06 07:00:00+02:00,0.059,0.0158935557,0.051,0.0137384973,0.008,0.46608268300000005,0.325952583,0.61,0.03175
2025-09-06 08:00:00+02:00,0.005,0.001273162,0.576,0.1466682624,-0.571,0.44823530399999995,0.30810520399999997,0.1335,0.16525
2025-09-06 09:00:00+02:00,0.24,0.055446072,0.785,0.1813548605,-0.545,0.4196707129999999,0.279540613,0.81775,0.6675
2025-09-06 10:00:00+02:00,0.09,0.014351931,1.251,0.1994918409,-1.1609999999999998,0.333083839,0.19295373899999999,2.85825,1.005
2025-09-06 11:00:00+02:00,0.003,0.0004430052,2.245,0.331515558,-2.242,0.31880886399999997,0.178678764,2.6955,1.53275
2025-09-06 12:00:00+02:00,0.0,0.0,3.558,0.5253180636,-3.558,0.31877958199999995,0.178649482,1.947,1.3275000000000001
2025-09-06 13:00:00+02:00,0.009,0.0013196502,3.449,0.5057192822,-3.44,0.31754973799999997,0.177419638,0.39199999999999996,1.32675
2025-09-06 14:00:00+02:00,5.612,0.821992446,0.499,0.0730887795,5.113,0.31735940500000004,0.177229305,0.869,1.4044999999999999
2025-09-06 15:00:00+02:00,7.954,1.1744582102,0.0,0.0,7.954,0.318794223,0.17866412299999998,0.98775,2.26775
2025-09-06 16:00:00+02:00,0.289,0.0547194912,2.84,0.537727872,-2.5509999999999997,0.369232468,0.229102368,0.40325,2.49025
2025-09-06 17:00:00+02:00,0.0,0.0,2.107,0.4987528161,-2.107,0.4265519829999999,0.286421883,1.4677499999999999,1.14425
2025-09-06 18:00:00+02:00,0.006,0.001675971,0.349,0.0974856465,-0.34299999999999997,0.4781175849999999,0.337987485,0.44275,1.10175
2025-09-06 19:00:00+02:00,0.025,0.0081472325,0.194,0.0632225242,-0.169,0.534456153,0.39432605299999995,0.12250000000000001,0.6975
2025-09-06 20:00:00+02:00,0.258,0.0788129628,0.0,0.0,0.258,0.509756786,0.369626686,0.37324999999999997,0.17125
2025-09-06 21:00:00+02:00,0.435,0.1176971235,0.0,0.0,0.435,0.46751750099999995,0.32738740099999997,0.47225,0.0
2025-09-06 22:00:00+02:00,0.32,0.082140608,0.0,0.0,0.32,0.45072427400000004,0.310594174,0.47575,0.0
2025-09-06 23:00:00+02:00,0.165,0.039602574,0.0,0.0,0.165,0.4305489759999999,0.290418876,0.6,0.0
2025-09-07 00:00:00+02:00,0.149,0.0363771133,0.0,0.0,0.149,0.43554155699999997,0.295411457,0.39849999999999997,0.0
2025-09-07 01:00:00+02:00,0.143,0.0340713373,0.0,0.0,0.143,0.42842603099999993,0.288295931,0.24075,0.0
2025-09-07 02:00:00+02:00,0.149,0.0350988572,0.0,0.0,0.149,0.42516108799999996,0.285030988,0.20625,0.0
2025-09-07 03:00:00+02:00,0.15,0.03576276,0.0,0.0,0.15,0.42861636399999997,0.288486264,0.209,0.0
2025-09-07 04:00:00+02:00,0.148,0.0352053372,0.0,0.0,0.148,0.427957519,0.287827419,0.20625,0.0
2025-09-07 05:00:00+02:00,0.138,0.0327932022,0.0,0.0,0.138,0.427664699,0.287534599,0.21375,0.0
2025-09-07 06:00:00+02:00,0.146,0.0344469334,0.0,0.0,0.146,0.425614959,0.285484859,0.1905,0.0
2025-09-07 07:00:00+02:00,0.061,0.0127056534,0.046,0.0095813124,0.015,0.39216027400000003,0.252030174,0.0685,0.02625
2025-09-07 08:00:00+02:00,0.024,0.0035440416,0.6,0.08860104,-0.576,0.31880886399999997,0.178678764,0.42650000000000005,0.29225
2025-09-07 09:00:00+02:00,0.007,0.0010329165,1.295,0.1910895525,-1.288,0.318677095,0.17854699500000001,0.22575,0.95625
2025-09-07 10:00:00+02:00,0.002,0.0002856568,1.826,0.2608046584,-1.824,0.312952464,0.17282236399999998,0.5575,1.2455
2025-09-07 11:00:00+02:00,0.0,0.0,2.217,0.2734880115,-2.217,0.289395095,0.14926499499999998,0.3455,1.84075
2025-09-07 12:00:00+02:00,0.0,0.0,3.678,0.3650201676,-3.678,0.260215582,0.12008548200000001,1.266,2.20075
2025-09-07 13:00:00+02:00,0.0,0.0,4.117,0.3419349648,-4.117,0.240625924,0.100495824,0.9767499999999999,2.6105
2025-09-07 14:00:00+02:00,0.0,0.0,4.269,0.3029043336,-4.269,0.225984924,0.085854824,3.4955,1.278
2025-09-07 15:00:00+02:00,0.0,0.0,4.084,0.4894200256,-4.084,0.285134564,0.145004464,3.9527499999999995,1.0902500000000002
2025-09-07 16:00:00+02:00,1.661,0.2403330798,1.923,0.2782423314,-0.262,0.315207178,0.175077078,0.537,0.7460000000000001
2025-09-07 17:00:00+02:00,3.873,0.5859787032,1.362,0.2060684208,2.511,0.32320116400000004,0.183071064,0.72925,0.913
2025-09-07 18:00:00+02:00,0.001,0.0002580809,2.184,0.5636486856,-2.1830000000000003,0.452407989,0.312277889,0.6047499999999999,0.65775
2025-09-07 19:00:00+02:00,0.297,0.0827090055,0.493,0.1372913795,-0.196,0.477092715,0.33696261499999997,0.41850000000000004,0.25725
2025-09-07 20:00:00+02:00,1.149,0.3056552565,0.0,0.0,1.149,0.46201248500000003,0.321882385,0.47825000000000006,0.0085
2025-09-07 21:00:00+02:00,1.363,0.345348762,0.0,0.0,1.363,0.44671263999999994,0.30658253999999996,0.41325,0.0
2025-09-07 22:00:00+02:00,0.522,0.1314148572,0.0,0.0,0.522,0.4447507459999999,0.304620646,0.35325,0.0
2025-09-07 23:00:00+02:00,0.476,0.1200934196,0.0,0.0,0.476,0.445409591,0.305279491,0.267,0.0
2025-09-08 00:00:00+02:00,0.479,0.1158716328,0.0,0.0,0.479,0.432832972,0.292702872,0.259,0.0
2025-09-08 01:00:00+02:00,0.404,0.0998993424,0.0,0.0,0.404,0.439333576,0.299203476,0.25625,0.0
2025-09-08 02:00:00+02:00,0.398,0.1006116936,0.0,0.0,0.398,0.44600987200000003,0.305879772,0.29700000000000004,0.0
2025-09-08 03:00:00+02:00,0.364,0.0933908976,0.0,0.0,0.364,0.450577864,0.31044776399999996,0.493,0.0
2025-09-08 04:00:00+02:00,0.354,0.0882551736,0.0,0.0,0.354,0.441793264,0.301663164,0.41,0.0
2025-09-08 05:00:00+02:00,0.366,0.0937578906,0.0,0.0,0.366,0.450094711,0.30996461099999995,0.258,0.0
2025-09-08 06:00:00+02:00,0.356,0.099053262,0.0,0.0,0.356,0.4767998949999999,0.33666979499999994,0.19575,0.0
2025-09-08 07:00:00+02:00,0.399,0.1229810967,0.0,0.0,0.399,0.5130802929999999,0.372950193,0.08399999999999999,0.025750000000000002
2025-09-08 08:00:00+02:00,0.196,0.0585097436,0.022,0.0065674202,0.17400000000000002,0.501338211,0.36120811099999994,0.0155,0.347
2025-09-08 09:00:00+02:00,0.031,0.0083981139,0.307,0.0831684183,-0.276,0.467927449,0.327797349,0.011,0.8259999999999998
2025-09-08 10:00:00+02:00,0.008,0.0020121816,0.525,0.1320494175,-0.517,0.44447256699999993,0.30434246699999995,0.6172500000000001,1.049
2025-09-08 11:00:00+02:00,0.003,0.0007134765,1.827,0.4345071885,-1.824,0.42789895499999997,0.287768855,0.9747499999999999,1.56125
2025-09-08 12:00:00+02:00,3.922,0.8810718092,1.611,0.3619088946,2.311,0.411954906,0.271824806,1.0385,1.9344999999999999
2025-09-08 13:00:00+02:00,2.704,0.5891275104,1.939,0.4224549714,0.7650000000000001,0.403755946,0.263625846,0.861,3.2495000000000003
2025-09-08 14:00:00+02:00,1.635,0.3712373775,2.901,0.6586909065,-1.2659999999999998,0.41486846499999996,0.274738365,0.95475,3.5269999999999997
2025-09-08 15:00:00+02:00,4.638,1.089846516,1.045,0.24555619,3.593,0.42445832,0.28432821999999996,0.38199999999999995,3.72075
2025-09-08 16:00:00+02:00,2.264,0.5877194576,1.029,0.2671216086,1.2349999999999999,0.4542381139999999,0.31410801399999994,0.39049999999999996,3.55725
2025-09-08 17:00:00+02:00,0.852,0.251441388,0.322,0.095028318,0.53,0.49722408999999995,0.35709399000000003,0.07400000000000001,2.47175
2025-09-08 18:00:00+02:00,0.245,0.09160305,0.93,0.3477177,-0.685,0.592537,0.4524069,0.07025,1.9095
2025-09-08 19:00:00+02:00,0.195,0.1192184565,0.37,0.226209379,-0.175,0.879895907,0.7397658069999999,0.049,1.0667499999999999
2025-09-08 20:00:00+02:00,0.607,0.3020581322,0.0,0.0,0.607,0.7422558659999999,0.6021257659999999,0.29100000000000004,0.11674999999999999
2025-09-08 21:00:00+02:00,0.522,0.1730891448,0.0,0.0,0.522,0.5413520639999999,0.401221964,0.41000000000000003,0.0
2025-09-08 22:00:00+02:00,0.575,0.16965168,0.0,0.0,0.575,0.497136244,0.35700614399999997,0.393,0.0
2025-09-08 23:00:00+02:00,0.41,0.115422626,0.0,0.0,0.41,0.480767606,0.340637506,0.288,0.0
2025-09-09 00:00:00+02:00,0.446,0.1247855818,0.0,0.0,0.446,0.47867394299999994,0.33854384299999996,1.5890000000000002,0.0
2025-09-09 01:00:00+02:00,0.414,0.1148555232,0.0,0.0,0.414,0.47581894799999996,0.335688848,0.2575,0.0
2025-09-09 02:00:00+02:00,0.792,0.2178932184,0.0,0.0,0.792,0.473022517,0.332892417,0.35525,0.0
2025-09-09 03:00:00+02:00,3.241,0.8858524829,0.0,0.0,3.241,0.470855649,0.33072554899999995,0.366,0.0
2025-09-09 04:00:00+02:00,4.592,1.2625070304,0.0,0.0,4.592,0.472802902,0.332672802,0.2555,0.0
2025-09-09 05:00:00+02:00,3.084,0.8751068964,0.0,0.0,3.084,0.48347619099999994,0.34334609099999996,0.2525,0.0
2025-09-09 06:00:00+02:00,0.353,0.1233765005,0.0,0.0,0.353,0.5630353849999999,0.42290528499999996,0.2355,0.0
2025-09-09 07:00:00+02:00,0.166,0.0800165982,0.0,0.0,0.166,0.723383617,0.5832535169999999,0.094,0.029249999999999998
2025-09-09 08:00:00+02:00,0.179,0.0690965418,0.0,0.0,0.179,0.607207282,0.467077182,0.0415,0.425
2025-09-09 09:00:00+02:00,0.178,0.054264991,0.0,0.0,0.178,0.509010095,0.368879995,0.01325,0.9129999999999999
2025-09-09 10:00:00+02:00,0.219,0.0584461944,0.0,0.0,0.219,0.463051996,0.322921896,0.006,1.3092500000000002
2025-09-09 11:00:00+02:00,0.273,0.0700398699,0.0,0.0,0.273,0.450563223,0.31043312300000003,2.85,1.6325
2025-09-09 12:00:00+02:00,6.782,1.6479731004,0.0,0.0,6.782,0.43415066199999996,0.294020562,3.4565,1.667
2025-09-09 13:00:00+02:00,4.771,1.1474813207,0.079,0.0190004243,4.692,0.43114925699999995,0.291019157,3.3800000000000003,1.1
2025-09-09 14:00:00+02:00,0.057,0.0137105463,0.373,0.0897198907,-0.316,0.43117853899999997,0.291048439,4.74125,0.9472499999999999
2025-09-09 15:00:00+02:00,0.016,0.0039614432,0.375,0.092846325,-0.359,0.439714242,0.299584142,0.0035,3.0512500000000005
2025-09-09 16:00:00+02:00,0.007,0.0018119871,2.003,0.5184871659,-1.9960000000000002,0.45334501299999996,0.313214913,0.00075,3.438
2025-09-09 17:00:00+02:00,0.021,0.0061179657,3.1,0.90312827,-3.079,0.49264145700000006,0.352511357,0.06899999999999999,2.428
2025-09-09 18:00:00+02:00,0.183,0.066916146,1.21,0.44245102,-1.027,0.58258112,0.44245102,0.2475,1.21225
2025-09-09 19:00:00+02:00,0.1,0.05918231,0.371,0.2195663701,-0.271,0.856236051,0.7161059510000001,0.09625,0.53825
2025-09-09 20:00:00+02:00,0.407,0.1647903114,0.0,0.0,0.407,0.630047242,0.48991714199999997,0.26575,0.06125
2025-09-09 21:00:00+02:00,0.217,0.0664013273,0.0,0.0,0.217,0.510386349,0.370256249,0.4485,0.0
2025-09-09 22:00:00+02:00,0.272,0.07759004,0.0,0.0,0.272,0.48529167500000003,0.345161575,0.45525,0.0
2025-09-09 23:00:00+02:00,0.216,0.0596005344,0.0,0.0,0.216,0.47400346400000004,0.333873364,0.4275,0.0
2025-09-10 00:00:00+02:00,0.166,0.0447435736,0.0,0.0,0.166,0.46627301599999993,0.326142916,0.7529999999999999,0.0
2025-09-10 01:00:00+02:00,0.384,0.103707648,0.0,0.0,0.384,0.4669172199999999,0.32678712,0.4375,0.0
2025-09-10 02:00:00+02:00,0.909,0.2425477428,0.0,0.0,0.909,0.4629934319999999,0.322863332,0.30425,0.0
2025-09-10 03:00:00+02:00,0.605,0.1619367805,0.0,0.0,0.605,0.464003661,0.32387356100000003,0.30874999999999997,0.0
2025-09-10 04:00:00+02:00,0.405,0.108879309,0.0,0.0,0.405,0.465423838,0.325293738,0.34199999999999997,0.0
2025-09-10 05:00:00+02:00,0.415,0.115333812,0.0,0.0,0.415,0.476404588,0.336274488,0.30525,0.0
2025-09-10 06:00:00+02:00,0.423,0.1288429659,0.0,0.0,0.423,0.508687993,0.368557893,0.246,0.0
2025-09-10 07:00:00+02:00,0.419,0.1722143632,0.0,0.0,0.419,0.637455588,0.497325488,0.10275,0.015
2025-09-10 08:00:00+02:00,0.142,0.049793436,0.162,0.056806596,-0.020000000000000018,0.56442628,0.42429618,0.221,0.2675
2025-09-10 09:00:00+02:00,0.074,0.0221199616,0.53,0.158426752,-0.456,0.501821364,0.36169126399999996,0.06925,0.8234999999999999
2025-09-10 10:00:00+02:00,0.028,0.0073692388,0.725,0.1908106475,-0.697,0.45858649099999993,0.318456391,0.11675,1.173
2025-09-10 11:00:00+02:00,0.035,0.0089743885,1.544,0.3958987384,-1.5090000000000001,0.45038753099999995,0.310257431,0.018250000000000002,1.3895
2025-09-10 12:00:00+02:00,0.003,0.0007265808,2.851,0.6904939536,-2.848,0.43318435599999994,0.293054256,0.7404999999999999,1.87825
2025-09-10 13:00:00+02:00,0.0,0.0,4.709,1.1280112833,-4.709,0.42997797699999996,0.289847877,0.4355,2.4375
2025-09-10 14:00:00+02:00,0.0,0.0,4.441,1.0566666704,-4.441,0.4280307239999999,0.287900624,0.4705,2.6092500000000003
2025-09-10 15:00:00+02:00,0.003,0.000730356,3.138,0.763952376,-3.135,0.43470701999999994,0.29457692,0.00675,2.583
2025-09-10 16:00:00+02:00,0.009,0.0023276286,1.021,0.2640565334,-1.012,0.453066834,0.312936734,1.218,2.13
2025-09-10 17:00:00+02:00,0.451,0.1326893865,0.391,0.1150366965,0.06,0.49612601500000003,0.355995915,0.06725,1.9989999999999999
2025-09-10 18:00:00+02:00,0.141,0.0468563304,0.343,0.1139838392,-0.20200000000000004,0.5422305239999999,0.402100424,0.8467500000000001,0.9417500000000001
2025-09-10 19:00:00+02:00,0.193,0.0827747085,0.005,0.0021444225,0.188,0.6590803449999999,0.518950245,0.213,0.36875
2025-09-10 20:00:00+02:00,0.334,0.1127388944,0.0,0.0,0.334,0.5485554359999999,0.40842533599999997,2.87175,0.0445
2025-09-10 21:00:00+02:00,0.644,0.1772926848,0.0,0.0,0.644,0.47324213200000004,0.333112032,0.56925,0.0
2025-09-10 22:00:00+02:00,1.184,0.3063270848,0.0,0.0,1.184,0.45318396199999994,0.313053862,0.66225,0.0
2025-09-10 23:00:00+02:00,1.002,0.2427749808,0.0,0.0,1.002,0.43330148399999996,0.293171384,0.65875,0.0
2025-09-11 00:00:00+02:00,0.146,0.035535159,0.0,0.0,0.146,0.434633815,0.294503715,0.7274999999999999,0.0
2025-09-11 01:00:00+02:00,0.149,0.03569742,0.0,0.0,0.149,0.43002189999999996,0.2898918,0.455,0.0
2025-09-11 02:00:00+02:00,0.144,0.033175296,0.0,0.0,0.144,0.41889474,0.27876464,0.304,0.0
2025-09-11 03:00:00+02:00,3.265,0.727630717,0.0,0.0,3.265,0.40978803799999997,0.269657938,0.7805000000000001,0.0
2025-09-11 04:00:00+02:00,0.151,0.0336314297,0.0,0.0,0.151,0.40962698699999994,0.26949688699999996,0.30625,0.0
2025-09-11 05:00:00+02:00,6.152,1.4307958632,0.0,0.0,6.152,0.42154476099999993,0.281414661,0.582,0.0
2025-09-11 06:00:00+02:00,0.15,0.040770345,0.0,0.0,0.15,0.469010883,0.328880783,0.6559999999999999,0.0
2025-09-11 07:00:00+02:00,0.144,0.0404132256,0.005,0.001403237,0.13899999999999998,0.47971345399999993,0.339583354,0.19175,0.01925
2025-09-11 08:00:00+02:00,0.022,0.0063951888,0.265,0.077032956,-0.24300000000000002,0.49186548399999996,0.351735384,0.077,0.26825
2025-09-11 09:00:00+02:00,0.494,0.1267447896,0.957,0.2455359588,-0.46299999999999997,0.450577864,0.31044776399999996,0.018250000000000002,0.7829999999999999
2025-09-11 10:00:00+02:00,0.005,0.001121912,1.223,0.2744196752,-1.2180000000000002,0.411632804,0.271502704,0.16475,1.2639999999999998
2025-09-11 11:00:00+02:00,0.013,0.001980407,1.111,0.169248629,-1.098,0.32446028999999993,0.18433019,0.00775,2.35175
2025-09-11 12:00:00+02:00,0.692,0.102027442,1.922,0.283376797,-1.23,0.318530685,0.178400585,0.008,2.84025
2025-09-11 13:00:00+02:00,0.053,0.0078219361,3.143,0.4638555691,-3.09,0.318706377,0.178576277,1.81825,2.31175
2025-09-11 14:00:00+02:00,0.075,0.011007975,0.67,0.09833791,-0.5950000000000001,0.31772543000000003,0.17759532999999997,1.6784999999999999,2.00125
2025-09-11 15:00:00+02:00,0.589,0.0869695607,0.88,0.129937544,-0.29100000000000004,0.318794223,0.17866412299999998,0.03775,2.4405
2025-09-11 16:00:00+02:00,0.751,0.1136250984,0.624,0.0944102016,0.127,0.32320116400000004,0.183071064,0.1015,2.37675
2025-09-11 17:00:00+02:00,0.141,0.0324227244,0.26,0.059786584,-0.11900000000000002,0.41836766400000003,0.278237564,0.486,1.09125
2025-09-11 18:00:00+02:00,0.048,0.0134402928,1.841,0.5154912301,-1.793,0.478937481,0.33880738099999996,0.25975,1.0150000000000001
2025-09-11 19:00:00+02:00,1.526,0.457552788,0.069,0.020688822,1.457,0.5029340800000001,0.36280397999999997,0.193,0.6485000000000001
2025-09-11 20:00:00+02:00,1.04,0.306785336,0.0,0.0,1.04,0.497063039,0.356932939,0.42500000000000004,0.042
2025-09-11 21:00:00+02:00,0.335,0.0912969805,0.0,0.0,0.335,0.469889343,0.329759243,0.7625000000000001,0.0
2025-09-11 22:00:00+02:00,0.284,0.0698413936,0.0,0.0,0.284,0.437693784,0.297563684,0.614,0.0
2025-09-11 23:00:00+02:00,0.921,0.2028449082,0.0,0.0,0.921,0.40662558199999993,0.266495482,2.2542500000000003,0.0
2025-09-12 00:00:00+02:00,0.191,0.0337975264,0.0,0.0,0.191,0.354240084,0.214109984,2.54925,0.0
2025-09-12 01:00:00+02:00,0.186,0.0331468368,0.0,0.0,0.186,0.355762748,0.21563264799999998,1.141,0.0
2025-09-12 02:00:00+02:00,0.185,0.0307189355,0.0,0.0,0.185,0.341048543,0.200918443,2.3899999999999997,0.0
2025-09-12 03:00:00+02:00,0.79,0.127297203,0.0,0.0,0.79,0.33510429699999994,0.194974197,2.38125,0.0
2025-09-12 04:00:00+02:00,0.148,0.0257946832,0.0,0.0,0.148,0.35101906399999994,0.210888964,0.37875,0.0
2025-09-12 05:00:00+02:00,0.148,0.0293440488,0.0,0.0,0.148,0.38003752599999996,0.23990742599999998,1.02575,0.0
2025-09-12 06:00:00+02:00,0.14,0.034205248,0.0,0.0,0.14,0.435761172,0.295631072,0.28625,0.0
2025-09-12 07:00:00+02:00,0.7,0.17985198,0.044,0.0113049816,0.6559999999999999,0.451017094,0.31088699399999997,0.1475,0.010499999999999999
2025-09-12 08:00:00+02:00,0.008,0.0020842976,0.84,0.218851248,-0.832,0.455380112,0.315250012,0.15475,0.38625
2025-09-12 09:00:00+02:00,0.001,0.0002014166,1.336,0.2690925776,-1.3350000000000002,0.38384418600000003,0.243714086,0.1395,0.9317500000000001
2025-09-12 10:00:00+02:00,0.452,0.0667406476,1.352,0.1996313176,-0.9000000000000001,0.318794223,0.17866412299999998,0.84275,1.124
2025-09-12 11:00:00+02:00,0.018,0.0026144712,1.965,0.285413106,-1.947,0.31588066400000003,0.175750564,0.014750000000000001,1.9389999999999998
2025-09-12 12:00:00+02:00,0.065,0.0092217125,2.035,0.2887105375,-1.9700000000000002,0.311795825,0.17166572500000002,1.9765,1.82575
2025-09-12 13:00:00+02:00,0.398,0.0547893566,2.511,0.3456685287,-2.113,0.30670075699999994,0.16657065699999998,2.42275,1.7414999999999998
2025-09-12 14:00:00+02:00,0.0,0.0,4.686,0.656876451,-4.686,0.309746085,0.169615985,0.62875,1.7225
2025-09-12 15:00:00+02:00,0.04,0.005713136,3.025,0.43205591,-2.985,0.312952464,0.17282236399999998,0.99075,0.89075
2025-09-12 16:00:00+02:00,0.055,0.0081210965,2.328,0.3437438664,-2.2729999999999997,0.318794223,0.17866412299999998,1.8655,1.0742500000000001
2025-09-12 17:00:00+02:00,0.07,0.014709849,1.378,0.2895738846,-1.3079999999999998,0.39440034700000004,0.254270247,0.009,1.7537500000000001
2025-09-12 18:00:00+02:00,0.138,0.0369894096,0.516,0.1383082272,-0.378,0.464457532,0.32432743199999997,0.20475000000000002,1.1165
2025-09-12 19:00:00+02:00,0.103,0.0327552566,0.046,0.0146285612,0.056999999999999995,0.524924862,0.384794762,0.26899999999999996,0.63775
2025-09-12 20:00:00+02:00,0.326,0.1031473454,0.0,0.0,0.326,0.522977609,0.382847509,0.33199999999999996,0.01525
2025-09-12 21:00:00+02:00,0.621,0.1690897923,0.0,0.0,0.621,0.46959652299999993,0.32946642299999995,0.45525,0.0
2025-09-12 22:00:00+02:00,0.787,0.2065378403,0.0,0.0,0.787,0.45767874899999994,0.31754864899999996,0.338,0.0
2025-09-12 23:00:00+02:00,0.379,0.095478438,0.0,0.0,0.379,0.44495571999999994,0.30482561999999996,0.27475,0.0
2025-09-13 00:00:00+02:00,0.16,0.03815856,0.0,0.0,0.16,0.42870421,0.28857411,1.40875,0.0
2025-09-13 01:00:00+02:00,0.141,0.031750521,0.0,0.0,0.141,0.41259911,0.27246900999999996,1.73525,0.0
2025-09-13 02:00:00+02:00,0.145,0.032682826,0.0,0.0,0.145,0.41286264799999994,0.272732548,0.20249999999999999,0.0
2025-09-13 03:00:00+02:00,0.148,0.033290972,0.0,0.0,0.148,0.41230628999999996,0.27217619,0.20875,0.0
2025-09-13 04:00:00+02:00,0.14,0.030978178,0.0,0.0,0.14,0.40787006699999995,0.26773996699999997,0.21425,0.0
2025-09-13 05:00:00+02:00,0.145,0.032584574,0.0,0.0,0.145,0.412042752,0.271912652,0.207,0.0
2025-09-13 06:00:00+02:00,0.145,0.032823186,0.0,0.0,0.145,0.414033928,0.273903828,0.242,0.0
2025-09-13 07:00:00+02:00,0.094,0.0212591434,0.01,0.002261611,0.084,0.41378503099999997,0.273654931,0.61,0.029999999999999995
2025-09-13 08:00:00+02:00,0.029,0.0065207747,0.267,0.0600360981,-0.23800000000000002,0.41220380300000004,0.272073703,0.1205,0.22599999999999998
2025-09-13 09:00:00+02:00,0.015,0.0030853185,1.172,0.2410662188,-1.157,0.389012459,0.248882359,0.8714999999999999,0.5825
2025-09-13 10:00:00+02:00,0.051,0.0083746641,1.058,0.1737332278,-1.0070000000000001,0.33882311099999995,0.198693011,2.87475,0.9415
2025-09-13 11:00:00+02:00,0.062,0.0093332382,1.345,0.2024710545,-1.283,0.322278781,0.182148681,2.6915,1.448
2025-09-13 12:00:00+02:00,0.011,0.0016243524,2.094,0.3092176296,-2.0829999999999997,0.31880886399999997,0.178678764,1.78175,1.5725
2025-09-13 13:00:00+02:00,0.073,0.0107789099,1.7,0.25101571,-1.627,0.318794223,0.17866412299999998,0.007,1.9815
2025-09-13 14:00:00+02:00,0.211,0.0311554793,1.501,0.2216321063,-1.2899999999999998,0.318794223,0.17866412299999998,1.407,1.52925
2025-09-13 15:00:00+02:00,0.0,0.0,3.298,0.4869704774,-3.298,0.318794223,0.17866412299999998,1.9894999999999998,2.26775
2025-09-13 16:00:00+02:00,0.052,0.0078253604,0.125,0.0188109625,-0.07300000000000001,0.322220217,0.182090117,0.0725,2.859
2025-09-13 17:00:00+02:00,0.665,0.1507833635,0.005,0.0011337095,0.66,0.414487799,0.274357699,0.04975,1.6225
2025-09-13 18:00:00+02:00,0.212,0.056318966,0.696,0.184896228,-0.484,0.461573255,0.321443155,0.10750000000000001,0.78525
2025-09-13 19:00:00+02:00,0.048,0.0133485264,0.652,0.1813174836,-0.604,0.47662420299999997,0.336494103,0.115,0.38525
2025-09-13 20:00:00+02:00,0.241,0.0682454883,0.0,0.0,0.241,0.482773423,0.342643323,0.1885,0.09225
2025-09-13 21:00:00+02:00,0.321,0.0875165412,0.0,0.0,0.321,0.47002111199999996,0.32989101200000004,0.3385,0.0
2025-09-13 22:00:00+02:00,0.309,0.079339458,0.0,0.0,0.309,0.45081212,0.31068202,0.39325,0.0
2025-09-13 23:00:00+02:00,0.247,0.0609336156,0.0,0.0,0.247,0.4386308079999999,0.298500708,0.538,0.0
2025-09-14 00:00:00+02:00,0.152,0.0374332376,0.0,0.0,0.152,0.438118373,0.29798827299999997,0.34675,0.0
2025-09-14 01:00:00+02:00,0.836,0.1928943764,0.0,0.0,0.836,0.41931932899999996,0.279189229,0.18724999999999997,0.0
2025-09-14 02:00:00+02:00,1.092,0.2601150552,0.0,0.0,1.092,0.428352826,0.288222726,0.15025,0.0
2025-09-14 03:00:00+02:00,0.141,0.0344239797,0.0,0.0,0.141,0.43554155699999997,0.295411457,0.15475,0.0
2025-09-14 04:00:00+02:00,0.15,0.037811895,0.0,0.0,0.15,0.44514605299999993,0.305015953,0.15525,0.0
2025-09-14 05:00:00+02:00,0.147,0.0369151398,0.0,0.0,0.147,0.44398941399999997,0.303859314,0.15800000000000003,0.0
2025-09-14 06:00:00+02:00,0.136,0.0352224224,0.0,0.0,0.136,0.45350606399999993,0.313375964,0.1505,0.0
2025-09-14 07:00:00+02:00,0.073,0.0193380869,0.03,0.007947159,0.043,0.46066551299999997,0.320535413,0.059,0.035500000000000004
2025-09-14 08:00:00+02:00,0.04,0.010699788,0.52,0.139097244,-0.48000000000000004,0.46379868699999993,0.32366858699999995,0.031,0.32875000000000004
2025-09-14 09:00:00+02:00,0.079,0.0189430703,1.074,0.2575298418,-0.9950000000000001,0.4302707969999999,0.290140697,0.0165,1.0425
2025-09-14 10:00:00+02:00,0.006,0.0012784134,1.668,0.3553989252,-1.662,0.39794346899999994,0.257813369,0.5515,1.3375000000000001
2025-09-14 11:00:00+02:00,0.001,0.0001688797,2.051,0.3463722647,-2.0500000000000003,0.34447453699999997,0.204344437,0.34375,1.95275
2025-09-14 12:00:00+02:00,0.01,0.001555455,2.492,0.387619386,-2.482,0.32834015499999997,0.188210055,1.266,2.47
2025-09-14 13:00:00+02:00,0.186,0.0274663224,2.256,0.3331399104,-2.07,0.31880886399999997,0.178678764,0.9744999999999999,2.59775
2025-09-14 14:00:00+02:00,0.041,0.0060539083,2.26,0.333703238,-2.219,0.318794223,0.17866412299999998,3.2395,1.8605
2025-09-14 15:00:00+02:00,0.0,0.0,3.187,0.4706191908,-3.187,0.31880886399999997,0.178678764,3.5662499999999997,2.11125
2025-09-14 16:00:00+02:00,0.052,0.0087754524,2.602,0.4391101374,-2.55,0.344328127,0.204198027,0.48625,1.22675
2025-09-14 17:00:00+02:00,0.762,0.194039109,0.299,0.0761387055,0.463,0.44824994500000004,0.308119845,1.52775,0.8962500000000001
2025-09-14 18:00:00+02:00,0.465,0.1338713145,0.061,0.0175616133,0.404,0.48848341300000003,0.348353313,0.6044999999999999,0.6270000000000001
2025-09-14 19:00:00+02:00,1.364,0.4229912676,0.0,0.0,1.364,0.5153642890000001,0.375234189,0.46574999999999994,0.1945
2025-09-14 20:00:00+02:00,0.604,0.1652356156,0.0,0.0,0.604,0.47114846899999996,0.331018369,0.59175,0.0085
2025-09-14 21:00:00+02:00,0.331,0.0830377383,0.0,0.0,0.331,0.443681953,0.30355185300000004,0.6399999999999999,0.0
2025-09-14 22:00:00+02:00,0.35,0.08065981,0.0,0.0,0.35,0.418982586,0.278852486,0.38175,0.0
2025-09-14 23:00:00+02:00,0.178,0.0293584478,0.0,0.0,0.178,0.339701571,0.199571471,0.29725,0.0
2025-09-15 00:00:00+02:00,0.152,0.0253184272,0.0,0.0,0.152,0.34167810600000004,0.201548006,0.28825,0.0
2025-09-15 01:00:00+02:00,0.142,0.0212489794,0.0,0.0,0.142,0.32119534699999996,0.18106524699999998,0.266,0.0
2025-09-15 02:00:00+02:00,0.556,0.0815586948,0.0,0.0,0.556,0.31762294299999994,0.17749284299999998,0.3055,0.0
2025-09-15 03:00:00+02:00,0.308,0.0449228472,0.0,0.0,0.308,0.31661271399999996,0.17648261399999998,0.49325,0.0
2025-09-15 04:00:00+02:00,0.154,0.0223608,0.0,0.0,0.154,0.31582209999999994,0.175692,0.40575,0.0
2025-09-15 05:00:00+02:00,0.15,0.021970575,0.0,0.0,0.15,0.31735940500000004,0.177229305,0.255,0.0
2025-09-15 06:00:00+02:00,0.158,0.0270959414,0.0,0.0,0.158,0.34763699299999995,0.20750689299999997,0.197,0.0
2025-09-15 07:00:00+02:00,0.224,0.0466297216,0.0,0.0,0.224,0.392013864,0.251883764,0.14550000000000002,0.025500000000000002
2025-09-15 08:00:00+02:00,0.012,0.0023346708,0.362,0.0704292358,-0.35,0.37554273899999996,0.235412639,0.063,0.22725
2025-09-15 09:00:00+02:00,0.006,0.0008925444,1.227,0.1825253298,-1.221,0.320126554,0.179996454,0.015,0.61375
2025-09-15 10:00:00+02:00,0.009,0.0013258575,1.57,0.231288475,-1.5610000000000002,0.31838427499999994,0.178254175,0.6175,0.7847500000000001
2025-09-15 11:00:00+02:00,0.298,0.043125368,0.688,0.099564608,-0.38999999999999996,0.31523646000000005,0.17510636000000002,0.9724999999999999,1.4700000000000002
2025-09-15 12:00:00+02:00,0.118,0.0165681912,1.284,0.1802843856,-1.166,0.31002426399999994,0.169894164,2.019,1.4854999999999998
2025-09-15 13:00:00+02:00,2.103,0.2834463357,2.277,0.3068983863,-0.17399999999999993,0.30321619899999996,0.163086099,1.537,2.713
2025-09-15 14:00:00+02:00,0.004,0.0005616336,2.07,0.290645388,-2.066,0.31002426399999994,0.169894164,1.3635,3.1919999999999997
2025-09-15 15:00:00+02:00,0.015,0.002089791,3.647,0.5080978518,-3.6319999999999997,0.308706574,0.168576474,1.5415,2.9487499999999995
2025-09-15 16:00:00+02:00,5.43,0.781997106,0.824,0.1186677008,4.606,0.314387282,0.174257182,0.9564999999999999,2.88225
2025-09-15 17:00:00+02:00,0.352,0.0523924192,1.753,0.2609202013,-1.4009999999999998,0.320229041,0.180098941,0.2395,2.08925
2025-09-15 18:00:00+02:00,0.196,0.0325004064,0.496,0.0822459264,-0.3,0.340770364,0.200640264,0.1275,1.7035
2025-09-15 19:00:00+02:00,0.355,0.0762408295,0.005,0.0010738145,0.35,0.399993209,0.259863109,0.07100000000000001,0.8547499999999999
2025-09-15 20:00:00+02:00,0.361,0.0751487924,0.0,0.0,0.361,0.392013864,0.251883764,0.33349999999999996,0.09275
2025-09-15 21:00:00+02:00,0.297,0.0458268624,0.0,0.0,0.297,0.326832132,0.186702032,0.41674999999999995,0.0
2025-09-15 22:00:00+02:00,0.306,0.046263987,0.0,0.0,0.306,0.323069395,0.182939295,0.39125,0.0
2025-09-15 23:00:00+02:00,0.185,0.027332085,0.0,0.0,0.185,0.31889670999999997,0.17876661000000002,0.27475,0.0
2025-09-16 00:00:00+02:00,0.164,0.0242156332,0.0,0.0,0.164,0.318794223,0.17866412299999998,0.27999999999999997,0.0
2025-09-16 01:00:00+02:00,0.154,0.022724163,0.0,0.0,0.154,0.318677095,0.17854699500000001,0.26999999999999996,0.0
2025-09-16 02:00:00+02:00,0.151,0.0222559051,0.0,0.0,0.151,0.318472121,0.178342021,0.462,0.0
2025-09-16 03:00:00+02:00,0.512,0.0749557248,0.0,0.0,0.512,0.317271559,0.177141459,1.0897500000000002,0.0
2025-09-16 04:00:00+02:00,0.748,0.1092522068,0.0,0.0,0.748,0.31686161099999993,0.17673151099999998,1.3139999999999998,0.0
2025-09-16 05:00:00+02:00,0.553,0.0816539339,0.0,0.0,0.553,0.318794223,0.17866412299999998,0.93475,0.0
2025-09-16 06:00:00+02:00,0.141,0.0212187657,0.0,0.0,0.141,0.322220217,0.182090117,0.24425,0.0
2025-09-16 07:00:00+02:00,0.146,0.0248772612,0.005,0.000851961,0.141,0.34630466199999993,0.20617456199999998,0.093,0.025249999999999998
2025-09-16 08:00:00+02:00,0.48,0.084820032,0.005,0.000883542,0.475,0.35394726399999993,0.21381716399999998,0.06425,0.32375
2025-09-16 09:00:00+02:00,0.309,0.0493684356,0.416,0.0664636544,-0.10699999999999998,0.333449864,0.193319764,0.054000000000000006,0.78875
2025-09-16 10:00:00+02:00,0.01,0.001476563,1.126,0.1662609938,-1.1159999999999999,0.318794223,0.17866412299999998,0.0585,1.1462500000000002
2025-09-16 11:00:00+02:00,0.138,0.0201778632,1.661,0.2428654404,-1.5230000000000001,0.317051944,0.176921844,2.262,1.2795
2025-09-16 12:00:00+02:00,2.446,0.3551592,0.481,0.0698412,1.9650000000000003,0.31582209999999994,0.175692,3.799,1.4635
2025-09-16 13:00:00+02:00,0.104,0.0151020584,0.432,0.0627316272,-0.328,0.31583674100000003,0.175706641,4.069,0.668
2025-09-16 14:00:00+02:00,0.011,0.0016242193,0.536,0.0791437768,-0.525,0.318794223,0.17866412299999998,2.935,1.02325
2025-09-16 15:00:00+02:00,0.016,0.0023336544,0.549,0.0800735166,-0.533,0.31661271399999996,0.17648261399999998,0.0075,2.1180000000000003
2025-09-16 16:00:00+02:00,6.135,0.8948848425,0.573,0.0835809315,5.561999999999999,0.316627355,0.17649725500000002,0.0025,3.04875
2025-09-16 17:00:00+02:00,3.958,0.6154575218,0.551,0.0856789021,3.407,0.32828159100000004,0.188151491,0.064,2.5997500000000002
2025-09-16 18:00:00+02:00,0.398,0.0944233906,0.516,0.1224182652,-0.118,0.427196187,0.28706608699999997,0.293,0.99
2025-09-16 19:00:00+02:00,0.899,0.2646049175,0.0,0.0,0.899,0.49627242499999996,0.356142325,0.11825000000000001,0.43074999999999997
2025-09-16 20:00:00+02:00,0.521,0.1530824603,0.0,0.0,0.521,0.495657503,0.35552740299999996,0.324,0.043250000000000004
2025-09-16 21:00:00+02:00,0.309,0.0825623898,0.0,0.0,0.309,0.46343266199999994,0.32330256199999996,0.40125,0.0
2025-09-16 22:00:00+02:00,0.254,0.0651991076,0.0,0.0,0.254,0.45072427400000004,0.310594174,0.33975,0.0
2025-09-16 23:00:00+02:00,0.154,0.039895394,0.0,0.0,0.154,0.45359390999999993,0.31346380999999995,0.28025,0.0
2025-09-17 00:00:00+02:00,0.144,0.0342939168,0.0,0.0,0.144,0.428294262,0.288164162,0.508,0.0
2025-09-17 01:00:00+02:00,0.145,0.033142505,0.0,0.0,0.145,0.41669859,0.27656849,0.377,0.0
2025-09-17 02:00:00+02:00,0.582,0.1226610396,0.0,0.0,0.582,0.39514703799999995,0.25501693799999997,0.44275,0.0
2025-09-17 03:00:00+02:00,0.309,0.0654457056,0.0,0.0,0.309,0.396406164,0.25627606399999997,0.3715,0.0
2025-09-17 04:00:00+02:00,0.15,0.03474636,0.0,0.0,0.15,0.420417404,0.280287304,0.3545,0.0
2025-09-17 05:00:00+02:00,0.141,0.034685013,0.0,0.0,0.141,0.43778163,0.29765153,0.32225,0.0
2025-09-17 06:00:00+02:00,0.144,0.0383049216,0.0,0.0,0.144,0.46199784399999994,0.32186774399999996,0.272,0.0
2025-09-17 07:00:00+02:00,0.143,0.0416638937,0.0,0.0,0.143,0.49267073899999997,0.352540639,0.17925000000000002,0.013999999999999999
2025-09-17 08:00:00+02:00,0.153,0.04350555,0.0,0.0,0.153,0.48419359999999995,0.34406349999999997,0.25275,0.20400000000000001
2025-09-17 09:00:00+02:00,0.07,0.018796624,0.019,0.0051019408,0.051000000000000004,0.46504317200000006,0.324913072,0.08425,0.6955
2025-09-17 10:00:00+02:00,0.044,0.0115498856,0.083,0.0217872842,-0.03900000000000001,0.45775195399999996,0.317621854,0.12250000000000001,0.9835
2025-09-17 11:00:00+02:00,0.016,0.0042986944,0.37,0.099407308,-0.354,0.465218864,0.325088764,0.027,1.16375
2025-09-17 12:00:00+02:00,0.16,0.037372544,0.39,0.091095576,-0.23,0.422759964,0.282629864,0.74125,1.86825
2025-09-17 13:00:00+02:00,0.902,0.1769628388,0.013,0.0025504622,0.889,0.377519274,0.237389174,0.4355,2.7432499999999997
2025-09-17 14:00:00+02:00,0.03,0.005337552,0.459,0.0816645456,-0.42900000000000005,0.355411364,0.215281264,0.4705,2.83925
2025-09-17 15:00:00+02:00,0.056,0.0122875984,0.235,0.051564029,-0.179,0.40562999399999994,0.26549989399999996,0.0072499999999999995,2.76675
2025-09-17 16:00:00+02:00,0.362,0.0847305888,0.066,0.0154481184,0.296,0.42334560399999993,0.283215504,1.2192500000000002,1.704
2025-09-17 17:00:00+02:00,0.783,0.2119874625,0.039,0.0105587625,0.744,0.467722475,0.327592375,0.1735,1.80175
2025-09-17 18:00:00+02:00,0.254,0.0736970586,0.002,0.0005802918,0.252,0.49120663900000006,0.351076539,0.24025000000000002,0.81725
2025-09-17 19:00:00+02:00,0.315,0.0908089875,0.0,0.0,0.315,0.48895192499999995,0.348821825,0.208,0.30674999999999997
2025-09-17 20:00:00+02:00,0.236,0.0664869348,0.0,0.0,0.236,0.481016503,0.34088640299999995,0.46825,0.0445
2025-09-17 21:00:00+02:00,0.226,0.0582086956,0.0,0.0,0.226,0.451778426,0.311648326,0.5055,0.0
2025-09-17 22:00:00+02:00,0.195,0.049205013,0.0,0.0,0.195,0.445453514,0.30532341399999996,0.65125,0.0
2025-09-17 23:00:00+02:00,0.162,0.0379239894,0.0,0.0,0.162,0.42338952699999993,0.283259427,0.8089999999999999,0.0
2025-09-18 00:00:00+02:00,0.145,0.0301300285,0.0,0.0,0.145,0.391559993,0.25142989299999996,0.6769999999999999,0.0
2025-09-18 01:00:00+02:00,0.152,0.0307569416,0.0,0.0,0.152,0.38497154299999997,0.244841443,0.4,0.0
2025-09-18 02:00:00+02:00,0.586,0.1126838152,0.0,0.0,0.586,0.372804872,0.232674772,0.25049999999999994,0.0
2025-09-18 03:00:00+02:00,2.74,0.519887874,0.0,0.0,2.74,0.369715621,0.229585521,1.5072500000000002,0.0
2025-09-18 04:00:00+02:00,0.158,0.0316823496,0.0,0.0,0.158,0.38276075200000004,0.242630652,0.2545,0.0
2025-09-18 05:00:00+02:00,4.603,1.0551664035,0.0,0.0,4.603,0.417503845,0.277373745,2.033,0.0
2025-09-18 06:00:00+02:00,0.159,0.0419775741,0.0,0.0,0.159,0.459582079,0.319451979,0.60375,0.0
2025-09-18 07:00:00+02:00,0.227,0.0651434839,0.0,0.0,0.227,0.487370697,0.347240597,0.15,0.0205
2025-09-18 08:00:00+02:00,0.168,0.0472626,0.0,0.0,0.168,0.48053335,0.34040325,0.03425,0.333
2025-09-18 09:00:00+02:00,0.843,0.2157669459,0.003,0.0007678539,0.84,0.4498311729999999,0.309701073,0.13975,0.8452499999999998
2025-09-18 10:00:00+02:00,0.794,0.178601566,0.004,0.000899756,0.79,0.41230628999999996,0.27217619,0.16525,1.237
2025-09-18 11:00:00+02:00,1.697,0.2626670904,0.0,0.0,1.697,0.32741777199999994,0.18728767200000002,0.01075,2.0475
2025-09-18 12:00:00+02:00,0.687,0.1016144448,0.324,0.0479229696,0.36300000000000004,0.31910168399999994,0.178971584,0.181,2.5075000000000003
2025-09-18 13:00:00+02:00,0.039,0.0057590676,0.22,0.032487048,-0.181,0.31880886399999997,0.178678764,0.0165,3.05675
2025-09-18 14:00:00+02:00,0.036,0.0053160624,0.278,0.0410518152,-0.24200000000000002,0.31880886399999997,0.178678764,1.581,1.274
2025-09-18 15:00:00+02:00,0.192,0.0284731392,0.285,0.042264816,-0.09299999999999997,0.319570196,0.179440096,0.185,1.6855
2025-09-18 16:00:00+02:00,1.235,0.204845498,0.011,0.0018245348,1.2240000000000002,0.340828928,0.200698828,0.28925,1.6855
2025-09-18 17:00:00+02:00,1.594,0.3913027712,0.057,0.0139926336,1.5370000000000001,0.437166708,0.297036608,0.515,0.6162500000000001
2025-09-18 18:00:00+02:00,0.264,0.0744806304,0.135,0.038086686,0.129,0.481499656,0.34136955599999996,0.22825,1.1357499999999998
2025-09-18 19:00:00+02:00,0.467,0.140024346,0.0,0.0,0.467,0.5029340800000001,0.36280397999999997,0.5710000000000001,0.406
2025-09-18 20:00:00+02:00,0.66,0.199362504,0.0,0.0,0.66,0.505628024,0.36549792400000003,0.62575,0.02925
2025-09-18 21:00:00+02:00,0.565,0.158634146,0.0,0.0,0.565,0.47985986399999997,0.33972976399999993,0.6877500000000001,0.0
2025-09-18 22:00:00+02:00,0.485,0.12934174,0.0,0.0,0.485,0.46281774,0.32268763999999994,0.5347500000000001,0.0
2025-09-18 23:00:00+02:00,0.449,0.1142212896,0.0,0.0,0.449,0.447942484,0.307812384,2.18425,0.0
2025-09-19 00:00:00+02:00,0.353,0.0837730069,0.0,0.0,0.353,0.427284033,0.28715393300000003,2.4285,0.0
2025-09-19 01:00:00+02:00,0.343,0.0817360082,0.0,0.0,0.343,0.42846995399999993,0.288339854,1.0739999999999998,0.0
2025-09-19 02:00:00+02:00,0.354,0.0865418136,0.0,0.0,0.354,0.435936864,0.295806764,2.323,0.0
2025-09-19 03:00:00+02:00,0.355,0.0859142955,0.0,0.0,0.355,0.43296474100000004,0.292834641,2.4665000000000004,0.0
2025-09-19 04:00:00+02:00,0.341,0.0829222317,0.0,0.0,0.341,0.434370277,0.294240177,0.31599999999999995,0.0
2025-09-19 05:00:00+02:00,0.167,0.0435319401,0.0,0.0,0.167,0.45554116299999997,0.315411063,0.9644999999999999,0.0
2025-09-19 06:00:00+02:00,0.151,0.0442213013,0.0,0.0,0.151,0.49448622300000006,0.354356123,0.23850000000000002,0.0
2025-09-19 07:00:00+02:00,0.136,0.0446731032,0.013,0.0042702231,0.12300000000000001,0.537589327,0.397459227,0.28324999999999995,0.020999999999999998
2025-09-19 08:00:00+02:00,0.01,0.002938001,0.481,0.1413178481,-0.471,0.495628221,0.355498121,0.1485,0.502
2025-09-19 09:00:00+02:00,0.03,0.0083127,1.094,0.30313646,-1.064,0.475409,0.3352789,0.137,1.01725
2025-09-19 10:00:00+02:00,0.061,0.0128171065,0.451,0.0947625415,-0.39,0.394371065,0.254240965,0.12275000000000001,1.2145
2025-09-19 11:00:00+02:00,0.0,0.0,2.844,0.4647738744,-2.844,0.33787144599999996,0.19774134599999998,0.005,2.0155000000000003
2025-09-19 12:00:00+02:00,0.016,0.0023818608,2.993,0.4455568359,-2.977,0.32025832299999996,0.180128223,0.7494999999999999,2.2345
2025-09-19 13:00:00+02:00,0.017,0.0025103628,2.702,0.3990000168,-2.685,0.31880886399999997,0.178678764,0.1355,2.36925
2025-09-19 14:00:00+02:00,0.0,0.0,4.002,0.5909689368,-4.002,0.31880886399999997,0.178678764,0.12475,2.597
2025-09-19 15:00:00+02:00,0.0,0.0,4.228,0.6855790788,-4.228,0.336334141,0.196204041,0.08625000000000001,1.34175
2025-09-19 16:00:00+02:00,0.0,0.0,3.63,0.83849007,-3.63,0.41962678999999997,0.27949669,0.16499999999999998,1.547
2025-09-19 17:00:00+02:00,0.0,0.0,2.806,0.7992781566,-2.806,0.4847938809999999,0.344663781,0.026500000000000003,1.4602499999999998
2025-09-19 18:00:00+02:00,0.064,0.0272852096,1.315,0.560625791,-1.251,0.655991094,0.5158609940000001,0.23925000000000002,0.625
2025-09-19 19:00:00+02:00,0.713,0.4276983975,0.078,0.046788885,0.635,0.865957675,0.7258275750000001,0.294,0.29
2025-09-19 20:00:00+02:00,1.295,0.44720753,0.0,0.0,1.295,0.55798424,0.41785413999999993,0.33575,0.0
2025-09-19 21:00:00+02:00,0.529,0.1485584881,0.0,0.0,0.529,0.479933069,0.33980296899999995,0.4835,0.0
2025-09-19 22:00:00+02:00,0.533,0.1339132652,0.0,0.0,0.533,0.444135824,0.304005724,0.43025,0.0
2025-09-19 23:00:00+02:00,0.488,0.1187219088,0.0,0.0,0.488,0.434502046,0.294371946,0.25925,0.0
2025-09-20 00:00:00+02:00,0.367,0.0887917965,0.0,0.0,0.367,0.432876895,0.292746795,0.33775,0.0
2025-09-20 01:00:00+02:00,0.35,0.084678825,0.0,0.0,0.35,0.432876895,0.292746795,0.40099999999999997,0.0
2025-09-20 02:00:00+02:00,0.342,0.0815349546,0.0,0.0,0.342,0.428601723,0.28847162299999995,0.14725,0.0
2025-09-20 03:00:00+02:00,0.355,0.084552622,0.0,0.0,0.355,0.42832354400000006,0.288193444,0.157,0.0
2025-09-20 04:00:00+02:00,0.36,0.085739148,0.0,0.0,0.36,0.42830890299999996,0.288178803,0.1595,0.0
2025-09-20 05:00:00+02:00,0.339,0.0829609275,0.0,0.0,0.339,0.43624432500000004,0.296114225,0.15325,0.0
2025-09-20 06:00:00+02:00,0.349,0.0889131595,0.0,0.0,0.349,0.4483963549999999,0.308266255,0.16625,0.0
2025-09-20 07:00:00+02:00,0.343,0.0867454203,0.0,0.0,0.343,0.446141641,0.306011541,0.06175,0.0325
2025-09-20 08:00:00+02:00,0.156,0.0372480108,0.08,0.019101544,0.076,0.42904095299999995,0.28891085299999997,0.017,0.28675
2025-09-20 09:00:00+02:00,0.04,0.007113832,0.473,0.0841210634,-0.433,0.355323518,0.215193418,0.07050000000000001,0.8687499999999999
2025-09-20 10:00:00+02:00,0.046,0.0069586132,0.784,0.1185989728,-0.738,0.32317188199999997,0.183041782,0.08074999999999999,1.206
2025-09-20 11:00:00+02:00,0.011,0.0016509724,2.2,0.33019448,-2.189,0.32173706399999996,0.181606964,0.046,1.7842500000000001
2025-09-20 12:00:00+02:00,0.012,0.001750386,0.877,0.1279240435,-0.865,0.316627355,0.17649725500000002,0.03325,2.038
2025-09-20 13:00:00+02:00,2.668,0.3938178772,0.072,0.0106277688,2.596,0.31873565899999995,0.17860555899999997,0.023999999999999997,2.1422499999999998
2025-09-20 14:00:00+02:00,1.752,0.255556356,0.035,0.0051052925,1.717,0.316627355,0.17649725500000002,1.4587500000000002,1.5787499999999999
2025-09-20 15:00:00+02:00,0.006,0.0009077904,0.248,0.0375220032,-0.242,0.32320116400000004,0.183071064,1.9885,2.67075
2025-09-20 16:00:00+02:00,0.007,0.001460228,1.044,0.217782576,-1.0370000000000001,0.39254093999999995,0.25241084,0.08524999999999999,2.23775
2025-09-20 17:00:00+02:00,0.271,0.0667231268,1.053,0.2592599724,-0.7819999999999999,0.43804516800000004,0.297915068,0.21350000000000002,1.0505
2025-09-20 18:00:00+02:00,1.142,0.326040429,0.0,0.0,1.142,0.48558449499999995,0.345454395,0.13824999999999998,0.6625
2025-09-20 19:00:00+02:00,0.564,0.1690949832,0.0,0.0,0.564,0.502904798,0.362774698,0.12525,0.28625
2025-09-20 20:00:00+02:00,0.306,0.0801094536,0.0,0.0,0.306,0.45690277599999995,0.31677267600000003,0.19674999999999998,0.048
2025-09-20 21:00:00+02:00,0.315,0.0769275045,0.0,0.0,0.315,0.43562940299999997,0.295499303,0.29450000000000004,0.0
2025-09-20 22:00:00+02:00,0.304,0.070662064,0.0,0.0,0.304,0.42138370999999997,0.28125361,0.34225,0.0
2025-09-20 23:00:00+02:00,0.294,0.058946118,0.0,0.0,0.294,0.38273147,0.24260137,0.46975,0.0
2025-09-21 00:00:00+02:00,0.257,0.0405691462,0.0,0.0,0.257,0.33113658599999996,0.191006486,0.29625,0.0
2025-09-21 01:00:00+02:00,0.241,0.0366991185,0.0,0.0,0.241,0.324387085,0.184256985,0.31899999999999995,0.0
2025-09-21 02:00:00+02:00,0.284,0.0431371292,0.0,0.0,0.284,0.32391857300000004,0.183788473,0.38575000000000004,0.0
2025-09-21 03:00:00+02:00,0.147,0.0220096338,0.0,0.0,0.147,0.32129783399999995,0.181167734,0.1475,0.0
2025-09-21 04:00:00+02:00,0.149,0.0223830035,0.0,0.0,0.149,0.321898115,0.181768015,0.15125,0.0
2025-09-21 05:00:00+02:00,0.138,0.0209493108,0.0,0.0,0.138,0.32381608599999995,0.18368598600000002,0.15225000000000002,0.0
2025-09-21 06:00:00+02:00,0.147,0.0224916615,0.0,0.0,0.147,0.32526554499999993,0.18513544499999998,0.14900000000000002,0.0
2025-09-21 07:00:00+02:00,0.121,0.0186336007,0.003,0.0004619901,0.118,0.32646610699999995,0.18633600699999997,0.07200000000000001,0.03125
2025-09-21 08:00:00+02:00,0.314,0.0476026826,0.127,0.0192533143,0.187,0.323567189,0.183437089,0.038000000000000006,0.43525
2025-09-21 09:00:00+02:00,0.478,0.071661282,0.136,0.020388984,0.34199999999999997,0.32153209,0.18140198999999999,0.028250000000000004,1.23525
2025-09-21 10:00:00+02:00,0.225,0.03322539,0.544,0.0803316096,-0.31900000000000006,0.31880886399999997,0.178678764,0.542,1.567
2025-09-21 11:00:00+02:00,0.16,0.023625008,0.3,0.04429689,-0.13999999999999999,0.318794223,0.17866412299999998,0.003,2.3047500000000003
2025-09-21 12:00:00+02:00,0.201,0.0296789163,0.517,0.0763383071,-0.316,0.318794223,0.17866412299999998,0.01925,3.0132499999999998
2025-09-21 13:00:00+02:00,0.093,0.0139886043,1.214,0.1826039314,-1.121,0.322132371,0.182002271,0.04675,3.053
2025-09-21 14:00:00+02:00,2.001,0.3099633042,1.549,0.2399466058,0.45199999999999996,0.32756418200000004,0.18743408199999997,0.5245,2.4255
2025-09-21 15:00:00+02:00,0.01,0.001487453,2.721,0.4047359613,-2.7110000000000003,0.32011191299999997,0.179981813,0.60125,2.9079999999999995
2025-09-21 16:00:00+02:00,4.446,0.7075866798,1.467,0.2334749571,2.9789999999999996,0.33270317299999996,0.19257307299999998,0.4425,1.819
2025-09-21 17:00:00+02:00,0.259,0.0664794207,1.797,0.4612491081,-1.5379999999999998,0.45070963299999994,0.31057953299999996,1.5947500000000001,0.91675
2025-09-21 18:00:00+02:00,0.437,0.1226957908,0.765,0.214787826,-0.328,0.47985986399999997,0.33972976399999993,0.6912499999999999,0.59125
2025-09-21 19:00:00+02:00,0.466,0.1342719818,0.134,0.0386103982,0.332,0.488776233,0.34864613299999997,0.7577499999999999,0.193
2025-09-21 20:00:00+02:00,1.243,0.3580042609,0.0,0.0,1.243,0.48862982299999996,0.348499723,0.686,0.0085
2025-09-21 21:00:00+02:00,1.181,0.3198838885,0.0,0.0,1.181,0.46786888499999996,0.327738785,0.6527499999999999,0.0
2025-09-21 22:00:00+02:00,0.249,0.0639698928,0.0,0.0,0.249,0.45098781199999993,0.310857712,0.41525,0.0
2025-09-21 23:00:00+02:00,0.146,0.036974938,0.0,0.0,0.146,0.44656623,0.30643613,0.3015,0.0
2025-09-22 00:00:00+02:00,0.144,0.0362488896,0.0,0.0,0.144,0.44472146400000007,0.30459136400000003,0.2895,0.0
2025-09-22 01:00:00+02:00,0.158,0.038465416,0.0,0.0,0.158,0.43470701999999994,0.29457692,0.262,0.0
2025-09-22 02:00:00+02:00,0.162,0.0381631338,0.0,0.0,0.162,0.425175729,0.285045629,0.40875,0.0
2025-09-22 03:00:00+02:00,0.159,0.0372351606,0.0,0.0,0.159,0.42349201399999997,0.283361914,0.53125,0.0
2025-09-22 04:00:00+02:00,0.165,0.0390455505,0.0,0.0,0.165,0.42646413699999997,0.286334037,0.40625,0.0
2025-09-22 05:00:00+02:00,0.163,0.0402368923,0.0,0.0,0.163,0.43882114099999997,0.298691041,0.25675,0.0
2025-09-22 06:00:00+02:00,0.163,0.044869825,0.0,0.0,0.163,0.47321285,0.33308275,0.20025,0.0
2025-09-22 07:00:00+02:00,0.186,0.0567241224,0.0,0.0,0.186,0.5091418639999999,0.36901176399999996,0.1905,0.0165
2025-09-22 08:00:00+02:00,0.09,0.027447156,0.424,0.1293066016,-0.33399999999999996,0.5091418639999999,0.36901176399999996,0.060500000000000005,0.2435
2025-09-22 09:00:00+02:00,0.037,0.0099214797,1.288,0.3453747528,-1.2510000000000001,0.46458930099999995,0.324459201,0.011749999999999998,0.7397499999999999
2025-09-22 10:00:00+02:00,0.042,0.0101889018,1.811,0.4393357419,-1.769,0.43366750899999995,0.29353740899999997,0.618,0.9055000000000001
2025-09-22 11:00:00+02:00,0.033,0.0075743217,1.128,0.2589040872,-1.095,0.417855229,0.277725129,1.0445,1.3159999999999998
2025-09-22 12:00:00+02:00,0.103,0.0231948893,0.982,0.2211396242,-0.879,0.412613751,0.272483651,1.9495,1.544
2025-09-22 13:00:00+02:00,0.089,0.0185592946,3.795,0.791376663,-3.706,0.392453094,0.252322994,2.0627500000000003,2.28025
2025-09-22 14:00:00+02:00,0.0,0.0,4.582,1.0185840984,-4.582,0.40911455199999996,0.268984452,1.3645,2.57875
2025-09-22 15:00:00+02:00,0.0,0.0,3.651,0.8406460359,-3.651,0.418733689,0.278603589,1.54375,2.9355
2025-09-22 16:00:00+02:00,0.0,0.0,2.933,0.6919348821,-2.933,0.42558567699999994,0.285455577,2.3137499999999998,2.12825
2025-09-22 17:00:00+02:00,0.043,0.0109346248,1.847,0.4696802792,-1.804,0.44782535599999995,0.30769525600000003,0.326,1.8195
2025-09-22 18:00:00+02:00,0.146,0.0426616234,0.339,0.0990567831,-0.19300000000000003,0.493695609,0.353565509,0.1765,1.18825
2025-09-22 19:00:00+02:00,0.332,0.1126663912,0.085,0.028845311,0.247,0.550751586,0.410621486,0.15500000000000003,0.46675
2025-09-22 20:00:00+02:00,0.381,0.1182352347,0.0,0.0,0.381,0.515627827,0.375497727,0.396,0.02675
2025-09-22 21:00:00+02:00,0.327,0.0925353429,0.0,0.0,0.327,0.482539167,0.34240906699999996,0.42325,0.0
2025-09-22 22:00:00+02:00,0.309,0.0847533852,0.0,0.0,0.309,0.472012288,0.33188218799999997,0.4205,0.0
2025-09-22 23:00:00+02:00,5.034,1.3136152524,0.0,0.0,5.034,0.45587790599999994,0.31574780599999996,0.2865,0.0
2025-09-23 00:00:00+02:00,2.243,0.5765956735,0.0,0.0,2.243,0.451178145,0.31104804499999994,0.28300000000000003,0.0
2025-09-23 01:00:00+02:00,0.244,0.0626026896,0.0,0.0,0.244,0.450577864,0.31044776399999996,0.26849999999999996,0.0
2025-09-23 02:00:00+02:00,0.24,0.061968456,0.0,0.0,0.24,0.45255439899999994,0.31242429899999996,0.4625,0.0
2025-09-23 03:00:00+02:00,0.29,0.074892587,0.0,0.0,0.29,0.452612963,0.312482863,1.179,0.0
2025-09-23 04:00:00+02:00,0.258,0.0666785262,0.0,0.0,0.258,0.452847219,0.312717119,1.4609999999999999,0.0
2025-09-23 05:00:00+02:00,0.238,0.062434064,0.0,0.0,0.238,0.45754697999999994,0.31741688,1.0347499999999998,0.0
2025-09-23 06:00:00+02:00,0.205,0.061908319,0.0,0.0,0.205,0.505540178,0.36541007799999997,0.247,0.0
2025-09-23 07:00:00+02:00,0.205,0.07302592,0.0,0.0,0.205,0.57116114,0.43103104,0.12475,0.01525
2025-09-23 08:00:00+02:00,0.014,0.0049527478,0.472,0.1669783544,-0.45799999999999996,0.568189017,0.428058917,0.17875000000000002,0.17275000000000001
2025-09-23 09:00:00+02:00,0.029,0.0088791736,0.94,0.287807696,-0.9109999999999999,0.510605964,0.370475864,0.12975,0.5782499999999999
2025-09-23 10:00:00+02:00,0.008,0.0021720952,1.232,0.3345026608,-1.224,0.468659499,0.32852939899999994,0.060250000000000005,1.0085
2025-09-23 11:00:00+02:00,0.057,0.0137333064,1.503,0.3621256056,-1.446,0.431661692,0.29153159199999995,2.2962499999999997,1.0950000000000002
2025-09-23 12:00:00+02:00,0.024,0.0055539,2.907,0.6727161375,-2.883,0.42013922499999995,0.28000912499999997,4.4105,0.8285
2025-09-23 13:00:00+02:00,0.002,0.0004522738,3.13,0.707808497,-3.128,0.413755749,0.27362564899999997,2.2765000000000004,0.7542500000000001
2025-09-23 14:00:00+02:00,0.003,0.0006785922,2.879,0.6512223146,-2.876,0.4138289539999999,0.273698854,1.51575,0.9564999999999999
2025-09-23 15:00:00+02:00,0.008,0.0019028944,2.964,0.7050223752,-2.956,0.42794287799999997,0.287812778,0.0115,1.2685
2025-09-23 16:00:00+02:00,0.02,0.00502876,2.066,0.519470908,-2.046,0.44437008,0.30423997999999997,1.53625,2.2897499999999997
2025-09-23 17:00:00+02:00,0.012,0.0032661288,2.696,0.7337902704,-2.684,0.469464754,0.329334654,1.05175,2.1085000000000003
2025-09-23 18:00:00+02:00,0.059,0.0184807293,1.629,0.5102560683,-1.57,0.519141667,0.37901156699999994,0.33675,0.603
2025-09-23 19:00:00+02:00,0.208,0.0701507664,0.174,0.0586838142,0.034,0.548218693,0.408088593,0.33825,0.1055
2025-09-23 20:00:00+02:00,0.294,0.0851783856,0.0,0.0,0.294,0.490694204,0.350564104,0.40525,0.0005
2025-09-23 21:00:00+02:00,0.233,0.0617454893,0.0,0.0,0.233,0.460782641,0.320652541,0.3585,0.0
2025-09-23 22:00:00+02:00,0.313,0.0778782499,0.0,0.0,0.313,0.4411929829999999,0.30106288299999995,0.3015,0.0
2025-09-23 23:00:00+02:00,0.288,0.0713617344,0.0,0.0,0.288,0.43994849799999997,0.299818398,0.22575,0.0
2025-09-24 00:00:00+02:00,0.15,0.03704778,0.0,0.0,0.15,0.438982192,0.29885209199999996,0.45425,0.0
2025-09-24 01:00:00+02:00,0.14,0.034279784,0.0,0.0,0.14,0.436405376,0.296275276,0.3195,0.0
2025-09-24 02:00:00+02:00,0.157,0.0384005358,0.0,0.0,0.157,0.436083274,0.295953174,0.49625,0.0
2025-09-24 03:00:00+02:00,0.164,0.0401126616,0.0,0.0,0.164,0.436083274,0.295953174,0.356,0.0
2025-09-24 04:00:00+02:00,0.157,0.0379408084,0.0,0.0,0.157,0.43254015199999996,0.292410052,0.28525,0.0
2025-09-24 05:00:00+02:00,0.161,0.0383834143,0.0,0.0,0.161,0.428601723,0.28847162299999995,0.26375,0.0
2025-09-24 06:00:00+02:00,0.705,0.184071129,0.0,0.0,0.705,0.456053598,0.31592349799999997,0.21875,0.0
2025-09-24 07:00:00+02:00,0.976,0.2730025232,0.005,0.0013985785,0.971,0.478586097,0.338455997,0.20049999999999998,0.0065
2025-09-24 08:00:00+02:00,0.027,0.0079221483,0.497,0.1458262113,-0.47,0.4951597089999999,0.35502960899999997,0.28374999999999995,0.164
2025-09-24 09:00:00+02:00,0.009,0.0024261831,1.102,0.2970726418,-1.0930000000000002,0.46631693899999993,0.32618683899999995,0.10025,0.43775000000000003
2025-09-24 10:00:00+02:00,0.002,0.0004799102,1.633,0.3918466783,-1.631,0.430475771,0.29034567099999997,0.13225,0.62525
2025-09-24 11:00:00+02:00,0.0,0.0,2.893,0.6478080818,-2.893,0.411076446,0.270946346,0.027000000000000003,1.0470000000000002
2025-09-24 12:00:00+02:00,0.0,0.0,4.003,0.6765582384,-4.003,0.344635588,0.20450548799999999,0.7717499999999999,1.5939999999999999
2025-09-24 13:00:00+02:00,1.422,0.2099844648,3.145,0.464417118,-1.723,0.31880886399999997,0.178678764,0.6577500000000001,2.1097499999999996
2025-09-24 14:00:00+02:00,3.083,0.4552243729,2.233,0.3297165179,0.8500000000000001,0.318794223,0.17866412299999998,0.478,1.9552499999999997
2025-09-24 15:00:00+02:00,0.0,0.0,4.264,0.6909006104,-4.264,0.336187731,0.196057631,0.02125,1.81325
2025-09-24 16:00:00+02:00,4.784,1.0423604048,0.884,0.1926100748,3.9,0.403770587,0.263640487,1.3097500000000002,0.7264999999999999
2025-09-24 17:00:00+02:00,0.05,0.01253681,1.707,0.4280066934,-1.657,0.44352090200000005,0.303390802,0.35275,1.1644999999999999
2025-09-24 18:00:00+02:00,0.03,0.008423052,0.88,0.247076192,-0.85,0.47985986399999997,0.33972976399999993,0.28624999999999995,0.41925
2025-09-24 19:00:00+02:00,0.331,0.0945724263,0.0,0.0,0.331,0.485848033,0.345717933,0.266,0.087
2025-09-24 20:00:00+02:00,0.247,0.0714149865,0.0,0.0,0.247,0.489976795,0.349846695,0.47625,0.01175
2025-09-24 21:00:00+02:00,0.195,0.050460267,0.0,0.0,0.195,0.45324252600000003,0.313112426,0.44999999999999996,0.0
2025-09-24 22:00:00+02:00,0.28,0.070365372,0.0,0.0,0.28,0.44420902900000003,0.304078929,0.5437500000000001,0.0
2025-09-24 23:00:00+02:00,0.63,0.146216763,0.0,0.0,0.63,0.420959121,0.28082902099999996,0.5585,0.0
2025-09-25 00:00:00+02:00,1.153,0.2718271292,0.0,0.0,1.153,0.425395344,0.285265244,0.44699999999999995,0.0
2025-09-25 01:00:00+02:00,0.928,0.2132573696,0.0,0.0,0.928,0.418191972,0.278061872,0.35025,0.0
2025-09-25 02:00:00+02:00,0.138,0.032135301,0.0,0.0,0.138,0.421896145,0.281766045,0.308,0.0
2025-09-25 03:00:00+02:00,0.153,0.0361429299,0.0,0.0,0.153,0.425966343,0.285836243,2.0997500000000002,0.0
2025-09-25 04:00:00+02:00,0.729,0.173595312,0.0,0.0,0.729,0.42826497999999996,0.28813488,0.20625,0.0
2025-09-25 05:00:00+02:00,3.222,0.7704452844,0.0,0.0,3.222,0.429465542,0.289335442,3.09525,0.0
2025-09-25 06:00:00+02:00,0.38,0.101151402,0.0,0.0,0.38,0.462217459,0.32208735899999996,0.55625,0.0
2025-09-25 07:00:00+02:00,0.237,0.0669005733,0.0,0.0,0.237,0.48168998900000004,0.341559889,0.177,0.01325
2025-09-25 08:00:00+02:00,0.04,0.011950928,0.338,0.1009853416,-0.29800000000000004,0.501645672,0.361515572,0.06975,0.226
2025-09-25 09:00:00+02:00,0.648,0.1772491248,0.676,0.1849080376,-0.028000000000000025,0.47110454599999996,0.33097444600000003,0.34825,0.5852499999999999
2025-09-25 10:00:00+02:00,0.02,0.004807814,1.404,0.3375085428,-1.384,0.431002847,0.290872747,0.35625,0.87575
2025-09-25 11:00:00+02:00,0.0,0.0,3.104,0.4959211136,-3.104,0.333449864,0.193319764,0.429,1.45075
2025-09-25 12:00:00+02:00,0.0,0.0,3.06,0.444312,-3.06,0.31582209999999994,0.175692,0.346,1.88625
2025-09-25 13:00:00+02:00,0.374,0.0597533816,3.258,0.5205254472,-2.884,0.333449864,0.193319764,0.02625,2.1095
2025-09-25 14:00:00+02:00,0.003,0.0004989798,4.017,0.6681339522,-4.014,0.34138528599999995,0.20125518599999997,0.245,1.1132499999999999
2025-09-25 15:00:00+02:00,0.008,0.00157784,2.511,0.49524453,-2.503,0.37877839999999996,0.23864829999999998,0.22224999999999998,0.906
2025-09-25 16:00:00+02:00,0.01,0.002300331,1.361,0.3130750491,-1.351,0.41847015099999996,0.278340051,0.5975,1.2367499999999998
2025-09-25 17:00:00+02:00,0.021,0.0052565667,1.135,0.2841049145,-1.114,0.443008467,0.302878367,0.8325,0.49075
2025-09-25 18:00:00+02:00,0.244,0.0697032116,0.027,0.0077130603,0.217,0.485789469,0.345659369,0.15949999999999998,0.81875
2025-09-25 19:00:00+02:00,0.881,0.2590084497,0.0,0.0,0.881,0.49586247699999997,0.35573237700000004,0.6615000000000001,0.28275
2025-09-25 20:00:00+02:00,1.397,0.4163719384,0.0,0.0,1.397,0.5007672120000001,0.360637112,0.722,0.00025
2025-09-25 21:00:00+02:00,0.594,0.1647064584,0.0,0.0,0.594,0.475643256,0.33551315600000003,0.6539999999999999,0.0
2025-09-25 22:00:00+02:00,0.152,0.040379636,0.0,0.0,0.152,0.461573255,0.321443155,0.4485,0.0
2025-09-25 23:00:00+02:00,0.153,0.0376054569,0.0,0.0,0.153,0.437532733,0.29740263299999997,1.9305,0.0
2025-09-26 00:00:00+02:00,0.144,0.0349386048,0.0,0.0,0.144,0.43371143199999995,0.293581332,2.4325,0.0
2025-09-26 01:00:00+02:00,0.138,0.0328316076,0.0,0.0,0.138,0.42800144199999995,0.287871342,1.12125,0.0
2025-09-26 02:00:00+02:00,0.141,0.0333064842,0.0,0.0,0.141,0.42595170199999993,0.28582160199999995,2.37025,0.0
2025-09-26 03:00:00+02:00,0.143,0.0337789166,0.0,0.0,0.143,0.42595170199999993,0.28582160199999995,2.5155,0.0
2025-09-26 04:00:00+02:00,0.158,0.0375076042,0.0,0.0,0.158,0.427371879,0.287241779,0.36175,0.0
2025-09-26 05:00:00+02:00,0.438,0.1073527488,0.0,0.0,0.438,0.436698196,0.296568096,0.9674999999999999,0.0
2025-09-26 06:00:00+02:00,0.16,0.04337608,0.0,0.0,0.16,0.46816170500000004,0.328031605,0.23900000000000002,0.0
2025-09-26 07:00:00+02:00,1.507,0.4360646158,0.0,0.0,1.507,0.490254974,0.350124874,0.2975,0.02325
2025-09-26 08:00:00+02:00,1.532,0.455273632,0.002,0.000594352,1.53,0.49971305999999993,0.35958296,0.1485,0.5425
2025-09-26 09:00:00+02:00,0.055,0.0155387595,0.05,0.014126145,0.0049999999999999975,0.48198280899999996,0.34185270900000003,0.1375,1.169
2025-09-26 10:00:00+02:00,0.01,0.002564474,1.526,0.3913387324,-1.516,0.45043145399999995,0.310301354,0.1355,1.20625
2025-09-26 11:00:00+02:00,0.008,0.0020068576,1.456,0.3652480832,-1.448,0.4436673119999999,0.303537212,0.00475,2.2359999999999998
2025-09-26 12:00:00+02:00,0.381,0.0927967029,0.534,0.1300615206,-0.15300000000000002,0.434838789,0.29470868899999997,0.11125,2.6285000000000003
2025-09-26 13:00:00+02:00,0.133,0.0314827359,0.624,0.1477084752,-0.491,0.4265519829999999,0.286421883,0.138,2.507
2025-09-26 14:00:00+02:00,0.006,0.001428405,0.902,0.214736885,-0.896,0.42819177499999994,0.28806167499999996,0.0655,3.4237499999999996
2025-09-26 15:00:00+02:00,0.002,0.0004989314,2.633,0.6568431881,-2.6310000000000002,0.44198359699999995,0.301853497,0.07150000000000001,2.13475
2025-09-26 16:00:00+02:00,0.008,0.0020897184,1.068,0.2789774064,-1.06,0.45620000800000005,0.316069908,0.16424999999999998,2.097
2025-09-26 17:00:00+02:00,0.01,0.002730486,0.478,0.1305172308,-0.46799999999999997,0.4705189059999999,0.330388806,0.02525,1.8824999999999998
2025-09-26 18:00:00+02:00,0.077,0.022603042,0.352,0.103328192,-0.27499999999999997,0.4953207599999999,0.35519065999999994,0.24925,0.92525
2025-09-26 19:00:00+02:00,1.169,0.3604544867,0.0,0.0,1.169,0.513226703,0.373096603,0.23149999999999998,0.3095
2025-09-26 20:00:00+02:00,0.145,0.0423974925,0.0,0.0,0.145,0.493929865,0.353799765,0.5475,0.0
2025-09-26 21:00:00+02:00,0.194,0.053579405,0.0,0.0,0.194,0.47431092499999994,0.334180825,0.5775,0.0
2025-09-26 22:00:00+02:00,0.276,0.0731172024,0.0,0.0,0.276,0.46068015400000006,0.32055005400000003,0.526,0.0
2025-09-26 23:00:00+02:00,0.288,0.0738568512,0.0,0.0,0.288,0.45043145399999995,0.310301354,0.34425,0.0
2025-09-27 00:00:00+02:00,0.261,0.0653221404,0.0,0.0,0.261,0.442964544,0.302834444,0.3885,0.0
2025-09-27 01:00:00+02:00,0.175,0.043472275,0.0,0.0,0.175,0.44070982999999997,0.30057973,0.45,0.0
2025-09-27 02:00:00+02:00,0.588,0.1437474192,0.0,0.0,0.588,0.435936864,0.295806764,0.19525,0.0
2025-09-27 03:00:00+02:00,0.329,0.0804301036,0.0,0.0,0.329,0.435936864,0.295806764,0.20625000000000002,0.0
2025-09-27 04:00:00+02:00,0.155,0.0375381325,0.0,0.0,0.155,0.433169715,0.293039615,0.20925,0.0
2025-09-27 05:00:00+02:00,0.157,0.0386892902,0.0,0.0,0.157,0.43830870599999994,0.298178606,0.201,0.0
2025-09-27 06:00:00+02:00,0.153,0.0388865565,0.0,0.0,0.153,0.447664305,0.307534205,0.21600000000000003,0.0
2025-09-27 07:00:00+02:00,0.14,0.037781282,0.0,0.0,0.14,0.46666832299999994,0.326538223,0.13575,0.03025
2025-09-27 08:00:00+02:00,0.046,0.0127227628,0.084,0.0232328712,-0.038000000000000006,0.47479407799999995,0.334663978,0.05425,0.25775000000000003
2025-09-27 09:00:00+02:00,0.184,0.0481971072,0.049,0.0128350992,0.135,0.4570784679999999,0.316948368,0.079,0.73375
2025-09-27 10:00:00+02:00,0.029,0.0073369681,0.22,0.055659758,-0.191,0.446258769,0.306128669,0.09125,1.00125
2025-09-27 11:00:00+02:00,0.01,0.002271291,0.513,0.1165172283,-0.503,0.41495631099999997,0.274826211,0.0485,1.719
2025-09-27 12:00:00+02:00,0.176,0.0371892048,0.173,0.0365552979,0.0030000000000000027,0.395805883,0.255675783,0.03425,1.9615
2025-09-27 13:00:00+02:00,0.484,0.0904462416,1.577,0.2946977748,-1.093,0.366245704,0.226115604,0.691,1.64575
2025-09-27 14:00:00+02:00,0.065,0.012922195,0.9,0.1789227,-0.835,0.38068173000000005,0.24055163,1.8960000000000001,0.9472499999999999
2025-09-27 15:00:00+02:00,0.008,0.0018308752,0.764,0.1748485816,-0.756,0.417049974,0.27691987399999995,1.99,1.9292500000000001
2025-09-27 16:00:00+02:00,0.007,0.0017051804,0.932,0.2270325904,-0.925,0.43488271200000006,0.294752612,0.087,1.7047500000000002
2025-09-27 17:00:00+02:00,0.022,0.0059852408,0.462,0.1256900568,-0.44,0.46931834399999994,0.32918824399999996,0.27925,0.88725
2025-09-27 18:00:00+02:00,0.149,0.0454402916,0.0,0.0,0.149,0.5091418639999999,0.36901176399999996,0.36,0.59425
2025-09-27 19:00:00+02:00,2.773,0.8990942268,0.0,0.0,2.773,0.532450336,0.392320236,0.1985,0.21175000000000002
2025-09-27 20:00:00+02:00,0.311,0.0907622089,0.0,0.0,0.311,0.493256379,0.353126279,0.25825,0.0
2025-09-27 21:00:00+02:00,0.386,0.1082551668,0.0,0.0,0.386,0.47947919799999994,0.33934909799999996,0.3355,0.0
2025-09-27 22:00:00+02:00,0.346,0.0949018488,0.0,0.0,0.346,0.472012288,0.33188218799999997,0.383,0.0
2025-09-27 23:00:00+02:00,0.202,0.0534204352,0.0,0.0,0.202,0.46012379600000003,0.319993696,0.504,0.0
2025-09-28 00:00:00+02:00,0.151,0.0390469541,0.0,0.0,0.151,0.453022911,0.312892811,0.32025000000000003,0.0
2025-09-28 01:00:00+02:00,0.161,0.0411691973,0.0,0.0,0.161,0.449538353,0.30940825299999997,0.34025,0.0
2025-09-28 02:00:00+02:00,0.15,0.03841629,0.0,0.0,0.15,0.45002150599999996,0.30989140600000004,0.41850000000000004,0.0
2025-09-28 03:00:00+02:00,0.6,0.15500826,0.0,0.0,0.6,0.452730091,0.31259999099999997,0.1455,0.0
2025-09-28 04:00:00+02:00,2.412,0.6205940928,0.0,0.0,2.412,0.45145632399999996,0.311326224,0.15025,0.0
2025-09-28 05:00:00+02:00,0.602,0.1561149744,0.0,0.0,0.602,0.4539160119999999,0.31378591199999994,0.14400000000000002,0.0
2025-09-28 06:00:00+02:00,0.498,0.134345211,0.0,0.0,0.498,0.4665511949999999,0.326421095,0.14525000000000002,0.0
2025-09-28 07:00:00+02:00,0.432,0.1157929344,0.0,0.0,0.432,0.464457532,0.32432743199999997,0.09525,0.01975
2025-09-28 08:00:00+02:00,0.072,0.0188153064,0.204,0.0533100348,-0.132,0.456331777,0.31620167699999996,0.11425,0.31399999999999995
2025-09-28 09:00:00+02:00,0.066,0.0169255284,0.759,0.1946435766,-0.6930000000000001,0.45043145399999995,0.310301354,0.1465,0.92875
2025-09-28 10:00:00+02:00,0.014,0.0033229504,1.714,0.4068240704,-1.7,0.427327956,0.287197856,0.5982500000000001,1.27725
2025-09-28 11:00:00+02:00,0.25,0.047852475,2.661,0.5093417439,-2.411,0.371736079,0.231605979,0.04175,1.7574999999999998
2025-09-28 12:00:00+02:00,1.45,0.244138675,2.982,0.502083813,-1.5320000000000003,0.34385961499999995,0.203729515,0.0695,2.2984999999999998
2025-09-28 13:00:00+02:00,0.004,0.0006319588,3.112,0.4916639464,-3.108,0.331297637,0.191167537,0.06975,2.44
2025-09-28 14:00:00+02:00,0.021,0.0034313664,3.295,0.538397728,-3.274,0.337842164,0.197712064,1.024,2.2395
2025-09-28 15:00:00+02:00,2.881,0.6138166408,2.247,0.4787386296,0.6339999999999999,0.397928828,0.257798728,0.60325,2.7539999999999996
2025-09-28 16:00:00+02:00,3.204,0.7665288048,1.676,0.4009682512,1.5280000000000002,0.429611952,0.289481852,1.5524999999999998,1.57625
2025-09-28 17:00:00+02:00,0.2,0.0524414,1.702,0.446276314,-1.502,0.45740057000000006,0.31727047,1.5462500000000001,0.8662500000000001
2025-09-28 18:00:00+02:00,0.576,0.1743166656,0.14,0.042368634,0.43599999999999994,0.5063161509999999,0.36618605099999996,0.5802499999999999,0.7525000000000001
2025-09-28 19:00:00+02:00,1.375,0.4343053,0.0,0.0,1.375,0.5223187639999999,0.38218866399999996,0.83975,0.15675
2025-09-28 20:00:00+02:00,0.33,0.099014421,0.0,0.0,0.33,0.503182977,0.363052877,0.95175,0.0
2025-09-28 21:00:00+02:00,0.88,0.25081364,0.0,0.0,0.88,0.4849988549999999,0.34486875499999997,0.864,0.0
2025-09-28 22:00:00+02:00,0.308,0.0820678628,0.0,0.0,0.308,0.462539561,0.322409461,0.41800000000000004,0.0
2025-09-28 23:00:00+02:00,0.256,0.0656164608,0.0,0.0,0.256,0.45027040299999993,0.310140303,0.2975,0.0
2025-09-29 00:00:00+02:00,0.171,0.0428241627,0.0,0.0,0.171,0.44315487699999995,0.30302477699999997,0.28525,0.0
2025-09-29 01:00:00+02:00,1.556,0.3847796612,0.0,0.0,1.556,0.43934821699999993,0.299218117,0.26449999999999996,0.0
2025-09-29 02:00:00+02:00,0.642,0.15769446,0.0,0.0,0.642,0.43734239999999996,0.2972123,0.368,0.0
2025-09-29 03:00:00+02:00,0.305,0.0748027445,0.0,0.0,0.305,0.436888529,0.296758429,0.2975,0.0
2025-09-29 04:00:00+02:00,0.159,0.0394053198,0.0,0.0,0.159,0.440007062,0.29987696199999997,0.25825,0.0
2025-09-29 05:00:00+02:00,0.149,0.0385892716,0.0,0.0,0.149,0.45350606399999993,0.313375964,0.26025,0.0
2025-09-29 06:00:00+02:00,0.157,0.0455795021,0.0,0.0,0.157,0.491411613,0.351281513,0.20625000000000002,0.0
2025-09-29 07:00:00+02:00,0.245,0.0935447975,0.0,0.0,0.245,0.602126855,0.461996755,0.223,0.0015
2025-09-29 08:00:00+02:00,0.052,0.0177730124,0.273,0.0933083151,-0.22100000000000003,0.553694427,0.413564327,0.07825,0.22575
2025-09-29 09:00:00+02:00,0.583,0.1715041416,0.902,0.2653460304,-0.31900000000000006,0.49608209200000003,0.355951992,0.01975,0.8
2025-09-29 10:00:00+02:00,0.008,0.0020155696,1.415,0.356503873,-1.407,0.44498500199999996,0.304854902,0.088,1.094
2025-09-29 11:00:00+02:00,0.006,0.0014583888,1.919,0.4664413512,-1.913,0.43423850799999997,0.294108408,0.09175,1.22275
2025-09-29 12:00:00+02:00,0.017,0.004017321,2.529,0.597635577,-2.512,0.42606882999999995,0.28593873,1.0374999999999999,1.46075
2025-09-29 13:00:00+02:00,0.585,0.1364664015,1.948,0.4544214532,-1.363,0.422393939,0.282263839,1.2240000000000002,2.8362499999999997
2025-09-29 14:00:00+02:00,0.175,0.0416321675,1.185,0.2819092485,-1.01,0.427986801,0.287856701,0.41075,3.35025
2025-09-29 15:00:00+02:00,0.003,0.0007306101,2.521,0.6139560207,-2.518,0.434809507,0.294679407,1.164,3.1235
2025-09-29 16:00:00+02:00,0.004,0.0010165936,1.179,0.2996409636,-1.175,0.447649664,0.30751956399999997,1.9234999999999998,2.1765
2025-09-29 17:00:00+02:00,0.025,0.00747296,2.201,0.6579193984,-2.176,0.501821364,0.36169126399999996,0.33575,1.5705
2025-09-29 18:00:00+02:00,1.167,0.5437034328,0.84,0.391354656,0.32700000000000007,0.703867164,0.563737064,0.213,0.6675
2025-09-29 19:00:00+02:00,0.216,0.1243263384,0.0,0.0,0.216,0.8365878289999998,0.6964577289999999,0.23225000000000004,0.187
2025-09-29 20:00:00+02:00,0.282,0.0976844616,0.0,0.0,0.282,0.559272648,0.419142548,0.421,0.0
2025-09-29 21:00:00+02:00,0.367,0.1064213755,0.0,0.0,0.367,0.49100166500000003,0.350871565,0.36974999999999997,0.0
2025-09-29 22:00:00+02:00,0.23,0.062851272,0.0,0.0,0.23,0.47078244399999997,0.33065234400000004,0.3545,0.0
2025-09-29 23:00:00+02:00,0.175,0.045479665,0.0,0.0,0.175,0.4545894979999999,0.314459398,1.4554999999999998,0.0
2025-09-30 00:00:00+02:00,0.194,0.0510348234,0.0,0.0,0.194,0.45844008100000005,0.318309981,0.7532500000000001,0.0
2025-09-30 01:00:00+02:00,0.261,0.067393854,0.0,0.0,0.261,0.45256904000000003,0.31243894,0.24025000000000002,0.0
2025-09-30 02:00:00+02:00,3.469,0.9008233289,0.0,0.0,3.469,0.45434060099999996,0.31421050100000003,0.33325,0.0
2025-09-30 03:00:00+02:00,0.245,0.062023269,0.0,0.0,0.245,0.446449102,0.306319002,1.04975,0.0
2025-09-30 04:00:00+02:00,0.142,0.036262611,0.0,0.0,0.142,0.449128405,0.308998305,1.43525,0.0
2025-09-30 05:00:00+02:00,0.132,0.0349211808,0.0,0.0,0.132,0.46024092400000005,0.320110824,1.0065,0.0
2025-09-30 06:00:00+02:00,0.14,0.042251748,0.0,0.0,0.14,0.505305922,0.365175822,0.2125,0.0
2025-09-30 07:00:00+02:00,0.184,0.075274584,0.001,0.000409101,0.183,0.63514231,0.49501220999999995,0.149,0.00575
2025-09-30 08:00:00+02:00,0.027,0.0102763485,0.079,0.0300678345,-0.052000000000000005,0.600662755,0.46053265499999996,0.17700000000000002,0.22399999999999998
2025-09-30 09:00:00+02:00,0.153,0.0477376218,0.246,0.0767546076,-0.093,0.517662926,0.37753282600000004,0.133,0.6385
2025-09-30 10:00:00+02:00,0.223,0.0619205884,0.599,0.1663248092,-0.376,0.47611176799999994,0.335981668,0.06175,0.8644999999999999
2025-09-30 11:00:00+02:00,0.039,0.0098914959,2.63,0.667041903,-2.5909999999999997,0.447020101,0.306890001,1.93025,0.9304999999999999
2025-09-30 12:00:00+02:00,0.004,0.0009740984,3.507,0.8540407722,-3.503,0.434794866,0.294664766,3.4400000000000004,1.10875
2025-09-30 13:00:00+02:00,0.003,0.0007229871,3.242,0.7813080594,-3.239,0.431734897,0.291604797,1.26275,1.30625
2025-09-30 14:00:00+02:00,0.0,0.0,4.309,1.0333408591,-4.309,0.43030007899999995,0.29016997899999997,0.019750000000000004,1.48425
2025-09-30 15:00:00+02:00,0.0,0.0,4.248,1.0693422432,-4.248,0.44472146400000007,0.30459136400000003,0.01175,1.56125
2025-09-30 16:00:00+02:00,0.025,0.00648681,1.015,0.263364486,-0.9899999999999999,0.454091704,0.313961604,1.5404999999999998,2.1265
2025-09-30 17:00:00+02:00,1.692,0.5037635592,0.014,0.0041682564,1.678,0.500386546,0.360256446,1.00375,2.2527500000000003
2025-09-30 18:00:00+02:00,1.325,0.60442525,0.0,0.0,1.325,0.6920958,0.5519657,0.34925,0.8395
2025-09-30 19:00:00+02:00,0.872,0.4579642848,0.0,0.0,0.872,0.7756080639999999,0.635477964,0.3795,0.13624999999999998
2025-09-30 20:00:00+02:00,0.383,0.121233288,0.0,0.0,0.383,0.52313866,0.38300855999999994,0.4305,0.0
2025-09-30 21:00:00+02:00,0.392,0.1100612128,0.0,0.0,0.392,0.47985986399999997,0.33972976399999993,0.3385,0.0
2025-09-30 22:00:00+02:00,1.847,0.4917607948,0.0,0.0,1.847,0.462290664,0.322160564,0.33025,0.0
2025-09-30 23:00:00+02:00,1.619,0.4153842396,0.0,0.0,1.619,0.450577864,0.31044776399999996,0.25975,0.0
2025-10-01 00:00:00+02:00,0.145,0.037170398375,0.0,0.0,0.145,0.45031066575,0.31018056574999997,0.20375,0.0
2025-10-01 01:00:00+02:00,0.139,0.0348102843,0.0,0.0,0.139,0.44315487699999995,0.30302477699999997,0.25625,0.0
2025-10-01 02:00:00+02:00,0.138,0.03362184045,0.0,0.0,0.138,0.43493029524999993,0.29480019525,0.49775,0.0
2025-10-01 03:00:00+02:00,0.149,0.036341506025,0.0,0.0,0.149,0.4352523972499999,0.29512229725,0.35874999999999996,0.0
2025-10-01 04:00:00+02:00,0.154,0.0378661514,0.0,0.0,0.154,0.43764986100000003,0.297519761,0.26649999999999996,0.0
2025-10-01 05:00:00+02:00,0.156,0.0391474083,0.0,0.0,0.156,0.44377345924999995,0.30364335924999997,0.25875,0.0
2025-10-01 06:00:00+02:00,0.189,0.054391057875,0.0,0.0,0.189,0.48834798375000005,0.34821788375,0.3565,0.0
2025-10-01 07:00:00+02:00,0.273,0.09461146695,0.0,0.0,0.273,0.5594703015,0.4193402015,0.41775,0.00775
2025-10-01 08:00:00+02:00,0.022,0.00693337865,0.365,0.115031054875,-0.34299999999999997,0.5214659257500001,0.38133582575,0.28374999999999995,0.16475
2025-10-01 09:00:00+02:00,0.007,0.00191765035,1.122,0.3073719561,-1.1150000000000002,0.4716096605,0.3314795605,0.10025,0.4265
2025-10-01 10:00:00+02:00,0.004,0.0009947047,1.657,0.412056421975,-1.653,0.44102827175000003,0.30089817175,0.132,0.62725
2025-10-01 11:00:00+02:00,0.0,0.0,2.868,0.6537226707,-2.868,0.41593359775,0.27580349775,0.026500000000000003,1.38375
2025-10-01 12:00:00+02:00,0.0,0.0,3.778,0.82576265475,-3.778,0.40460146374999995,0.26447136375,0.7687499999999999,1.90075
2025-10-01 13:00:00+02:00,0.034,0.0074590934,2.632,0.5774215832,-2.5980000000000003,0.40558607099999994,0.265455971,0.956,2.4084999999999996
2025-10-01 14:00:00+02:00,0.023,0.005144584225,3.013,0.673940533475,-2.9899999999999998,0.41077996575,0.27064986575,0.77925,2.16925
2025-10-01 15:00:00+02:00,0.0,0.0,3.934,0.9264660482,-3.934,0.425087883,0.28495778299999996,0.0165,2.0945
2025-10-01 16:00:00+02:00,0.0,0.0,3.793,0.9502162912,-3.793,0.443257364,0.30312726399999995,1.38575,0.754
2025-10-01 17:00:00+02:00,4.916,1.4879227704,1.098,0.3323310012,3.8180000000000005,0.5063600739999999,0.36622997399999996,0.36525,0.94675
2025-10-01 18:00:00+02:00,8.975,4.0416731575,0.001,0.0004503257,8.974,0.6850241970000001,0.544894097,0.29100000000000004,0.33625000000000005
2025-10-01 19:00:00+02:00,0.312,0.1744265094,0.0,0.0,0.312,0.81659188325,0.67646178325,0.22649999999999998,0.07675
2025-10-01 20:00:00+02:00,0.484,0.1593175056,0.0,0.0,0.484,0.538423864,0.398293764,0.32875,0.01175
2025-10-01 21:00:00+02:00,4.232,1.1716719432,0.0,0.0,4.232,0.47513082100000004,0.335000721,0.3595,0.0
2025-10-01 22:00:00+02:00,0.304,0.080644322,0.0,0.0,0.304,0.46111572375,0.32098562374999995,0.49725,0.0
2025-10-01 23:00:00+02:00,0.247,0.06303616605,0.0,0.0,0.247,0.4489307515,0.30880065149999997,0.6245,0.0
2025-10-02 00:00:00+02:00,0.237,0.060079031925,0.0,0.0,0.237,0.44686271025,0.30673261025000004,0.6459999999999999,0.0
2025-10-02 01:00:00+02:00,0.24,0.060072144,0.0,0.0,0.24,0.4429938259999999,0.30286372599999994,0.49450000000000005,0.0
2025-10-02 02:00:00+02:00,0.25,0.06152471875,0.0,0.0,0.25,0.43790973875,0.29777963874999996,0.253,0.0
2025-10-02 03:00:00+02:00,0.25,0.06099080625,0.0,0.0,0.25,0.43532560224999994,0.29519550225,1.57675,0.0
2025-10-02 04:00:00+02:00,0.258,0.0639890955,0.0,0.0,0.258,0.4402339975,0.3001038975,0.2975,0.0
2025-10-02 05:00:00+02:00,0.256,0.0661089792,0.0,0.0,0.256,0.45259832199999994,0.31246822199999996,3.8112500000000002,0.0
2025-10-02 06:00:00+02:00,0.263,0.07599173285,0.0,0.0,0.263,0.48974985949999994,0.3496197595,0.40525,0.0
2025-10-02 07:00:00+02:00,0.446,0.1466364152,0.0,0.0,0.446,0.5379553519999999,0.39782525199999996,0.16799999999999998,0.01325
2025-10-02 08:00:00+02:00,0.166,0.05106915715,0.019,0.005845264975,0.14700000000000002,0.5123811852499999,0.37225108524999995,0.06275,0.28425
2025-10-02 09:00:00+02:00,0.019,0.005094584,0.435,0.11663916,-0.416,0.46457466,0.32444456,0.49775,0.68125
2025-10-02 10:00:00+02:00,0.01,0.0025444485,0.602,0.1531757997,-0.592,0.44800836850000003,0.3078782685,0.20525000000000002,1.09225
2025-10-02 11:00:00+02:00,0.026,0.00633329125,1.001,0.243831713125,-0.9749999999999999,0.43487173125,0.29474163124999997,0.4275,1.7759999999999998
2025-10-02 12:00:00+02:00,0.172,0.0388939859,0.586,0.13251090545,-0.414,0.41374476825,0.27361466824999997,0.34475,2.1805
2025-10-02 13:00:00+02:00,0.265,0.05712219425,1.682,0.3625642669,-1.4169999999999998,0.40095219449999997,0.2608220945,0.11925,2.51725
2025-10-02 14:00:00+02:00,0.004,0.000896731,3.238,0.7259037445,-3.234,0.41139122749999996,0.2712611275,0.034749999999999996,1.9954999999999998
2025-10-02 15:00:00+02:00,0.002,0.0004683668,2.102,0.4922535068,-2.1,0.42349201399999997,0.283361914,0.19749999999999998,1.3595000000000002
2025-10-02 16:00:00+02:00,0.003,0.000743578275,1.691,0.419130287675,-1.6880000000000002,0.44004000424999995,0.29990990424999997,0.6,0.91925
2025-10-02 17:00:00+02:00,1.274,0.3528045521,0.737,0.20409494105,0.537,0.4752113465,0.3350812465,0.62925,0.49775
2025-10-02 18:00:00+02:00,0.037,0.012425130025,0.076,0.0255218887,-0.039,0.5464654332500001,0.40633533325000004,0.20025,0.5975
2025-10-02 19:00:00+02:00,0.29,0.1005100415,0.0,0.0,0.29,0.5594995835,0.4193694835,0.875,0.0485
2025-10-02 20:00:00+02:00,0.386,0.1060529789,0.0,0.0,0.386,0.4725759665,0.33244586649999996,0.9762500000000001,0.0
2025-10-02 21:00:00+02:00,0.282,0.07053273315,0.0,0.0,0.282,0.44277055074999994,0.30264045074999996,0.5379999999999999,0.0
2025-10-02 22:00:00+02:00,1.263,0.32089009425,0.0,0.0,1.263,0.4475544974999999,0.30742439749999995,0.394,0.0
2025-10-02 23:00:00+02:00,0.274,0.06443894325,0.0,0.0,0.274,0.42469623624999997,0.28456613625,1.86075,0.0
2025-10-03 00:00:00+02:00,0.162,0.0387541341,0.0,0.0,0.162,0.42958999049999996,0.2894598905,2.2382500000000003,0.0
2025-10-03 01:00:00+02:00,0.129,0.029762850975,0.0,0.0,0.129,0.41930102774999994,0.27917092774999996,1.08925,0.0
2025-10-03 02:00:00+02:00,0.138,0.03079737375,0.0,0.0,0.138,0.41016504374999996,0.27003494375,2.36675,0.0
2025-10-03 03:00:00+02:00,0.151,0.034319789625,0.0,0.0,0.151,0.41514298375,0.27501288375,2.5100000000000002,0.0
2025-10-03 04:00:00+02:00,1.334,0.30616603985,0.0,0.0,1.334,0.41783692775,0.27770682775,0.25425,0.0
2025-10-03 05:00:00+02:00,0.152,0.0348887044,0.0,0.0,0.152,0.41786254949999996,0.2777324495,0.973,0.0
2025-10-03 06:00:00+02:00,0.17,0.0425583015,0.0,0.0,0.17,0.4430450695,0.3029149695,0.1775,0.0
2025-10-03 07:00:00+02:00,0.218,0.05772495575,0.0,0.0,0.218,0.46053008374999993,0.32039998375,0.603,0.02325
2025-10-03 08:00:00+02:00,0.102,0.02788026945,0.007,0.001913351825,0.09499999999999999,0.47086662975000004,0.33073652975,0.389,0.46525
2025-10-03 09:00:00+02:00,0.041,0.011213472325,0.079,0.021606446675,-0.038,0.47106428325000005,0.33093418325,0.144,0.9027500000000002
2025-10-03 10:00:00+02:00,0.427,0.1146697398,0.006,0.0016112844,0.421,0.4650724539999999,0.324942354,0.13375,1.165
2025-10-03 11:00:00+02:00,6.902,1.7290779968,0.0,0.0,6.902,0.443257364,0.30312726399999995,0.00675,1.8624999999999998
2025-10-03 12:00:00+02:00,1.592,0.3859430278,0.555,0.134546721375,1.037,0.43346619525,0.29333609525,0.11675,2.141
2025-10-03 13:00:00+02:00,0.32,0.074781872,0.39,0.0911404065,-0.07,0.42289905349999996,0.2827689535,0.15925,2.3335
2025-10-03 14:00:00+02:00,0.134,0.02787389275,0.418,0.08694990425,-0.284,0.39182719125,0.25169709125,0.058,2.99225
2025-10-03 15:00:00+02:00,0.016,0.003380982,0.36,0.076072095,-0.344,0.39581686374999997,0.25568676375,0.051000000000000004,2.72375
2025-10-03 16:00:00+02:00,0.032,0.0071678464,0.107,0.0239674864,-0.075,0.41116429200000004,0.271034192,0.02475,2.28125
2025-10-03 17:00:00+02:00,0.335,0.083883129,0.0,0.0,0.335,0.44311095399999995,0.30298085399999997,0.025750000000000002,1.7999999999999998
2025-10-03 18:00:00+02:00,0.642,0.18025525485,0.0,0.0,0.642,0.47986352425000006,0.33973342425,0.07625000000000001,0.99625
2025-10-03 19:00:00+02:00,0.289,0.077574355375,0.0,0.0,0.289,0.46492238374999995,0.32479228375,0.5025000000000001,0.23725
2025-10-03 20:00:00+02:00,0.287,0.066768734725,0.0,0.0,0.287,0.42162894675,0.28149884675,0.5075000000000001,0.0
2025-10-03 21:00:00+02:00,0.265,0.052420663625,0.0,0.0,0.265,0.37948482824999996,0.23935472824999998,0.54525,0.0
2025-10-03 22:00:00+02:00,0.316,0.055528231,0.0,0.0,0.316,0.3527540225,0.21262392249999998,0.516,0.0
2025-10-03 23:00:00+02:00,0.252,0.0401876937,0.0,0.0,0.252,0.33309481975,0.19296471974999999,0.34575,0.0
2025-10-04 00:00:00+02:00,0.159,0.02343598785,0.0,0.0,0.159,0.3184794415,0.1783493415,0.23650000000000002,0.0
2025-10-04 01:00:00+02:00,0.846,0.122071455,0.0,0.0,0.846,0.314724025,0.17459392499999998,0.2045,0.0
2025-10-04 02:00:00+02:00,1.076,0.1537517113,0.0,0.0,1.076,0.31302932925,0.17289922925,0.304,0.0
2025-10-04 03:00:00+02:00,0.154,0.02192616195,0.0,0.0,0.154,0.31240708675,0.17227698675,0.2505,0.0
2025-10-04 04:00:00+02:00,0.151,0.021560236775,0.0,0.0,0.151,0.31289756025000004,0.17276746025,0.20725,0.0
2025-10-04 05:00:00+02:00,0.143,0.020384231725,0.0,0.0,0.143,0.31261206075,0.17248196075,0.20175,0.0
2025-10-04 06:00:00+02:00,0.149,0.021309827275,0.0,0.0,0.149,0.31318305975,0.17305295974999998,0.20450000000000002,0.0
2025-10-04 07:00:00+02:00,0.151,0.0218923122,0.0,0.0,0.151,0.31555856200000004,0.175428462,0.15900000000000003,0.01525
2025-10-04 08:00:00+02:00,0.406,0.05955913425,0.0,0.0,0.406,0.31763392375,0.17750382374999998,0.059000000000000004,0.25175000000000003
2025-10-04 09:00:00+02:00,0.353,0.05297052695,0.001,0.00015005815,0.352,0.3217004615,0.1815703615,0.11975,0.61975
2025-10-04 10:00:00+02:00,10.195,1.51997407925,0.0,0.0,10.195,0.3205291815,0.1803990815,0.054,0.82825
2025-10-04 11:00:00+02:00,6.653,0.982135985325,0.267,0.039415347675,6.385999999999999,0.31875396024999997,0.17862386025,0.0215,1.57575
2025-10-04 12:00:00+02:00,0.406,0.0599189822,1.285,0.1896450545,-0.8789999999999999,0.318706377,0.178576277,0.04975,1.6755
2025-10-04 13:00:00+02:00,0.165,0.024287921625,1.861,0.273938316025,-1.696,0.31824152524999993,0.17811142524999998,0.8085,1.6995
2025-10-04 14:00:00+02:00,0.652,0.093013668,0.885,0.126253215,-0.23299999999999998,0.31274749,0.17261739,1.9100000000000001,0.73375
2025-10-04 15:00:00+02:00,0.045,0.0063940635,1.181,0.1678086443,-1.1360000000000001,0.312059363,0.171929263,1.992,1.0775000000000001
2025-10-04 16:00:00+02:00,0.017,0.002464337425,1.205,0.174678035125,-1.1880000000000002,0.31553294025,0.17540284025,0.08875,1.23525
2025-10-04 17:00:00+02:00,0.021,0.00310002,0.469,0.06923378,-0.44799999999999995,0.3187503,0.1786202,0.23950000000000002,0.90675
2025-10-04 18:00:00+02:00,0.097,0.014465559075,0.003,0.000447388425,0.094,0.32057676475,0.18044666475,0.37725,0.26125
2025-10-04 19:00:00+02:00,0.161,0.024906945525,0.0,0.0,0.161,0.32731894524999994,0.18718884525,0.8525,0.21150000000000002
2025-10-04 20:00:00+02:00,0.16,0.023981232,0.0,0.0,0.16,0.321488167,0.181358067,0.279,0.0
2025-10-04 21:00:00+02:00,0.161,0.0237726643,0.0,0.0,0.161,0.318794223,0.17866412299999998,0.36425,0.0
2025-10-04 22:00:00+02:00,0.165,0.0243632895,0.0,0.0,0.165,0.318794223,0.17866412299999998,0.31975,0.0
2025-10-04 23:00:00+02:00,0.162,0.0238203504,0.0,0.0,0.162,0.318047532,0.17791743200000001,0.227,0.0
2025-10-05 00:00:00+02:00,0.164,0.0240871433,0.0,0.0,0.164,0.31784621825,0.17771611825,0.17725000000000002,0.0
2025-10-05 01:00:00+02:00,0.16,0.023360744,0.0,0.0,0.16,0.31679572650000004,0.1766656265,0.34525,0.0
2025-10-05 02:00:00+02:00,4.88,0.696633542,0.0,0.0,4.88,0.31286095775,0.17273085775,0.41875,0.0
2025-10-05 03:00:00+02:00,0.163,0.02326623695,0.0,0.0,0.163,0.31284265650000004,0.17271255649999998,0.2595,0.0
2025-10-05 04:00:00+02:00,0.381,0.054031524525,0.0,0.0,0.381,0.31172628025,0.17159618025,0.71475,0.0
2025-10-05 05:00:00+02:00,0.595,0.0849469005,0.0,0.0,0.595,0.312879259,0.17274915899999999,0.25625,0.0
2025-10-05 06:00:00+02:00,2.949,0.422101944825,0.0,0.0,2.949,0.31332214924999996,0.17319204924999998,0.23175,0.0
2025-10-05 07:00:00+02:00,0.563,0.0821154642,0.0,0.0,0.563,0.31661271399999996,0.17648261399999998,0.17174999999999996,0.01975
2025-10-05 08:00:00+02:00,0.55,0.08115938875,0.0,0.0,0.55,0.31868075524999995,0.17855065525,0.1125,0.36275
2025-10-05 09:00:00+02:00,0.53,0.07740651325,0.042,0.00613410105,0.48800000000000004,0.31685063025,0.17672053025,0.1575,0.8160000000000001
2025-10-05 10:00:00+02:00,8.014,1.14775406075,0.01,0.00143218625,8.004,0.31342463625,0.17329453625,0.061750000000000006,1.4380000000000002
2025-10-05 11:00:00+02:00,0.057,0.008277951825,0.651,0.094542923475,-0.594,0.31585504225,0.17572494225,0.10275000000000001,1.8072500000000002
2025-10-05 12:00:00+02:00,0.202,0.02897537995,0.715,0.102561369625,-0.5129999999999999,0.31369549475,0.17356539475000002,0.41525,2.41725
2025-10-05 13:00:00+02:00,0.292,0.0419770659,0.494,0.07101599505,-0.202,0.31407616074999994,0.17394606075000002,0.07075000000000001,2.6747500000000004
2025-10-05 14:00:00+02:00,0.032,0.0046148432,0.78,0.112486803,-0.748,0.3146288585,0.1744987585,0.5157499999999999,2.84325
2025-10-05 15:00:00+02:00,0.014,0.0020267016,1.295,0.187469898,-1.281,0.315295024,0.17516492399999997,0.7227499999999999,3.0597499999999997
2025-10-05 16:00:00+02:00,0.012,0.0017620383,0.273,0.040086371325,-0.261,0.3178022952499999,0.17767219525,2.34075,1.9169999999999998
2025-10-05 17:00:00+02:00,0.016,0.0024041248,0.167,0.0250930526,-0.15100000000000002,0.32194203799999993,0.18181193799999998,1.2735,1.29
2025-10-05 18:00:00+02:00,0.16,0.026926372,0.016,0.0026926372,0.14400000000000002,0.34376078824999995,0.20363068825,0.36974999999999997,0.7875000000000001
2025-10-05 19:00:00+02:00,0.611,0.1197977924,0.0,0.0,0.611,0.377372864,0.237242764,0.8755000000000001,0.15675
2025-10-05 20:00:00+02:00,0.335,0.069733373875,0.0,0.0,0.335,0.39200288324999993,0.25187278325,0.8315,0.0
2025-10-05 21:00:00+02:00,0.294,0.0604064307,0.0,0.0,0.294,0.38874160049999995,0.2486115005,0.93875,0.0
2025-10-05 22:00:00+02:00,0.253,0.0495746922,0.0,0.0,0.253,0.37722645399999993,0.23709635399999998,0.35724999999999996,0.0
2025-10-05 23:00:00+02:00,0.204,0.0368828328,0.0,0.0,0.204,0.358895922,0.21876582199999997,0.264,0.0
2025-10-06 00:00:00+02:00,0.17,0.029423328,0.0,0.0,0.17,0.34955496399999997,0.209424864,0.2365,0.0
2025-10-06 01:00:00+02:00,0.169,0.0271930802,0.0,0.0,0.169,0.33482611799999995,0.19469601799999997,0.565,0.0
2025-10-06 02:00:00+02:00,0.613,0.097702529925,0.0,0.0,0.613,0.33298501225,0.19285491224999998,0.4395,0.0
2025-10-06 03:00:00+02:00,0.343,0.055214553625,0.0,0.0,0.343,0.33491030374999997,0.19478020375,0.28400000000000003,0.0
2025-10-06 04:00:00+02:00,0.172,0.028871447,0.0,0.0,0.172,0.3432373725,0.20310727250000002,0.208,0.0
2025-10-06 05:00:00+02:00,0.171,0.029911426875,0.0,0.0,0.171,0.35178405625000003,0.21165395625,0.207,0.0
2025-10-06 06:00:00+02:00,0.171,0.039669302475,0.0,0.0,0.171,0.42083101225,0.28070091225,0.2085,0.0
2025-10-06 07:00:00+02:00,0.211,0.0585247113,0.0,0.0,0.211,0.47574574299999994,0.335615643,0.2635,0.0
2025-10-06 08:00:00+02:00,1.133,0.335168393725,0.0,0.0,1.133,0.49807692825,0.35794682824999996,0.0875,0.27025000000000005
2025-10-06 09:00:00+02:00,0.198,0.05790468915,0.057,0.016669531725,0.14100000000000001,0.49399208925,0.35386198925,0.16425,0.9309999999999999
2025-10-06 10:00:00+02:00,0.028,0.0074299687,0.238,0.06315473395,-0.21,0.46121089024999995,0.32108079024999997,0.01675,1.3302500000000002
2025-10-06 11:00:00+02:00,0.012,0.0030021189,0.226,0.05653990595,-0.214,0.44284375574999996,0.30271365575000003,0.08499999999999999,1.3904999999999998
2025-10-06 12:00:00+02:00,0.677,0.167821309975,0.253,0.062716087775,0.42400000000000004,0.44007660675,0.29994650675,1.04,1.6015
2025-10-06 13:00:00+02:00,0.05,0.01246542,0.771,0.1922167764,-0.721,0.441793264,0.301663164,1.37025,2.48975
2025-10-06 14:00:00+02:00,0.017,0.0042588128,0.291,0.0729008544,-0.27399999999999997,0.443257364,0.30312726399999995,0.4535,2.6845
2025-10-06 15:00:00+02:00,0.013,0.00326657045,0.113,0.02839403545,-0.1,0.4441724265,0.30404232649999996,1.164,2.7159999999999997
2025-10-06 16:00:00+02:00,0.07,0.01843431975,0.005,0.001316737125,0.065,0.45878048425000006,0.31865038425000003,1.9244999999999997,1.49125
2025-10-06 17:00:00+02:00,0.371,0.105340098325,0.0,0.0,0.371,0.48369214574999997,0.34356204575,0.318,1.53075
2025-10-06 18:00:00+02:00,0.288,0.0898320456,0.0,0.0,0.288,0.51754945825,0.37741935825,0.4385,0.65125
2025-10-06 19:00:00+02:00,0.462,0.16023330015,0.0,0.0,0.462,0.55978874325,0.41965864325,0.2745,0.115
2025-10-06 20:00:00+02:00,1.033,0.3200070786,0.0,0.0,1.033,0.5149689820000001,0.374838882,0.40775,0.0
2025-10-06 21:00:00+02:00,1.687,0.491216315975,0.0,0.0,1.687,0.49245478424999994,0.35232468424999996,0.37825,0.0
2025-10-06 22:00:00+02:00,0.6,0.172847895,0.0,0.0,0.6,0.48870668825,0.34857658825,0.355,0.0
2025-10-06 23:00:00+02:00,2.734,0.7481193203,0.0,0.0,2.734,0.47122899449999994,0.3310988945,1.4509999999999998,0.0
2025-10-07 00:00:00+02:00,0.149,0.039678673925,0.0,0.0,0.149,0.46235288825,0.32222278825,0.76175,0.0
2025-10-07 01:00:00+02:00,0.139,0.0361558043,0.0,0.0,0.139,0.45486767699999997,0.314737577,0.26825,0.0
2025-10-07 02:00:00+02:00,0.144,0.0364462164,0.0,0.0,0.144,0.44637955725000006,0.30624945725,1.1629999999999998,0.0
2025-10-07 03:00:00+02:00,0.147,0.037177942725,0.0,0.0,0.147,0.44615262175,0.30602252175,1.072,0.0
2025-10-07 04:00:00+02:00,0.16,0.04087138,0.0,0.0,0.16,0.44921991125000005,0.30908981125,1.435,0.0
2025-10-07 05:00:00+02:00,0.165,0.043286615625,0.0,0.0,0.165,0.45756528124999996,0.31743518125,1.00175,0.0
2025-10-07 06:00:00+02:00,0.162,0.04771567845,0.0,0.0,0.162,0.49652498224999997,0.35639488225,0.20975,0.0
2025-10-07 07:00:00+02:00,0.211,0.08345445625,0.0,0.0,0.211,0.6187077875,0.47857768749999996,0.17525000000000002,0.0015
2025-10-07 08:00:00+02:00,0.185,0.08503501875,0.0,0.0,0.185,0.6963050875,0.5561749874999999,0.175,0.13899999999999998
2025-10-07 09:00:00+02:00,0.118,0.0459808712,0.149,0.0580605916,-0.031,0.6116288639999999,0.471498764,0.16725,0.40049999999999997
2025-10-07 10:00:00+02:00,0.46,0.150649356,0.266,0.0871146276,0.194,0.5364034059999999,0.39627330599999994,0.115,0.73925
2025-10-07 11:00:00+02:00,0.154,0.04455995005,0.926,0.26793840095,-0.772,0.49024399324999995,0.35011389325000003,0.12675,1.4485000000000001
2025-10-07 12:00:00+02:00,0.027,0.0072890037,1.07,0.288860517,-1.0430000000000001,0.46678545099999996,0.326655351,2.314,1.72375
2025-10-07 13:00:00+02:00,0.065,0.017110897375,0.423,0.111352455225,-0.358,0.4586560357499999,0.31852593575,1.22,1.72075
2025-10-07 14:00:00+02:00,0.016,0.0041853416,1.21,0.3165164585,-1.194,0.4566465585,0.3165164585,0.017750000000000002,2.02425
2025-10-07 15:00:00+02:00,0.022,0.0059479728,0.839,0.2268340536,-0.817,0.467268604,0.327138504,0.01,2.034
2025-10-07 16:00:00+02:00,0.018,0.0050629788,0.203,0.0570991498,-0.18500000000000003,0.48047478599999993,0.34034468599999995,1.5467499999999998,1.41425
2025-10-07 17:00:00+02:00,1.316,0.4205980086,0.002,0.0006392067,1.314,0.5268501535,0.3867200535,1.42075,1.5902500000000002
2025-10-07 18:00:00+02:00,1.5,0.5746244625,0.0,0.0,1.5,0.6036604997499999,0.46353039975,0.49125,0.83875
2025-10-07 19:00:00+02:00,0.34,0.13559744,0.0,0.0,0.34,0.62269746,0.48256736,0.51975,0.13624999999999998
2025-10-07 20:00:00+02:00,0.279,0.090571177125,0.0,0.0,0.279,0.53292982875,0.39279972875,0.40125,0.0
2025-10-07 21:00:00+02:00,0.405,0.120200689125,0.0,0.0,0.405,0.49924820824999994,0.35911810825,0.28775,0.0
2025-10-07 22:00:00+02:00,0.166,0.04608983775,0.0,0.0,0.166,0.47608614624999995,0.33595604625000003,0.6715,0.0
2025-10-07 23:00:00+02:00,0.148,0.0393120893,0.0,0.0,0.148,0.46153299224999994,0.32140289224999996,0.56925,0.0
2025-10-08 00:00:00+02:00,0.148,0.0385903969,0.0,0.0,0.148,0.45563266925,0.31550256925,0.15125,0.0
2025-10-08 01:00:00+02:00,0.146,0.03718295515,0.0,0.0,0.146,0.44829020774999995,0.30816010774999997,0.202,0.0
2025-10-08 02:00:00+02:00,0.14,0.03550624,0.0,0.0,0.14,0.44700546,0.30687536,0.4465,0.0
2025-10-08 03:00:00+02:00,0.615,0.154818547125,0.0,0.0,0.615,0.44473244474999996,0.30460234475,0.30674999999999997,0.0
2025-10-08 04:00:00+02:00,0.318,0.0805229106,0.0,0.0,0.318,0.44652230700000006,0.306392207,0.2165,0.0
2025-10-08 05:00:00+02:00,0.143,0.037367126225,0.0,0.0,0.143,0.45631347575,0.31618337575,0.21825,0.0
2025-10-08 06:00:00+02:00,0.161,0.046010712825,0.0,0.0,0.161,0.48592489824999996,0.34579479825000004,0.36524999999999996,0.0
2025-10-08 07:00:00+02:00,0.222,0.07376238045,0.0,0.0,0.222,0.5421682997499999,0.40203819975,0.45275000000000004,0.00125
2025-10-08 08:00:00+02:00,0.195,0.06805623825,0.0,0.0,0.195,0.5624277835,0.4222976835,0.086,0.256
2025-10-08 09:00:00+02:00,0.06,0.0187433235,0.114,0.03561231465,-0.054000000000000006,0.51812045725,0.37799035724999996,0.04,0.6932500000000001
2025-10-08 10:00:00+02:00,0.027,0.0077826474,0.629,0.1813068598,-0.602,0.48890800199999995,0.348777902,0.0195,1.0245
2025-10-08 11:00:00+02:00,0.248,0.0667205374,0.372,0.1000808061,-0.124,0.46566175425000006,0.32553165425,0.012750000000000001,1.9187499999999997
2025-10-08 12:00:00+02:00,0.506,0.12890981235,0.124,0.0315905469,0.382,0.44839269475,0.30826259474999995,0.04075,2.7555000000000005
2025-10-08 13:00:00+02:00,0.804,0.2031460167,0.0,0.0,0.804,0.44585980175000006,0.30572970175,0.5895,2.6247499999999997
2025-10-08 14:00:00+02:00,0.194,0.04912462665,0.155,0.039249057375,0.03900000000000001,0.44652596724999993,0.30639586725,0.784,2.5365
2025-10-08 15:00:00+02:00,0.034,0.00890115325,0.229,0.059951885125,-0.195,0.45690643625000005,0.31677633625,0.014750000000000001,2.89275
2025-10-08 16:00:00+02:00,0.243,0.06808411665,0.103,0.02885869965,0.14,0.47914977549999993,0.3390196755,1.28875,1.441
2025-10-08 17:00:00+02:00,1.499,0.478246543775,0.017,0.005423743325,1.4820000000000002,0.5261730072499999,0.38604290725,1.55,0.8087500000000001
2025-10-08 18:00:00+02:00,0.304,0.1100420948,0.039,0.014117242425,0.265,0.57812659575,0.43799649575,2.3499999999999996,0.3065
2025-10-08 19:00:00+02:00,0.32,0.122617528,0.0,0.0,0.32,0.60377762775,0.46364752775,0.28775,0.00125
2025-10-08 20:00:00+02:00,0.39,0.12433975125,0.0,0.0,0.39,0.52590214875,0.38577204875,0.32525,0.0
2025-10-08 21:00:00+02:00,0.169,0.048178355225,0.0,0.0,0.169,0.48507572025,0.34494562025,1.3242500000000001,0.0
2025-10-08 22:00:00+02:00,0.153,0.042254534025,0.0,0.0,0.153,0.47429994424999994,0.33416984424999996,0.49075,0.0
2025-10-08 23:00:00+02:00,0.153,0.040502278575,0.0,0.0,0.153,0.46044223775,0.32031213775,0.51025,0.0
2025-10-09 00:00:00+02:00,0.212,0.0560355114,0.0,0.0,0.212,0.45995542449999993,0.31982532449999995,0.42025,0.0
2025-10-09 01:00:00+02:00,0.325,0.08363641,0.0,0.0,0.325,0.45151488799999995,0.31138478799999997,0.36725,0.0
2025-10-09 02:00:00+02:00,1.075,0.277076009375,0.0,0.0,1.075,0.45200170125,0.31187160125,0.27949999999999997,0.0
2025-10-09 03:00:00+02:00,0.889,0.224897197525,0.0,0.0,0.889,0.44623314725,0.30610304725,1.602,0.0
2025-10-09 04:00:00+02:00,0.175,0.044340979375,0.0,0.0,0.175,0.44671630025,0.30658620024999994,0.324,0.0
2025-10-09 05:00:00+02:00,0.167,0.0440593428,0.0,0.0,0.167,0.459362464,0.319232364,3.55825,0.0
2025-10-09 06:00:00+02:00,0.222,0.0649294833,0.0,0.0,0.222,0.4940250315,0.3538949315,0.23800000000000002,0.0
2025-10-09 07:00:00+02:00,0.742,0.2365441463,0.0,0.0,0.742,0.5258692064999999,0.3857391065,0.2635,0.00125
2025-10-09 08:00:00+02:00,0.263,0.08579321685,0.113,0.03686172435,0.15000000000000002,0.5348441395000001,0.3947140395,0.099,0.15550000000000003
2025-10-09 09:00:00+02:00,0.02,0.0060788585,0.773,0.234947881025,-0.753,0.50790103925,0.36777093925,0.501,0.5177499999999999
2025-10-09 10:00:00+02:00,0.008,0.0022090486,1.389,0.383546063175,-1.381,0.47424870075,0.33411860075,0.20725000000000002,0.8082499999999999
2025-10-09 11:00:00+02:00,0.004,0.0010494572,2.637,0.6918546591,-2.633,0.45759090299999994,0.31746080299999996,0.434,1.304
2025-10-09 12:00:00+02:00,0.373,0.09499819505,1.753,0.44646604805,-1.38,0.44830118849999995,0.3081710885,0.38775,1.4729999999999999
2025-10-09 13:00:00+02:00,0.137,0.033063240925,1.079,0.260403189475,-0.942,0.43214850525000004,0.29201840525,0.18275000000000002,2.0757499999999998
2025-10-09 14:00:00+02:00,0.031,0.007477712275,0.404,0.0974514761,-0.373,0.43200209524999994,0.29187199524999996,0.0295,2.0507500000000003
2025-10-09 15:00:00+02:00,0.383,0.096946080275,0.621,0.157189336425,-0.238,0.44640883924999997,0.30627873925,0.19774999999999998,1.4445
2025-10-09 16:00:00+02:00,0.082,0.02083297535,2.092,0.5314949321,-2.0100000000000002,0.44754351675000004,0.30741341675,0.49975,0.9217500000000001
2025-10-09 17:00:00+02:00,1.322,0.3609622511,0.006,0.0016382553,1.316,0.47051158549999994,0.33038148549999996,0.7575000000000001,0.54725
2025-10-09 18:00:00+02:00,1.337,0.390930076075,0.0,0.0,1.337,0.49392620475,0.35379610475,0.14825,0.5197499999999999
2025-10-09 19:00:00+02:00,0.692,0.2056290456,0.0,0.0,0.692,0.499683778,0.359553678,0.791,0.01725
2025-10-09 20:00:00+02:00,0.354,0.1005164061,0.0,0.0,0.354,0.48370312649999997,0.3435730265,0.87075,0.0
2025-10-09 21:00:00+02:00,0.369,0.098242310925,0.0,0.0,0.369,0.46227968324999996,0.32214958325000004,0.44399999999999995,0.0
2025-10-09 22:00:00+02:00,0.292,0.0773019995,0.0,0.0,0.292,0.4604568787499999,0.32032677875,0.5459999999999999,0.0
2025-10-09 23:00:00+02:00,0.201,0.05231568705,0.0,0.0,0.201,0.4550653305,0.3149352305,0.44925000000000004,0.0
2025-10-10 00:00:00+02:00,0.157,0.040280763875,0.0,0.0,0.157,0.45057420374999996,0.31044410375,0.21250000000000002,0.0
2025-10-10 01:00:00+02:00,0.159,0.0398305017,0.0,0.0,0.159,0.44324272300000006,0.303112623,0.199,0.0
2025-10-10 02:00:00+02:00,0.571,0.1396536383,0.0,0.0,0.571,0.43606863299999993,0.295938533,0.20450000000000002,0.0
2025-10-10 03:00:00+02:00,0.323,0.078153298025,0.0,0.0,0.323,0.43290251674999997,0.29277241675,0.35975,0.0
2025-10-10 04:00:00+02:00,0.164,0.0396125928,0.0,0.0,0.164,0.43239374199999997,0.292263642,0.49524999999999997,0.0
2025-10-10 05:00:00+02:00,0.16,0.040085848,0.0,0.0,0.16,0.44327932550000004,0.3031492255,0.22625,0.0
2025-10-10 06:00:00+02:00,0.165,0.04411366575,0.0,0.0,0.165,0.46363031549999995,0.32350021549999997,0.15525,0.0
2025-10-10 07:00:00+02:00,0.336,0.0967551816,0.0,0.0,0.336,0.4885639385,0.34843383850000004,0.64025,0.014249999999999999
2025-10-10 08:00:00+02:00,0.175,0.051769169375,0.132,0.0390487449,0.04299999999999998,0.49807692825,0.35794682824999996,0.41300000000000003,0.3325
2025-10-10 09:00:00+02:00,0.114,0.03163343535,0.667,0.185083345425,-0.553,0.47588849274999995,0.33575839275,0.03175,0.63975
2025-10-10 10:00:00+02:00,0.036,0.0093241269,1.427,0.369598030175,-1.391,0.45352436524999995,0.31339426525,0.2375,0.83375
2025-10-10 11:00:00+02:00,0.006,0.00148374435,2.357,0.582864238825,-2.3510000000000004,0.43935187725,0.29922177725,1.732,1.56625
2025-10-10 12:00:00+02:00,0.05,0.012046155,0.953,0.2295997143,-0.9029999999999999,0.431647051,0.29151695099999997,0.5135000000000001,1.52925
2025-10-10 13:00:00+02:00,0.624,0.1474158972,0.625,0.147652140625,-0.0010000000000000009,0.42598464425000004,0.28585454425,0.21700000000000003,1.55675
2025-10-10 14:00:00+02:00,0.156,0.0394810416,0.155,0.039227958,0.0010000000000000009,0.44636125600000004,0.306231156,0.035,2.502
2025-10-10 15:00:00+02:00,0.024,0.005929242,0.075,0.01852888125,-0.051,0.4390627175,0.2989326175,0.0145,2.5615
2025-10-10 16:00:00+02:00,0.048,0.0123096204,0.029,0.007437062325,0.019,0.45043511425,0.31030501424999996,0.02375,1.7832499999999998
2025-10-10 17:00:00+02:00,0.078,0.0221481546,0.001,0.0002839507,0.077,0.48371044699999993,0.343580347,0.10375000000000001,1.1655
2025-10-10 18:00:00+02:00,0.882,0.2553430572,0.0,0.0,0.882,0.49043066599999996,0.350300566,0.23024999999999998,0.54575
2025-10-10 19:00:00+02:00,0.304,0.0898614728,0.0,0.0,0.304,0.49780240950000004,0.3576723095,0.5685,0.031
2025-10-10 20:00:00+02:00,0.543,0.1558409457,0.0,0.0,0.543,0.4873999789999999,0.34726987899999995,0.51325,0.0
2025-10-10 21:00:00+02:00,0.259,0.0703278499,0.0,0.0,0.259,0.468688781,0.328558681,0.40225,0.0
2025-10-10 22:00:00+02:00,0.156,0.0413346648,0.0,0.0,0.156,0.460738718,0.32060861799999996,0.478,0.0
2025-10-10 23:00:00+02:00,0.376,0.0980484296,0.0,0.0,0.376,0.455658291,0.31552819099999996,0.35175,0.0
2025-10-11 00:00:00+02:00,2.36,0.635770784,0.0,0.0,2.36,0.466097324,0.32596722399999994,0.23675000000000002,0.0
2025-10-11 01:00:00+02:00,0.904,0.2318284496,0.0,0.0,0.904,0.45043145399999995,0.310301354,0.378,0.0
2025-10-11 02:00:00+02:00,1.13,0.2883567335,0.0,0.0,1.13,0.4489014695,0.3087713695,0.5377500000000001,0.0
2025-10-11 03:00:00+02:00,0.584,0.144198725,0.0,0.0,0.584,0.43889800625,0.29876790625,0.2465,0.0
2025-10-11 04:00:00+02:00,3.454,0.85541686285,0.0,0.0,3.454,0.43979842775,0.29966832774999996,0.20149999999999998,0.0
2025-10-11 05:00:00+02:00,2.735,0.679608116,0.0,0.0,2.735,0.44079767599999997,0.300667576,0.196,0.0
2025-10-11 06:00:00+02:00,2.784,0.7151791152,0.0,0.0,2.784,0.45096585050000004,0.3108357505,0.199,0.0
2025-10-11 07:00:00+02:00,0.159,0.042093489075,0.0,0.0,0.159,0.46046419925000004,0.32033409925,0.18200000000000002,0.0025
2025-10-11 08:00:00+02:00,0.297,0.0803335698,0.0,0.0,0.297,0.467415014,0.327284914,0.15925,0.10775000000000001
2025-10-11 09:00:00+02:00,0.205,0.059120237,0.017,0.0049026538,0.188,0.489083694,0.34895359400000003,0.148,0.42374999999999996
2025-10-11 10:00:00+02:00,0.06,0.016598901,0.199,0.05505302165,-0.139,0.47487460349999994,0.33474450349999996,2.58025,0.5155000000000001
2025-10-11 11:00:00+02:00,0.037,0.00945833405,0.386,0.0986734309,-0.34900000000000003,0.44944318650000004,0.3093130865,1.684,1.08125
2025-10-11 12:00:00+02:00,2.214,0.55604748375,0.124,0.0311426775,2.09,0.44402235625,0.30389225625,0.15125000000000002,1.10725
2025-10-11 13:00:00+02:00,10.639,2.3769058016,0.0,0.0,10.639,0.41046152399999997,0.270331424,0.8475,1.3025
2025-10-11 14:00:00+02:00,5.257,1.2679957598,0.149,0.0359390086,5.108,0.431983794,0.291853694,0.67,0.8302499999999999
2025-10-11 15:00:00+02:00,2.179,0.5374425056,0.153,0.0377368992,2.026,0.438572244,0.29844214399999996,0.01475,1.37275
2025-10-11 16:00:00+02:00,0.573,0.151175406525,0.06,0.0158298855,0.5129999999999999,0.45936612424999995,0.31923602425000003,0.020749999999999998,0.8265
2025-10-11 17:00:00+02:00,2.055,0.56612527125,0.0,0.0,2.055,0.47346906749999995,0.33333896749999997,0.24475000000000002,0.49724999999999997
2025-10-11 18:00:00+02:00,0.473,0.13905043515,0.0,0.0,0.473,0.4958405154999999,0.35571041549999993,0.39999999999999997,0.17475
2025-10-11 19:00:00+02:00,0.546,0.1646562918,0.0,0.0,0.546,0.505027743,0.364897643,0.8865000000000001,0.163
2025-10-11 20:00:00+02:00,0.295,0.08600174825,0.0,0.0,0.295,0.49288303350000007,0.35275293350000003,0.25449999999999995,0.0
2025-10-11 21:00:00+02:00,0.178,0.0497624721,0.0,0.0,0.178,0.4784030845,0.33827298450000004,0.29575,0.0
2025-10-11 22:00:00+02:00,0.16,0.043757472,0.0,0.0,0.16,0.47104598200000003,0.330915882,0.28099999999999997,0.0
2025-10-11 23:00:00+02:00,0.154,0.0404106241,0.0,0.0,0.154,0.4576421465,0.31751204650000003,0.22624999999999998,0.0
2025-10-12 00:00:00+02:00,0.153,0.040284288,0.0,0.0,0.153,0.45871825999999993,0.31858815999999995,0.18100000000000002,0.0
2025-10-12 01:00:00+02:00,0.149,0.038759194925,0.0,0.0,0.149,0.45488597824999993,0.31475587825,0.34950000000000003,0.0
2025-10-12 02:00:00+02:00,0.164,0.041240793,0.0,0.0,0.164,0.44440668250000004,0.3042765825,1.6015000000000001,0.0
2025-10-12 03:00:00+02:00,0.601,0.1472527529,0.0,0.0,0.601,0.436595709,0.296465609,0.26275,0.0
2025-10-12 04:00:00+02:00,0.318,0.07859227695,0.0,0.0,0.318,0.43917618524999996,0.29904608525,0.773,0.0
2025-10-12 05:00:00+02:00,0.161,0.0397490324,0.0,0.0,0.161,0.43886506399999997,0.298734964,0.3705,0.0
2025-10-12 06:00:00+02:00,0.157,0.039536081475,0.0,0.0,0.157,0.44483493175,0.30470483174999996,0.9325,0.0
2025-10-12 07:00:00+02:00,0.146,0.037072101,0.0,0.0,0.146,0.447371485,0.307241385,0.29724999999999996,0.00825
2025-10-12 08:00:00+02:00,0.087,0.022120121925,0.02,0.0050850855,0.06699999999999999,0.4477777727499999,0.30764767274999993,0.244,0.21275
2025-10-12 09:00:00+02:00,0.047,0.012274109925,0.301,0.078606533775,-0.254,0.45612314275,0.31599304275,0.28825,0.50275
2025-10-12 10:00:00+02:00,0.012,0.0031499688,0.962,0.2525224988,-0.95,0.45775195399999996,0.317621854,2.0647499999999996,0.984
2025-10-12 11:00:00+02:00,0.025,0.00604712625,0.862,0.2085049131,-0.837,0.4328110105,0.2926809105,0.11699999999999999,1.41575
2025-10-12 12:00:00+02:00,1.695,0.397761243,0.356,0.0835415944,1.339,0.42407765399999997,0.283947554,0.46575,1.6765
2025-10-12 13:00:00+02:00,5.542,1.21836367125,0.0,0.0,5.542,0.40613876875,0.26600866875,0.14375,1.7690000000000001
2025-10-12 14:00:00+02:00,6.082,1.4155091709,0.0,0.0,6.082,0.42174241449999994,0.2816123145,0.5237499999999999,1.971
2025-10-12 15:00:00+02:00,1.214,0.29830131815,0.119,0.029240409275,1.095,0.43744854724999993,0.29731844725,0.7262499999999998,2.3625
2025-10-12 16:00:00+02:00,0.998,0.25364312215,0.053,0.013470025525,0.945,0.44765332424999993,0.30752322424999995,1.9284999999999999,1.5045
2025-10-12 17:00:00+02:00,0.712,0.1860732434,0.006,0.00156803295,0.706,0.45635007825,0.31621997825,0.30925,0.99125
2025-10-12 18:00:00+02:00,0.333,0.09156785715,0.0,0.0,0.333,0.4728541455,0.33272404549999995,0.40950000000000003,0.2455
2025-10-12 19:00:00+02:00,0.31,0.0894032095,0.0,0.0,0.31,0.48909101450000003,0.3489609145,0.954,0.0335
2025-10-12 20:00:00+02:00,0.777,0.223156400775,0.0,0.0,0.777,0.48764521574999997,0.34751511575,0.628,0.0
2025-10-12 21:00:00+02:00,0.243,0.06799590765,0.0,0.0,0.243,0.4787105455,0.3385804455,0.6715,0.0
2025-10-12 22:00:00+02:00,0.195,0.053296975875,0.0,0.0,0.195,0.47084466825,0.33071456825,0.29,0.0
2025-10-12 23:00:00+02:00,0.205,0.0529214675,0.0,0.0,0.205,0.452495835,0.312365735,0.196,0.0
2025-10-13 00:00:00+02:00,0.184,0.0471150768,0.0,0.0,0.184,0.44996294200000003,0.309832842,0.15925,0.0
2025-10-13 01:00:00+02:00,0.166,0.0417517639,0.0,0.0,0.166,0.44446524649999997,0.3043351465,0.50625,0.0
2025-10-13 02:00:00+02:00,0.164,0.0411986245,0.0,0.0,0.164,0.44409556124999994,0.30396546124999996,0.49324999999999997,0.0
2025-10-13 03:00:00+02:00,1.855,0.451047933875,0.0,0.0,1.855,0.43434465525000004,0.29421455525,0.27875,0.0
2025-10-13 04:00:00+02:00,0.726,0.178810533,0.0,0.0,0.726,0.43814765499999997,0.298017555,0.1625,0.0
2025-10-13 05:00:00+02:00,0.316,0.080505898,0.0,0.0,0.316,0.4483963549999999,0.308266255,0.15825,0.0
2025-10-13 06:00:00+02:00,0.164,0.0474350976,0.0,0.0,0.164,0.49010856399999997,0.349978464,0.16225,0.0
2025-10-13 07:00:00+02:00,0.894,0.2905986336,0.0,0.0,0.894,0.533445924,0.39331582400000004,0.21649999999999997,0.0
2025-10-13 08:00:00+02:00,0.145,0.052458234125,0.052,0.0188126081,0.093,0.57788501925,0.43775491924999993,0.32175000000000004,0.26475000000000004
2025-10-13 09:00:00+02:00,0.102,0.0331067979,0.132,0.0428440914,-0.030000000000000013,0.5328676044999999,0.3927375045,0.206,0.8685
2025-10-13 10:00:00+02:00,1.634,0.48136933295,0.002,0.00058919135,1.632,0.49659086675,0.35646076675,0.021750000000000002,1.2585
2025-10-13 11:00:00+02:00,0.686,0.1896396579,0.184,0.0508654476,0.502,0.47462570649999997,0.3344956065,0.08725,0.9902499999999999
2025-10-13 12:00:00+02:00,0.025,0.00649059125,2.768,0.7186382632,-2.743,0.45427471649999995,0.3141446165,0.22875,1.262
2025-10-13 13:00:00+02:00,0.0,0.0,2.763,0.693410976225,-2.763,0.44379542075,0.30366532074999997,0.70675,2.19775
2025-10-13 14:00:00+02:00,0.007,0.001753522925,1.029,0.257767869975,-1.022,0.44323906274999997,0.30310896275000004,0.049,2.032
2025-10-13 15:00:00+02:00,0.001,0.000259523825,2.727,0.707721470775,-2.726,0.45415392825,0.31402382824999997,0.00775,2.483
2025-10-13 16:00:00+02:00,0.004,0.0011047663,2.396,0.6617550137,-2.392,0.47432190575,0.33419180575,1.376,1.23525
2025-10-13 17:00:00+02:00,0.635,0.22116570575,0.149,0.05189557505,0.486,0.5615639644999999,0.4214338645,0.19774999999999998,1.45025
2025-10-13 18:00:00+02:00,0.162,0.07790863905,0.007,0.003366422675,0.155,0.7220403052500001,0.58191020525,0.44925,0.41875
2025-10-13 19:00:00+02:00,0.263,0.12779957685,0.0,0.0,0.263,0.7281053395,0.5879752395,0.34125,0.022500000000000003
2025-10-13 20:00:00+02:00,0.205,0.07353814325,0.0,0.0,0.205,0.5741845065,0.43405440649999993,0.51425,0.0
2025-10-13 21:00:00+02:00,0.365,0.111516625,0.0,0.0,0.365,0.50981535,0.36968524999999997,0.6695000000000001,0.0
2025-10-13 22:00:00+02:00,0.186,0.0537983424,0.0,0.0,0.186,0.49010856399999997,0.349978464,0.36125,0.0
2025-10-13 23:00:00+02:00,0.164,0.0453380829,0.0,0.0,0.164,0.47463668724999997,0.33450658725,2.032,0.0
2025-10-14 00:00:00+02:00,4.891,1.3563716309,0.0,0.0,4.891,0.475687179,0.335557079,0.6875,0.0
2025-10-14 01:00:00+02:00,0.177,0.047654431275,0.0,0.0,0.177,0.46590333075,0.32577323075000003,0.1995,0.0
2025-10-14 02:00:00+02:00,0.192,0.050785152,0.0,0.0,0.192,0.46018235999999996,0.32005226000000003,1.001,0.0
2025-10-14 03:00:00+02:00,0.228,0.0597252612,0.0,0.0,0.228,0.457093109,0.31696300899999996,0.2985,0.0
2025-10-14 04:00:00+02:00,1.095,0.28707029175,0.0,0.0,1.095,0.45734932649999993,0.3172192265,0.327,0.0
2025-10-14 05:00:00+02:00,1.229,0.324538803875,0.0,0.0,1.229,0.45965162374999996,0.31952152375,0.272,0.0
2025-10-14 06:00:00+02:00,0.153,0.043730020125,0.0,0.0,0.153,0.48596882124999996,0.34583872125,0.162,0.0
2025-10-14 07:00:00+02:00,0.197,0.0656399469,0.0,0.0,0.197,0.543299317,0.40316921699999997,0.1865,0.0015
2025-10-14 08:00:00+02:00,0.128,0.0473212608,0.0,0.0,0.128,0.5874638935,0.44733379349999997,0.1765,0.13899999999999998
2025-10-14 09:00:00+02:00,0.006,0.0019735584,0.202,0.0664431328,-0.196,0.538131044,0.398000944,0.15225,0.43775
2025-10-14 10:00:00+02:00,0.016,0.0048815756,0.7,0.2135689325,-0.6839999999999999,0.5092992547499999,0.36916915474999995,0.17525000000000002,0.80575
2025-10-14 11:00:00+02:00,0.049,0.0140321643,1.176,0.3367719432,-1.127,0.4866386469999999,0.34650854699999994,0.097,1.6800000000000002
2025-10-14 12:00:00+02:00,0.793,0.215613587475,0.643,0.174829176225,0.15000000000000002,0.46912435075,0.32899425075,0.6252500000000001,1.99125
2025-10-14 13:00:00+02:00,0.023,0.006100962175,0.689,0.182763606025,-0.6659999999999999,0.46109376224999993,0.32096366224999995,0.0435,1.80675
2025-10-14 14:00:00+02:00,0.013,0.003462841525,0.615,0.163819041375,-0.602,0.46244073425,0.32231063425,0.0075,2.2335
2025-10-14 15:00:00+02:00,0.052,0.0147523805,0.369,0.104685161625,-0.317,0.48340664624999996,0.34327654625,0.0115,2.15
2025-10-14 16:00:00+02:00,0.044,0.013499002,0.262,0.080380421,-0.21800000000000003,0.5113526549999999,0.371222555,1.5494999999999999,0.9642499999999999
2025-10-14 17:00:00+02:00,0.359,0.134084247275,0.061,0.022783117225,0.298,0.59205750725,0.45192740724999997,1.7445,0.8157500000000001
2025-10-14 18:00:00+02:00,0.244,0.1331716925,0.0,0.0,0.244,0.80053070625,0.6604006062500001,0.8205000000000001,0.53625
2025-10-14 19:00:00+02:00,0.286,0.17087318105,0.0,0.0,0.286,0.86305509675,0.72292499675,0.57975,0.0435
2025-10-14 20:00:00+02:00,0.519,0.20835766215,0.0,0.0,0.519,0.6258965185,0.4857664185,0.36924999999999997,0.0
2025-10-14 21:00:00+02:00,1.407,0.47040097335,0.0,0.0,1.407,0.5446682505,0.4045381505,0.33475,0.0
2025-10-14 22:00:00+02:00,0.779,0.2358077403,0.0,0.0,0.779,0.506403997,0.366273897,0.645,0.0
2025-10-14 23:00:00+02:00,0.184,0.0524378426,0.0,0.0,0.184,0.48496591274999995,0.34483581275,0.5522499999999999,0.0
2025-10-15 00:00:00+02:00,2.04,0.572767536,0.0,0.0,2.04,0.47985986399999997,0.33972976399999993,0.14675,0.0
2025-10-15 01:00:00+02:00,1.654,0.45416908955,0.0,0.0,1.654,0.47238197325000003,0.33225187325,0.14250000000000002,0.0
2025-10-15 02:00:00+02:00,0.173,0.046696813075,0.0,0.0,0.173,0.4667378677499999,0.32660776774999994,0.25425,0.0
2025-10-15 03:00:00+02:00,0.175,0.04625996375,0.0,0.0,0.175,0.45998470649999995,0.3198546065,0.30925,0.0
2025-10-15 04:00:00+02:00,0.172,0.0457354106,0.0,0.0,0.172,0.46187339549999995,0.32174329549999997,0.19475,0.0
2025-10-15 05:00:00+02:00,0.168,0.0461323632,0.0,0.0,0.168,0.4723929539999999,0.332262854,0.15025,0.0
2025-10-15 06:00:00+02:00,0.172,0.049626214,0.0,0.0,0.172,0.48924474500000004,0.349114645,0.29974999999999996,0.0
2025-10-15 07:00:00+02:00,0.19,0.0648996205,0.0,0.0,0.19,0.5534382094999999,0.41330810949999996,0.4035,0.00125
2025-10-15 08:00:00+02:00,0.177,0.078231482175,0.0,0.0,0.177,0.6749328877499999,0.53480278775,0.09925,0.2155
2025-10-15 09:00:00+02:00,0.074,0.02634154875,0.006,0.00213580125,0.06799999999999999,0.57085001875,0.43071991875,0.036500000000000005,0.58925
2025-10-15 10:00:00+02:00,0.08,0.02516921,0.031,0.009753068875,0.049,0.5208144012499999,0.38068430124999997,0.01925,1.0005
2025-10-15 11:00:00+02:00,0.198,0.0577831023,0.671,0.19582051335,-0.47300000000000003,0.4932490585,0.3531189585,0.066,1.6257499999999998
2025-10-15 12:00:00+02:00,0.06,0.0169668015,1.272,0.3596961918,-1.212,0.48229393024999995,0.34216383024999997,0.1665,2.07375
2025-10-15 13:00:00+02:00,0.505,0.138398242125,0.204,0.0559074087,0.30100000000000005,0.47173776924999994,0.33160766924999996,0.7905,1.4475
2025-10-15 14:00:00+02:00,0.586,0.15961117865,0.124,0.0337743791,0.46199999999999997,0.46970267025000006,0.32957257025000003,0.8325,1.4649999999999999
2025-10-15 15:00:00+02:00,0.027,0.00762468795,0.093,0.02626281405,-0.066,0.48182907849999995,0.3416989785,0.0225,2.1654999999999998
2025-10-15 16:00:00+02:00,0.115,0.03435265625,0.001,0.00029871875,0.114,0.5015797875,0.36144968749999995,1.34725,1.2115
2025-10-15 17:00:00+02:00,1.78,0.6053093365,0.0,0.0,1.78,0.55160442425,0.41147432424999997,1.8120000000000003,0.71525
2025-10-15 18:00:00+02:00,0.54,0.215514189,0.0,0.0,0.54,0.6230415235,0.4829114235,2.3907499999999997,0.2305
2025-10-15 19:00:00+02:00,0.437,0.176012991825,0.0,0.0,0.437,0.6274887272499999,0.48735862724999995,0.3195,0.0
2025-10-15 20:00:00+02:00,0.294,0.09624812505,0.0,0.0,0.294,0.5362533357499999,0.39612323574999997,0.33925,0.0
2025-10-15 21:00:00+02:00,0.316,0.0925081784,0.0,0.0,0.316,0.49435445399999994,0.35422435399999996,1.2055,0.0
2025-10-15 22:00:00+02:00,0.207,0.054888621975,0.0,0.0,0.207,0.4609766342499999,0.32084653425,0.23299999999999998,0.0
2025-10-15 23:00:00+02:00,0.174,0.0441460272,0.0,0.0,0.174,0.44712258800000004,0.306992488,0.298,0.0
2025-10-16 00:00:00+02:00,0.22,0.055401544,0.0,0.0,0.22,0.44483859200000003,0.304708492,0.43674999999999997,0.0
2025-10-16 01:00:00+02:00,0.677,0.167653380125,0.0,0.0,0.677,0.43977646625,0.29964636625,0.41124999999999995,0.0
2025-10-16 02:00:00+02:00,0.506,0.1264684256,0.0,0.0,0.506,0.44255459599999997,0.302424496,0.51225,0.0
2025-10-16 03:00:00+02:00,0.618,0.15125533005,0.0,0.0,0.618,0.43627726725,0.29614716725,1.008,0.0
2025-10-16 04:00:00+02:00,0.638,0.15511973125,0.0,0.0,0.638,0.43432269375,0.29419259375,0.32999999999999996,0.0
2025-10-16 05:00:00+02:00,0.576,0.140585544,0.0,0.0,0.576,0.43545737125,0.29532727124999997,2.062,0.0
2025-10-16 06:00:00+02:00,0.598,0.15131324065,0.0,0.0,0.598,0.4462990317500001,0.30616893175000004,0.256,0.0
2025-10-16 07:00:00+02:00,1.234,0.33555708505,0.0,0.0,1.234,0.46916095324999996,0.32903085325000003,0.413,0.0
2025-10-16 08:00:00+02:00,0.382,0.1162829965,0.004,0.001217623,0.378,0.5084610575,0.36833095749999994,0.15925,0.11750000000000001
2025-10-16 09:00:00+02:00,0.007,0.0020327153,0.224,0.0650468896,-0.217,0.49149945899999997,0.35136935899999994,0.3825,0.47174999999999995
2025-10-16 10:00:00+02:00,0.011,0.0028382244,0.757,0.1953214428,-0.746,0.452334784,0.31220468399999995,0.20800000000000002,0.84975
2025-10-16 11:00:00+02:00,0.003,0.0007548948,2.544,0.6401507904,-2.541,0.44460433600000004,0.304474236,0.43175,1.6855
2025-10-16 12:00:00+02:00,0.07,0.01700966575,1.644,0.3994841499,-1.5739999999999998,0.43415432225,0.29402422225,0.308,1.43075
2025-10-16 13:00:00+02:00,0.02,0.004860449,2.17,0.5273587165,-2.15,0.43418726449999995,0.29405716449999997,0.20375000000000001,1.55975
2025-10-16 14:00:00+02:00,0.018,0.0044078364,0.967,0.2367987666,-0.949,0.436434658,0.296304558,0.018500000000000003,1.9842500000000003
2025-10-16 15:00:00+02:00,0.006,0.0014612565,1.785,0.43472380875,-1.779,0.4348168275,0.29468672749999997,0.14625,1.37975
2025-10-16 16:00:00+02:00,0.015,0.003786226125,0.585,0.147662818875,-0.57,0.44555234075,0.30542224074999996,0.3325,1.28875
2025-10-16 17:00:00+02:00,0.449,0.128981120675,0.094,0.02700272905,0.355,0.48771842075,0.34758832074999996,1.05275,0.48375
2025-10-16 18:00:00+02:00,0.403,0.122137905175,0.0,0.0,0.403,0.5068468872499999,0.36671678725,0.4705,0.0595
2025-10-16 19:00:00+02:00,0.275,0.08755318,0.0,0.0,0.275,0.525364092,0.385233992,0.5825,0.0
2025-10-16 20:00:00+02:00,0.231,0.06895371945,0.0,0.0,0.231,0.5013162495,0.3611861495,0.69925,0.0
2025-10-16 21:00:00+02:00,0.243,0.0655539885,0.0,0.0,0.243,0.4665511949999999,0.326421095,0.4525,0.0
2025-10-16 22:00:00+02:00,0.244,0.0646730601,0.0,0.0,0.244,0.46084486524999996,0.32071476525,0.5479999999999999,0.0
2025-10-16 23:00:00+02:00,0.335,0.087033711875,0.0,0.0,0.335,0.4544906712499999,0.31436057125,0.26925,0.0
2025-10-17 00:00:00+02:00,0.189,0.048006033075,0.0,0.0,0.189,0.44747031175,0.30734021175,0.204,0.0
2025-10-17 01:00:00+02:00,1.441,0.362527032175,0.0,0.0,1.441,0.44454211175,0.30441201175,0.19225000000000003,0.0
2025-10-17 02:00:00+02:00,0.937,0.2373887626,0.0,0.0,0.937,0.44668335800000003,0.306553258,0.301,0.0
2025-10-17 03:00:00+02:00,0.164,0.0415091831,0.0,0.0,0.164,0.44638687775,0.30625677775,0.243,0.0
2025-10-17 04:00:00+02:00,0.182,0.04624014395,0.0,0.0,0.182,0.44755083725,0.30742073724999996,0.49924999999999997,0.0
2025-10-17 05:00:00+02:00,0.179,0.046393578,0.0,0.0,0.179,0.45374032,0.31361022,0.22925,0.0
2025-10-17 06:00:00+02:00,0.172,0.0463051391,0.0,0.0,0.172,0.46588136924999995,0.32575126925000003,0.1615,0.0
2025-10-17 07:00:00+02:00,0.217,0.06561755585,0.0,0.0,0.217,0.5060160105,0.36588591049999997,0.54925,0.00325
2025-10-17 08:00:00+02:00,0.131,0.04220249495,0.002,0.0006443129,0.129,0.5299394045,0.38980930449999995,0.45475,0.1555
2025-10-17 09:00:00+02:00,0.006,0.0018226956,0.127,0.0385803902,-0.121,0.5077070459999999,0.367576946,0.06,0.47250000000000003
2025-10-17 10:00:00+02:00,0.115,0.0328547065,0.212,0.0605669372,-0.09699999999999999,0.485818751,0.34568865099999996,0.1335,0.8525
2025-10-17 11:00:00+02:00,0.048,0.0126871404,0.524,0.1385012827,-0.47600000000000003,0.45995176425,0.31982166424999997,1.729,1.66425
2025-10-17 12:00:00+02:00,0.033,0.008267007375,0.479,0.119996864625,-0.44599999999999995,0.44325370374999995,0.30312360374999997,0.50975,1.25875
2025-10-17 13:00:00+02:00,0.013,0.003173645475,1.179,0.287825231925,-1.1660000000000001,0.43552325574999995,0.29539315575,0.27349999999999997,1.08525
2025-10-17 14:00:00+02:00,0.022,0.0053488897,0.686,0.1667881061,-0.664,0.43431903349999995,0.29418893349999997,0.07400000000000001,1.36925
2025-10-17 15:00:00+02:00,0.06,0.0146911545,0.355,0.086922664125,-0.295,0.43640171575,0.29627161575,0.0105,1.8239999999999998
2025-10-17 16:00:00+02:00,0.038,0.00973867895,0.26,0.0666330665,-0.222,0.45023014025,0.31010004025,0.022,1.2085
2025-10-17 17:00:00+02:00,0.325,0.0934362,0.047,0.013512312,0.278,0.4880002599999999,0.34787016,0.10575000000000001,0.82125
2025-10-17 18:00:00+02:00,0.883,0.2680049812,0.0,0.0,0.883,0.507384944,0.367254844,0.41625,0.41674999999999995
2025-10-17 19:00:00+02:00,0.265,0.08139539925,0.0,0.0,0.265,0.5117845645,0.3716544645,0.61875,0.0195
2025-10-17 20:00:00+02:00,0.324,0.0938494755,0.0,0.0,0.324,0.4906173387499999,0.35048723875,0.5675,0.0
2025-10-17 21:00:00+02:00,0.22,0.060205123,0.0,0.0,0.22,0.47125827649999996,0.3311281765,0.31174999999999997,0.0
2025-10-17 22:00:00+02:00,0.186,0.05049614955,0.0,0.0,0.186,0.46862655675000003,0.32849645675,0.32025000000000003,0.0
2025-10-17 23:00:00+02:00,0.277,0.071906533875,0.0,0.0,0.277,0.45423445375,0.31410435374999995,0.351,0.0
2025-10-18 00:00:00+02:00,1.085,0.2844026955,0.0,0.0,1.085,0.45729808299999997,0.317167983,0.78675,0.0
2025-10-18 01:00:00+02:00,0.174,0.04469816835,0.0,0.0,0.174,0.45096219024999995,0.31083209025,0.56875,0.0
2025-10-18 02:00:00+02:00,0.183,0.046945927875,0.0,0.0,0.183,0.4505376012499999,0.31040750124999994,0.784,0.0
2025-10-18 03:00:00+02:00,0.456,0.1155095766,0.0,0.0,0.456,0.44663577475,0.30650567474999996,0.3555,0.0
2025-10-18 04:00:00+02:00,0.619,0.15566633665,0.0,0.0,0.619,0.44442132349999997,0.30429122350000004,1.03,0.0
2025-10-18 05:00:00+02:00,0.529,0.13355797895,0.0,0.0,0.529,0.4456218855,0.3054917855,0.8434999999999999,0.0
2025-10-18 06:00:00+02:00,0.443,0.11363836,0.0,0.0,0.443,0.45051930000000007,0.31038920000000003,0.8587499999999999,0.0
2025-10-18 07:00:00+02:00,0.424,0.117877353,0.0,0.0,0.424,0.47652537624999997,0.33639527625,0.19825,0.0
2025-10-18 08:00:00+02:00,0.365,0.1044281425,0.0,0.0,0.365,0.48631654499999993,0.34618644499999995,0.22625000000000003,0.041
2025-10-18 09:00:00+02:00,0.044,0.0119197705,0.057,0.015441520875,-0.013000000000000005,0.46792378874999996,0.32779368875000003,0.1955,0.135
2025-10-18 10:00:00+02:00,0.004,0.0010200421,0.794,0.20247835685,-0.79,0.4486928352499999,0.30856273525,2.5825,0.30075
2025-10-18 11:00:00+02:00,0.003,0.000709801125,1.925,0.455455721875,-1.9220000000000002,0.42641655375,0.28628645375,1.6777499999999999,0.8415
2025-10-18 12:00:00+02:00,0.226,0.05190612625,1.008,0.23151051,-0.782,0.41803458125,0.27790448125,0.7020000000000001,0.6147499999999999
2025-10-18 13:00:00+02:00,0.087,0.019163613975,1.573,0.346486951525,-1.486,0.40665852425,0.26652842425,3.489,0.8775
2025-10-18 14:00:00+02:00,0.063,0.0141238944,2.19,0.490973472,-2.127,0.411398548,0.271268448,1.9315,0.49225
2025-10-18 15:00:00+02:00,0.37,0.0870172105,0.99,0.2328298335,-0.62,0.42469989649999995,0.28456979649999997,0.5594999999999999,0.5865
2025-10-18 16:00:00+02:00,0.046,0.01146971705,0.754,0.18800362295,-0.708,0.44183352675,0.30170342675,0.151,0.81025
2025-10-18 17:00:00+02:00,0.551,0.1555767785,0.11,0.031058885,0.44100000000000006,0.481777835,0.34164773499999995,0.5922499999999999,0.496
2025-10-18 18:00:00+02:00,0.549,0.165562657425,0.001,0.000301571325,0.548,0.5050314032500001,0.36490130325,0.46524999999999994,0.00075
2025-10-18 19:00:00+02:00,1.273,0.378693981325,0.0,0.0,1.273,0.50008274525,0.35995264525000004,1.0110000000000001,0.0
2025-10-18 20:00:00+02:00,0.777,0.219470934375,0.0,0.0,0.777,0.48190594375,0.34177584375000003,0.268,0.0
2025-10-18 21:00:00+02:00,0.19,0.04934516125,0.0,0.0,0.19,0.45438086375000003,0.31425076375,0.26,0.0
2025-10-18 22:00:00+02:00,0.192,0.0505261152,0.0,0.0,0.192,0.45854988849999995,0.31841978849999997,0.24375000000000002,0.0
2025-10-18 23:00:00+02:00,0.248,0.0649268092,0.0,0.0,0.248,0.4569100964999999,0.3167799965,0.203,0.0
2025-10-19 00:00:00+02:00,0.333,0.085825097325,0.0,0.0,0.333,0.45198706025,0.31185696025,0.18125,0.0
2025-10-19 01:00:00+02:00,0.705,0.176417137875,0.0,0.0,0.705,0.44291696075,0.30278686074999994,0.17775,0.0
2025-10-19 02:00:00+02:00,0.575,0.138918663125,0.0,0.0,0.575,0.43246328675,0.29233318675000003,1.3695,0.0
2025-10-19 03:00:00+02:00,0.534,0.1265174427,0.0,0.0,0.534,0.4268082005,0.2866781005,0.37775,0.0
2025-10-19 04:00:00+02:00,0.506,0.1198254046,0.0,0.0,0.506,0.42666911099999993,0.286539011,0.815,0.0
2025-10-19 05:00:00+02:00,0.472,0.111032867,0.0,0.0,0.472,0.42476944124999994,0.28463934125,0.374,0.0
2025-10-19 06:00:00+02:00,0.433,0.103309827225,0.0,0.0,0.433,0.42882499825000003,0.28869489825,0.93775,0.0
2025-10-19 07:00:00+02:00,0.482,0.11490746245,0.0,0.0,0.482,0.42859074225,0.28846064224999995,0.3155,0.00075
2025-10-19 08:00:00+02:00,0.505,0.121597422375,0.0,0.0,0.505,0.43148233974999994,0.29135223974999996,0.25575,0.08775
2025-10-19 09:00:00+02:00,0.113,0.026229941375,0.066,0.01532014275,0.047,0.42099938374999996,0.28086928375,0.28025,0.3095
2025-10-19 10:00:00+02:00,0.045,0.00995808825,0.475,0.10511315375,-0.43,0.4078920285,0.2677619285,2.0662499999999997,0.8075
2025-10-19 11:00:00+02:00,0.017,0.0036013956,1.043,0.2209562124,-1.026,0.39646472799999993,0.256334628,0.123,1.1184999999999998
2025-10-19 12:00:00+02:00,0.081,0.015214337325,0.119,0.022351927675,-0.03799999999999999,0.36740600324999995,0.22727590325,0.887,1.1425
2025-10-19 13:00:00+02:00,0.534,0.09101043435,0.309,0.052663341225,0.22500000000000003,0.34635224524999997,0.20622214525,1.4827499999999998,1.205
2025-10-19 14:00:00+02:00,3.239,0.604995562325,0.215,0.040158705125,3.024,0.36613955675000004,0.22600945675,2.034,1.4060000000000001
2025-10-19 15:00:00+02:00,3.101,0.70156946475,0.55,0.1244318625,2.551,0.4138801975,0.27375009749999996,1.02975,1.5955
2025-10-19 16:00:00+02:00,0.04,0.009617806,1.178,0.2832443867,-1.138,0.43106873149999997,0.2909386315,2.165,0.86725
2025-10-19 17:00:00+02:00,0.483,0.13341075825,0.283,0.07816820825,0.2,0.4743475275,0.3342174275,0.29674999999999996,0.9179999999999999
2025-10-19 18:00:00+02:00,0.474,0.1256282016,0.0,0.0,0.474,0.46082656399999994,0.320696464,0.3765,0.23025
2025-10-19 19:00:00+02:00,0.358,0.09271676425,0.0,0.0,0.358,0.45350240375000006,0.31337230375,0.6905000000000001,0.0335
2025-10-19 20:00:00+02:00,0.344,0.0825445544,0.0,0.0,0.344,0.430475771,0.29034567099999997,0.6712500000000001,0.0
2025-10-19 21:00:00+02:00,0.267,0.062006017425,0.0,0.0,0.267,0.42113115274999996,0.28100105275,0.6495,0.0
2025-10-19 22:00:00+02:00,0.16,0.0370744,0.0,0.0,0.16,0.42050524999999994,0.28037515,0.25125,0.0
2025-10-19 23:00:00+02:00,2.617,0.562390748425,0.0,0.0,2.617,0.40015792024999997,0.26002782025,0.20275,0.0
2025-10-20 00:00:00+02:00,4.886,1.08659228755,0.0,0.0,4.886,0.40922069925,0.26909059924999995,0.16725,0.0
2025-10-20 01:00:00+02:00,0.147,0.031384716825,0.0,0.0,0.147,0.39846688475,0.25833678475,0.51225,0.0
2025-10-20 02:00:00+02:00,0.142,0.0301398053,0.0,0.0,0.142,0.39695520149999997,0.2568251015,0.39525,0.0
2025-10-20 03:00:00+02:00,0.601,0.126619987175,0.0,0.0,0.601,0.39505553174999997,0.25492543175,0.6655,0.0
2025-10-20 04:00:00+02:00,0.319,0.0672548976,0.0,0.0,0.319,0.395234884,0.255104784,0.3055,0.0
2025-10-20 05:00:00+02:00,0.152,0.0342132582,0.0,0.0,0.152,0.41248564224999995,0.27235554224999997,0.19975,0.0
2025-10-20 06:00:00+02:00,0.157,0.0372189224,0.0,0.0,0.157,0.426976572,0.286846472,0.16375,0.0
2025-10-20 07:00:00+02:00,0.196,0.0499352238,0.0,0.0,0.196,0.44840367550000004,0.3082735755,0.384,0.0
2025-10-20 08:00:00+02:00,0.244,0.071160221,0.0,0.0,0.244,0.4930148025,0.3528847025,0.35500000000000004,0.18725
2025-10-20 09:00:00+02:00,0.284,0.0828438721,0.0,0.0,0.284,0.49309166774999996,0.35296156775,0.23,0.59475
2025-10-20 10:00:00+02:00,0.443,0.1179480412,0.015,0.003993726,0.428,0.462290664,0.322160564,0.428,0.8665
2025-10-20 11:00:00+02:00,0.421,0.09726929245,0.204,0.0471328638,0.217,0.4196926745,0.2795625745,0.18425000000000002,0.86425
2025-10-20 12:00:00+02:00,0.142,0.0308906587,1.438,0.3128223043,-1.296,0.4033533185,0.2632232185,0.20550000000000002,1.633
2025-10-20 13:00:00+02:00,0.122,0.02691370935,0.601,0.132583109175,-0.479,0.40706115175,0.26693105175,0.181,2.31925
2025-10-20 14:00:00+02:00,0.02,0.0045397385,1.324,0.3005306887,-1.304,0.41478427925,0.27465417925,0.049749999999999996,1.77175
2025-10-20 15:00:00+02:00,0.015,0.00373517925,0.533,0.13272336935,-0.518,0.4414345595,0.3013044595,0.0042499999999999994,2.253
2025-10-20 16:00:00+02:00,0.03,0.0081085125,0.516,0.139466415,-0.486,0.4671734375,0.3270433375,0.019500000000000003,1.62825
2025-10-20 17:00:00+02:00,0.806,0.22678939855,0.043,0.012099186275,0.763,0.48059557425,0.34046547424999996,0.26849999999999996,1.04925
2025-10-20 18:00:00+02:00,0.361,0.104221773975,0.0,0.0,0.361,0.4894606997499999,0.34933059974999997,0.44075,0.2965
2025-10-20 19:00:00+02:00,0.508,0.1376237786,0.0,0.0,0.508,0.4679347695,0.3278046695,0.31825000000000003,0.02125
2025-10-20 20:00:00+02:00,0.367,0.08981537785,0.0,0.0,0.367,0.4362516455,0.29612154549999997,0.47525,0.0
2025-10-20 21:00:00+02:00,0.34,0.0812813265,0.0,0.0,0.34,0.42939599725,0.28926589725,0.6865,0.0
2025-10-20 22:00:00+02:00,0.234,0.05249769525,0.0,0.0,0.234,0.41159254125,0.27146244125,0.33125,0.0
2025-10-20 23:00:00+02:00,0.155,0.032453652,0.0,0.0,0.155,0.39347796399999996,0.253347864,2.02675,0.0
2025-10-21 00:00:00+02:00,1.151,0.2414680598,0.0,0.0,1.151,0.393975758,0.253845658,1.86925,0.0
2025-10-21 01:00:00+02:00,0.146,0.02824484245,0.0,0.0,0.146,0.37421406825,0.23408396825,0.20525,0.0
2025-10-21 02:00:00+02:00,0.152,0.0273847684,0.0,0.0,0.152,0.3581272695,0.21799716949999998,1.01125,0.0
2025-10-21 03:00:00+02:00,3.63,0.610705392,0.0,0.0,3.63,0.343698564,0.203568464,0.22749999999999998,0.0
2025-10-21 04:00:00+02:00,0.697,0.120325706325,0.0,0.0,0.697,0.34901690724999995,0.20888680724999997,0.41374999999999995,0.0
2025-10-21 05:00:00+02:00,1.099,0.21386347675,0.0,0.0,1.099,0.3755939825,0.2354638825,0.44100000000000006,0.0
2025-10-21 06:00:00+02:00,0.155,0.035576828375,0.0,0.0,0.155,0.41785888925,0.27772878925,0.165,0.0
2025-10-21 07:00:00+02:00,0.488,0.1195530094,0.0,0.0,0.488,0.43656276674999994,0.29643266675,0.19925,0.00025
2025-10-21 08:00:00+02:00,0.276,0.0718481544,0.0,0.0,0.276,0.45511657399999994,0.31498647399999996,0.08850000000000001,0.13774999999999998
2025-10-21 09:00:00+02:00,3.482,0.8807315088,0.0,0.0,3.482,0.446185564,0.306055464,0.07650000000000001,0.38425
2025-10-21 10:00:00+02:00,2.315,0.5498937565,0.143,0.0339675193,2.172,0.42754757099999996,0.287417471,0.17675000000000002,0.6992499999999999
2025-10-21 11:00:00+02:00,0.02,0.0045290905,0.302,0.06838926655,-0.282,0.41414007524999996,0.27400997525,0.07475000000000001,1.5587499999999999
2025-10-21 12:00:00+02:00,4.584,0.9401277468,0.275,0.05639946125,4.308999999999999,0.3882877295,0.24815762949999998,0.21200000000000002,2.03175
2025-10-21 13:00:00+02:00,7.494,1.38249030975,0.137,0.025273708625,7.356999999999999,0.36335044625,0.22322034625,0.02325,1.871
2025-10-21 14:00:00+02:00,7.05,1.31273731875,0.095,0.017689368125,6.955,0.36543678874999996,0.22530668874999998,0.008,2.25325
2025-10-21 15:00:00+02:00,0.016,0.0034398848,2.56,0.550381568,-2.544,0.400271388,0.260141288,0.020499999999999997,2.105
2025-10-21 16:00:00+02:00,5.073,1.165162454775,0.999,0.229449495825,4.074000000000001,0.41804190174999994,0.27791180175,0.02675,0.8865
2025-10-21 17:00:00+02:00,0.338,0.0895216322,0.072,0.0190696968,0.266,0.46060694900000004,0.320476849,0.84475,0.69325
2025-10-21 18:00:00+02:00,0.446,0.1302982087,0.0,0.0,0.446,0.4936297245,0.3534996245,0.782,0.40725
2025-10-21 19:00:00+02:00,0.307,0.088669889,0.0,0.0,0.307,0.48961077000000003,0.34948067,0.4265,0.0435
2025-10-21 20:00:00+02:00,4.71,1.26544241175,0.0,0.0,4.71,0.46522252425000005,0.32509242425,0.36875,0.0
2025-10-21 21:00:00+02:00,0.905,0.22162169425,0.0,0.0,0.905,0.4364419785,0.29631187849999996,0.6092500000000001,0.0
2025-10-21 22:00:00+02:00,1.211,0.296435876275,0.0,0.0,1.211,0.43632119025,0.29619109024999996,0.77625,0.0
2025-10-21 23:00:00+02:00,0.366,0.08646509355,0.0,0.0,0.366,0.42598464425000004,0.28585454425,0.55975,0.0
2025-10-22 00:00:00+02:00,0.166,0.0402653999,0.0,0.0,0.166,0.4336309064999999,0.2935008065,0.62075,0.0
2025-10-22 01:00:00+02:00,0.529,0.127158679175,0.0,0.0,0.529,0.43098454575,0.29085444575,0.5197499999999999,0.0
2025-10-22 02:00:00+02:00,0.28,0.066631796,0.0,0.0,0.28,0.428074647,0.287944547,0.152,0.0
2025-10-22 03:00:00+02:00,0.333,0.080589021975,0.0,0.0,0.333,0.43296108074999995,0.29283098074999997,0.27575,0.0
2025-10-22 04:00:00+02:00,8.141,1.988468761125,0.0,0.0,8.141,0.43567698625,0.29554688625,0.20025,0.0
2025-10-22 05:00:00+02:00,5.549,1.3668951582,0.0,0.0,5.549,0.4381915779999999,0.298061478,0.157,0.0
2025-10-22 06:00:00+02:00,2.642,0.6724031347,0.0,0.0,2.642,0.44808157350000005,0.3079514735,0.30674999999999997,0.0
2025-10-22 07:00:00+02:00,0.169,0.04408293175,0.0,0.0,0.169,0.45575345749999996,0.3156233575,0.41525,0.00125
2025-10-22 08:00:00+02:00,0.196,0.0553015617,0.035,0.009875278875,0.161,0.48153259824999994,0.34140249824999996,0.10525000000000001,0.2155
2025-10-22 09:00:00+02:00,0.034,0.0101445069,0.217,0.06474582345,-0.183,0.5011551984999999,0.3610250985,0.037500000000000006,0.5860000000000001
2025-10-22 10:00:00+02:00,0.052,0.0139775207,0.576,0.1548279216,-0.5239999999999999,0.46537625474999994,0.32524615474999996,0.02825,0.9875
2025-10-22 11:00:00+02:00,0.018,0.00444502575,1.241,0.306459830875,-1.223,0.43893460875,0.29880450875,0.1115,1.701
2025-10-22 12:00:00+02:00,0.025,0.006069586875,2.334,0.56665663065,-2.309,0.43389810474999996,0.29376800475,0.14150000000000001,2.29425
2025-10-22 13:00:00+02:00,2.075,0.503662726875,1.383,0.335694241575,0.6920000000000002,0.43383222025,0.29370212025,0.69125,1.49525
2025-10-22 14:00:00+02:00,0.024,0.005986233,0.398,0.09927169725,-0.374,0.44193601374999997,0.30180591375,0.9715,1.38125
2025-10-22 15:00:00+02:00,0.036,0.0098702604,0.064,0.0175471296,-0.028000000000000004,0.47188051900000005,0.331750419,0.01525,2.13
2025-10-22 16:00:00+02:00,0.225,0.06689863125,0.0,0.0,0.225,0.4998960725,0.3597659725,1.2854999999999999,1.1952500000000001
2025-10-22 17:00:00+02:00,0.679,0.250126913575,0.0,0.0,0.679,0.5858643642499999,0.44573426424999996,2.0612500000000002,0.7055
2025-10-22 18:00:00+02:00,1.254,0.62231803425,0.0,0.0,1.254,0.74061241375,0.6004823137499999,2.4622499999999996,0.23
2025-10-22 19:00:00+02:00,0.79,0.3824508105,0.0,0.0,0.79,0.7259091894999999,0.5857790895,0.35,0.0
2025-10-22 20:00:00+02:00,0.534,0.18906541005,0.0,0.0,0.534,0.5685367407499999,0.42840664074999996,0.35375,0.0
2025-10-22 21:00:00+02:00,0.315,0.09234692775,0.0,0.0,0.315,0.4948595685,0.3547294685,1.2280000000000002,0.0
2025-10-22 22:00:00+02:00,0.215,0.059766861,0.0,0.0,0.215,0.476492434,0.336362334,0.236,0.0
2025-10-22 23:00:00+02:00,0.191,0.049996604075,0.0,0.0,0.191,0.45686251325000005,0.31673241325,0.301,0.0
2025-10-23 00:00:00+02:00,3.184,0.81411099,0.0,0.0,3.184,0.44951273125,0.30938263125,0.4555,0.0
2025-10-23 01:00:00+02:00,0.615,0.151748928375,0.0,0.0,0.615,0.43869303225,0.29856293225,0.5425,0.0
2025-10-23 02:00:00+02:00,0.469,0.11423857445,0.0,0.0,0.469,0.43486075049999995,0.29473065049999997,0.49224999999999997,0.0
2025-10-23 03:00:00+02:00,0.531,0.12095572005,0.0,0.0,0.531,0.4157542455,0.2756241455,0.47750000000000004,0.0
2025-10-23 04:00:00+02:00,0.788,0.1787369771,0.0,0.0,0.788,0.41458662575,0.27445652575,0.44999999999999996,0.0
2025-10-23 05:00:00+02:00,0.571,0.125975347575,0.0,0.0,0.571,0.40708311324999996,0.26695301325,1.05525,0.0
2025-10-23 06:00:00+02:00,0.421,0.0989732689,0.0,0.0,0.421,0.42459008899999995,0.28445998899999997,0.36575,0.0
2025-10-23 07:00:00+02:00,0.448,0.1122322432,0.0,0.0,0.448,0.443257364,0.30312726399999995,0.6647500000000001,0.0
2025-10-23 08:00:00+02:00,0.279,0.0774195147,0.0,0.0,0.279,0.475892153,0.335762053,0.21275000000000002,0.11850000000000001
2025-10-23 09:00:00+02:00,0.068,0.0180006013,0.198,0.05241351555,-0.13,0.46043491725,0.32030481725,0.17350000000000002,0.527
2025-10-23 10:00:00+02:00,0.01,0.00244447225,0.688,0.1681796908,-0.6779999999999999,0.43591124225,0.29578114224999996,0.01225,1.0379999999999998
2025-10-23 11:00:00+02:00,0.028,0.0064079785,0.994,0.22748323675,-0.966,0.41704631374999995,0.27691621375,0.00825,2.3215000000000003
2025-10-23 12:00:00+02:00,0.034,0.00754106485,1.675,0.371508341875,-1.641,0.40850329025000004,0.26837319025,0.15375,1.7607499999999998
2025-10-23 13:00:00+02:00,0.073,0.01644218785,0.909,0.20473902405,-0.8360000000000001,0.41266499449999994,0.2725348945,0.199,2.04725
2025-10-23 14:00:00+02:00,0.74,0.166530969,0.0,0.0,0.74,0.41243073849999995,0.27230063849999997,0.014000000000000002,2.1565000000000003
2025-10-23 15:00:00+02:00,0.834,0.2081754906,0.0,0.0,0.834,0.44215928899999996,0.302029189,0.09975,1.7547499999999998
2025-10-23 16:00:00+02:00,0.271,0.0693464068,0.04,0.010235632,0.231,0.4497579679999999,0.309627868,0.0275,1.43225
2025-10-23 17:00:00+02:00,0.565,0.159194739,0.001,0.0002817606,0.564,0.481060426,0.340930326,0.7665,0.493
2025-10-23 18:00:00+02:00,0.281,0.08143409505,0.0,0.0,0.281,0.49078937049999993,0.3506592705,0.50525,0.02575
2025-10-23 19:00:00+02:00,0.813,0.239698111125,0.0,0.0,0.813,0.49687636625,0.35674626625,0.5345,0.0
2025-10-23 20:00:00+02:00,0.59,0.159942156,0.0,0.0,0.59,0.46814706399999995,0.328016964,0.592,0.0
2025-10-23 21:00:00+02:00,0.369,0.094089953925,0.0,0.0,0.369,0.44866355325,0.30853345325000003,0.372,0.0
2025-10-23 22:00:00+02:00,0.219,0.0553696605,0.0,0.0,0.219,0.446053795,0.305923695,0.48774999999999996,0.0
2025-10-23 23:00:00+02:00,0.181,0.039885553675,0.0,0.0,0.181,0.40676833174999993,0.26663823175,0.24075000000000002,0.0
2025-10-24 00:00:00+02:00,0.757,0.12474137445,0.0,0.0,0.757,0.3395185585,0.1993884585,0.163,0.0
2025-10-24 01:00:00+02:00,0.595,0.092832152875,0.0,0.0,0.595,0.32891481424999996,0.18878471424999999,0.46675,0.0
2025-10-24 02:00:00+02:00,0.526,0.0803053405,0.0,0.0,0.526,0.32486291749999996,0.18473281749999998,0.44675,0.0
2025-10-24 03:00:00+02:00,7.613,1.13364155245,0.0,0.0,7.613,0.3203095665,0.1801794665,0.19525,0.0
2025-10-24 04:00:00+02:00,0.679,0.102039424025,0.0,0.0,0.679,0.32196765975,0.18183755975000002,0.4595,0.0
2025-10-24 05:00:00+02:00,0.489,0.076228901925,0.0,0.0,0.489,0.32875376325,0.18862366325,0.23225,0.0
2025-10-24 06:00:00+02:00,0.457,0.080356217975,0.0,0.0,0.457,0.35288945174999997,0.21275935175,0.16675,0.0
2025-10-24 07:00:00+02:00,0.42,0.095267172,0.0,0.0,0.42,0.4145902859999999,0.274460186,0.5695,0.0
2025-10-24 08:00:00+02:00,0.422,0.1076820987,0.0,0.0,0.422,0.4488868285,0.3087567285,0.485,0.035750000000000004
2025-10-24 09:00:00+02:00,0.908,0.2218674392,0.0,0.0,0.908,0.43579045399999994,0.29566035399999996,0.054,0.23075
2025-10-24 10:00:00+02:00,0.545,0.120199600125,0.034,0.00749869065,0.511,0.40699526724999996,0.26686516725,0.147,0.7927500000000001
2025-10-24 11:00:00+02:00,0.748,0.1453377464,0.495,0.096179391,0.253,0.375235278,0.235105178,1.741,1.08425
2025-10-24 12:00:00+02:00,0.009,0.00151550685,2.623,0.44168605195,-2.6140000000000003,0.3438815765,0.2037514765,0.514,0.63025
2025-10-24 13:00:00+02:00,0.001,0.000149008475,2.658,0.39606452655,-2.657,0.32043035475,0.18030025475,0.2725,0.7045
2025-10-24 14:00:00+02:00,0.004,0.0005972923,3.727,0.556527100525,-3.723,0.32081102075,0.18068092075,0.0795,0.54025
2025-10-24 15:00:00+02:00,0.026,0.00440384945,2.273,0.384998069225,-2.2470000000000003,0.34507847825,0.20494837825,0.0255,0.85575
2025-10-24 16:00:00+02:00,0.074,0.01450480845,0.495,0.097025407875,-0.421,0.37730331925000005,0.23717321924999998,0.0315,0.366
2025-10-24 17:00:00+02:00,0.859,0.200490535575,0.001,0.000233399925,0.858,0.42254400925,0.28241390925,0.187,0.1315
2025-10-24 18:00:00+02:00,0.318,0.08158778925,0.0,0.0,0.318,0.45057420374999996,0.31044410375,0.621,0.088
2025-10-24 19:00:00+02:00,0.362,0.0906438588,0.0,0.0,0.362,0.44311095399999995,0.30298085399999997,0.50675,0.0
2025-10-24 20:00:00+02:00,0.33,0.073487172,0.0,0.0,0.33,0.40958306399999994,0.269452964,0.32475,0.0
2025-10-24 21:00:00+02:00,0.258,0.0521465472,0.0,0.0,0.258,0.384693364,0.244563264,0.2345,0.0
2025-10-24 22:00:00+02:00,0.178,0.0325137648,0.0,0.0,0.178,0.36115063599999997,0.221020536,0.23349999999999999,0.0
2025-10-24 23:00:00+02:00,0.156,0.0249238704,0.0,0.0,0.156,0.333449864,0.193319764,0.29825,0.0
2025-10-25 00:00:00+02:00,0.16,0.024209196,0.0,0.0,0.16,0.32321214475,0.18308204474999998,0.9662499999999999,0.0
2025-10-25 01:00:00+02:00,0.156,0.0230343828,0.0,0.0,0.156,0.318794223,0.17866412299999998,0.5247499999999999,0.0
2025-10-25 02:00:00+02:00,0.163,0.024067483825,0.0,0.0,0.163,0.31879056275,0.17866046275,0.7442500000000001,0.0
2025-10-25 03:00:00+02:00,0.597,0.088011754875,0.0,0.0,0.597,0.31851238374999996,0.17838228374999998,0.38075,0.0
2025-10-25 04:00:00+02:00,5.851,0.8603971563,0.0,0.0,5.851,0.31806217299999995,0.177932073,1.0947500000000001,0.0
2025-10-25 05:00:00+02:00,5.507,0.8098781438,0.0,0.0,5.507,0.31807681400000004,0.177946714,0.8909999999999999,0.0
2025-10-25 06:00:00+02:00,1.989,0.2936883807,0.0,0.0,1.989,0.318794223,0.17866412299999998,0.88225,0.0
2025-10-25 07:00:00+02:00,0.844,0.1261129276,0.0,0.0,0.844,0.32093180899999996,0.180801709,0.2185,0.0
2025-10-25 08:00:00+02:00,0.898,0.13761807345,0.0,0.0,0.898,0.32556202524999994,0.18543192525,0.2785,0.021
2025-10-25 09:00:00+02:00,0.27,0.042774831,0.001,0.0001584253,0.269,0.33182471299999994,0.19169461299999999,0.1965,0.031000000000000003
2025-10-25 10:00:00+02:00,0.175,0.027546028125,0.21,0.03305523375,-0.035,0.33059120875,0.19046110875,2.572,0.30325
2025-10-25 11:00:00+02:00,0.405,0.06285136275,0.053,0.00822499315,0.35200000000000004,0.3279082455,0.1877781455,1.6757499999999999,0.7727499999999999
2025-10-25 12:00:00+02:00,0.997,0.154780286925,0.105,0.016300832625,0.892,0.32797779025,0.18784769025,0.7555000000000001,0.6475
2025-10-25 13:00:00+02:00,0.483,0.074183160975,0.536,0.0823233422,-0.05300000000000005,0.32597197325,0.18584187324999998,2.8437499999999996,1.25275
2025-10-25 14:00:00+02:00,0.034,0.005193925,1.52,0.232199,-1.486,0.32497272499999996,0.18484262499999998,1.50925,1.0310000000000001
2025-10-25 15:00:00+02:00,0.087,0.013295601,0.523,0.079926429,-0.43600000000000005,0.32504593,0.18491582999999998,0.6505,0.772
2025-10-25 16:00:00+02:00,1.146,0.1776796791,0.03,0.0046513005,1.1159999999999999,0.32773255349999997,0.1876024535,0.16075,0.73775
2025-10-25 17:00:00+02:00,0.441,0.085122801225,0.249,0.048062534025,0.192,0.37368699224999996,0.23355689224999998,0.66225,0.26025
2025-10-25 18:00:00+02:00,0.788,0.1764319392,0.0,0.0,0.788,0.411047164,0.270917064,0.317,0.001
2025-10-25 19:00:00+02:00,0.674,0.1581658276,0.0,0.0,0.674,0.42407765399999997,0.283947554,1.18825,0.0
2025-10-25 20:00:00+02:00,0.739,0.1580391406,0.0,0.0,0.739,0.398895134,0.258765034,0.38575,0.0
2025-10-25 21:00:00+02:00,0.555,0.110899767,0.0,0.0,0.555,0.381911574,0.241781474,0.22875,0.0
2025-10-25 22:00:00+02:00,1.111,0.205555081325,0.0,0.0,1.111,0.36400197074999996,0.22387187075,0.21575,0.0
2025-10-25 23:00:00+02:00,1.197,0.1915179651,0.0,0.0,1.197,0.333728043,0.193597943,0.1915,0.0
2025-10-26 00:00:00+02:00,0.701,0.116236577875,0.0,0.0,0.701,0.34076670374999996,0.20063660374999998,0.20025,0.0
2025-10-26 01:00:00+02:00,0.752,0.114513432,0.0,0.0,0.752,0.324387085,0.184256985,0.29375,0.0
2025-10-26 02:00:00+02:00,0.716,0.1084942628,0.0,0.0,0.716,0.32347934300000003,0.183349243,1.44225,0.0
2025-10-26 02:00:00+01:00,3.133,0.470388071725,0.0,0.0,3.133,0.32179928825,0.18166918825,0.47450000000000003,0.0
2025-10-26 03:00:00+01:00,1.043,0.154545038725,0.0,0.0,1.043,0.31942012575,0.17929002575,0.90425,0.0
2025-10-26 04:00:00+01:00,0.608,0.0898688296,0.0,0.0,0.608,0.31898089575,0.17885079574999999,0.4575,0.0
2025-10-26 05:00:00+01:00,0.431,0.06369983895,0.0,0.0,0.431,0.31896259450000003,0.1788324945,1.00925,0.0
2025-10-26 06:00:00+01:00,0.431,0.0637233069,0.0,0.0,0.431,0.319028479,0.178898379,0.40574999999999994,0.0
2025-10-26 07:00:00+01:00,0.412,0.0620320899,0.0,0.0,0.412,0.32231172324999996,0.18218162324999998,0.3035,0.055999999999999994
2025-10-26 08:00:00+01:00,0.117,0.017890554825,0.045,0.006880982625,0.07200000000000001,0.32515207725,0.18502197725,0.189,0.292
2025-10-26 09:00:00+01:00,0.383,0.058365532775,0.459,0.069947205075,-0.07600000000000001,0.32452251424999995,0.18439241425,2.0212499999999998,0.7902499999999999
2025-10-26 10:00:00+01:00,0.049,0.0073353588,0.855,0.127994526,-0.8059999999999999,0.321268552,0.181138452,0.08725,1.3042500000000001
2025-10-26 11:00:00+01:00,0.023,0.0034055571,1.407,0.2083312539,-1.3840000000000001,0.319292017,0.179161917,0.857,1.0430000000000001
2025-10-26 12:00:00+01:00,0.205,0.030356979125,0.24,0.035539878,-0.035,0.31931031825,0.17918021825,1.5929999999999997,0.97875
2025-10-26 13:00:00+01:00,2.809,0.4150384579,0.02,0.002955062,2.789,0.318911351,0.178781251,2.3435,1.0725
2025-10-26 14:00:00+01:00,4.679,0.6908838277,0.654,0.0965672202,4.025,0.318794223,0.17866412299999998,1.8024999999999998,1.05275
2025-10-26 15:00:00+01:00,0.525,0.0795904725,0.357,0.0541215213,0.16800000000000004,0.323567189,0.183437089,1.0635000000000001,0.7949999999999999
2025-10-26 16:00:00+01:00,1.161,0.210732036075,0.009,0.001633581675,1.1520000000000001,0.35975608075,0.21962598074999998,0.35274999999999995,0.5395
2025-10-26 17:00:00+01:00,0.576,0.123257376,0.0,0.0,0.576,0.399056185,0.258926085,0.38575,0.03900000000000001
2025-10-26 18:00:00+01:00,0.334,0.0855301689,0.0,0.0,0.334,0.4499849035,0.3098548035,0.6635,0.0
2025-10-26 19:00:00+01:00,0.326,0.07773721835,0.0,0.0,0.326,0.42866394725,0.28853384725,0.4465,0.0
2025-10-26 20:00:00+01:00,0.332,0.0679921143,0.0,0.0,0.332,0.38793268524999996,0.24780258525,0.42100000000000004,0.0
2025-10-26 21:00:00+01:00,0.274,0.0536895876,0.0,0.0,0.274,0.37722645399999993,0.23709635399999998,0.22899999999999998,0.0
2025-10-26 22:00:00+01:00,0.2,0.03434948,0.0,0.0,0.2,0.34794445399999996,0.20781435399999998,0.8205,0.0
2025-10-26 23:00:00+01:00,0.183,0.02844821925,0.0,0.0,0.183,0.32823034749999996,0.18810024749999998,1.3527500000000001,0.0
2025-10-27 00:00:00+01:00,0.336,0.0500099292,0.0,0.0,0.336,0.32022538075,0.18009528074999998,0.5095000000000001,0.0
2025-10-27 01:00:00+01:00,0.182,0.027076049,0.0,0.0,0.182,0.32014119499999993,0.18001109499999998,0.39025,0.0
2025-10-27 02:00:00+01:00,0.189,0.0279070407,0.0,0.0,0.189,0.318794223,0.17866412299999998,0.776,0.0
2025-10-27 03:00:00+01:00,11.121,1.63650130215,0.0,0.0,11.121,0.3181866215,0.1780565215,0.344,0.0
2025-10-27 04:00:00+01:00,11.572,1.6973719917,0.0,0.0,11.572,0.31761196225,0.17748186224999998,0.197,0.0
2025-10-27 05:00:00+01:00,2.797,0.4360760745,0.0,0.0,2.797,0.328779385,0.188649285,0.16225,0.0
2025-10-27 06:00:00+01:00,0.577,0.1193032896,0.0,0.0,0.577,0.390315508,0.250185408,0.38650000000000007,0.0
2025-10-27 07:00:00+01:00,0.585,0.14369355,0.0,0.0,0.585,0.43734239999999996,0.2972123,0.3935,0.08125
2025-10-27 08:00:00+01:00,0.404,0.1056700986,0.0,0.0,0.404,0.4566172765,0.31648717649999997,0.29174999999999995,0.27275
2025-10-27 09:00:00+01:00,0.279,0.0732300228,0.332,0.0871411024,-0.05299999999999999,0.45772267200000005,0.317592572,0.52825,0.4175
2025-10-27 10:00:00+01:00,0.185,0.04715288325,0.018,0.0045878481,0.167,0.4485354445,0.30840534449999996,0.28125,0.63325
2025-10-27 11:00:00+01:00,0.082,0.0204284058,0.143,0.0356251467,-0.060999999999999985,0.441573649,0.30144354900000003,0.21525000000000002,1.7469999999999999
2025-10-27 12:00:00+01:00,0.693,0.16379425755,1.601,0.37840491535,-0.908,0.4261200735,0.2859899735,0.18924999999999997,1.52075
2025-10-27 13:00:00+01:00,0.218,0.0506563112,1.854,0.4308110136,-1.6360000000000001,0.42129586399999996,0.281165764,0.05474999999999999,0.9572499999999999
2025-10-27 14:00:00+01:00,0.021,0.0049178514,2.22,0.519887148,-2.1990000000000003,0.42349201399999997,0.283361914,0.008,1.4735
2025-10-27 15:00:00+01:00,0.012,0.0028969578,1.246,0.3008007849,-1.234,0.43224001149999997,0.2921099115,0.027000000000000003,1.024
2025-10-27 16:00:00+01:00,0.069,0.018553356525,0.279,0.075020093775,-0.21000000000000002,0.46548606224999994,0.32535596225,0.45925,0.5982500000000001
2025-10-27 17:00:00+01:00,0.653,0.1831995418,0.0,0.0,0.653,0.4795963259999999,0.339466226,0.4945,0.21175
2025-10-27 18:00:00+01:00,0.495,0.14930925075,0.0,0.0,0.495,0.5051082685,0.3649781685,0.36225,0.0
2025-10-27 19:00:00+01:00,0.412,0.1205072396,0.0,0.0,0.412,0.49404699300000005,0.353916893,0.47175,0.0
2025-10-27 20:00:00+01:00,0.366,0.09659773035,0.0,0.0,0.366,0.45948325225,0.31935315225,0.6897500000000001,0.0
2025-10-27 21:00:00+01:00,0.35,0.08979999875,0.0,0.0,0.35,0.45058152425000003,0.31045142425,0.3125,0.0
2025-10-27 22:00:00+01:00,0.424,0.1084835906,0.0,0.0,0.424,0.44971770525,0.30958760524999995,0.8069999999999999,0.0
2025-10-27 23:00:00+01:00,0.92,0.223833907,0.0,0.0,0.92,0.43452034725,0.29439024724999996,1.59625,0.0
2025-10-28 00:00:00+01:00,0.748,0.1617106436,0.0,0.0,0.748,0.40172084700000005,0.261590747,0.18075,0.0
2025-10-28 01:00:00+01:00,0.678,0.1242219396,0.0,0.0,0.678,0.36182412199999997,0.221694022,0.98925,0.0
2025-10-28 02:00:00+01:00,0.527,0.09013146615,0.0,0.0,0.527,0.3470733145,0.2069432145,1.0625,0.0
2025-10-28 03:00:00+01:00,0.838,0.13377184645,0.0,0.0,0.838,0.3332851527499999,0.19315505274999997,0.5235,0.0
2025-10-28 04:00:00+01:00,3.388,0.5419307586,0.0,0.0,3.388,0.3336767995,0.1935466995,0.6562500000000001,0.0
2025-10-28 05:00:00+01:00,4.93,0.90023833625,0.0,0.0,4.93,0.36108109125,0.22095099125,0.1525,0.0
2025-10-28 06:00:00+01:00,1.208,0.261951327,0.0,0.0,1.208,0.40251512125,0.26238502125,0.27,0.00025
2025-10-28 07:00:00+01:00,0.756,0.1806330834,0.0,0.0,0.756,0.42923860649999995,0.2891085065,0.154,0.01975
2025-10-28 08:00:00+01:00,0.161,0.040627138475,0.001,0.000252342475,0.16,0.44546449475000005,0.30533439475,0.93975,0.14925
2025-10-28 09:00:00+01:00,0.026,0.00652016365,0.091,0.022820572775,-0.065,0.4435684852499999,0.30343838525,0.7535,0.427
2025-10-28 10:00:00+01:00,0.009,0.002158643025,0.565,0.135514812125,-0.5559999999999999,0.43034766225000004,0.29021756225,0.0655,1.2585
2025-10-28 11:00:00+01:00,0.039,0.009033227775,1.278,0.29601192555,-1.239,0.42039178225,0.28026168225,1.3519999999999999,1.37375
2025-10-28 12:00:00+01:00,0.135,0.0300090285,1.821,0.4047884511,-1.686,0.409099911,0.268969811,1.89625,1.12275
2025-10-28 13:00:00+01:00,0.006,0.00128659905,1.937,0.415357059975,-1.931,0.39959424174999997,0.25946414175,1.76975,1.55725
2025-10-28 14:00:00+01:00,0.031,0.006763521875,0.67,0.14617934375,-0.639,0.40412563124999995,0.26399553124999997,0.0225,2.004
2025-10-28 15:00:00+01:00,0.805,0.186937240875,0.043,0.009985467525,0.762,0.42111651175,0.28098641175,1.29,0.61975
2025-10-28 16:00:00+01:00,0.433,0.1090717474,0.001,0.0002518978,0.432,0.44492643800000004,0.304796338,0.92625,0.037250000000000005
2025-10-28 17:00:00+01:00,0.814,0.2215918012,0.0,0.0,0.814,0.469523318,0.329393218,0.8787499999999999,0.0
2025-10-28 18:00:00+01:00,1.328,0.3916287936,0.0,0.0,1.328,0.4969605519999999,0.35683045199999996,0.45125000000000004,0.0
2025-10-28 19:00:00+01:00,1.151,0.3299887074,0.0,0.0,1.151,0.48703395399999994,0.34690385399999996,1.47275,0.0
2025-10-28 20:00:00+01:00,0.531,0.137447345475,0.0,0.0,0.531,0.4533340322499999,0.31320393225,0.7772500000000001,0.0
2025-10-28 21:00:00+01:00,0.258,0.0639937782,0.0,0.0,0.258,0.440255959,0.300125859,1.00075,0.0
2025-10-28 22:00:00+01:00,0.183,0.04562897295,0.0,0.0,0.183,0.44182986649999995,0.30169976649999997,0.57925,0.0
2025-10-28 23:00:00+01:00,0.177,0.041853636825,0.0,0.0,0.177,0.42624818224999994,0.28611808224999996,0.62475,0.0
2025-10-29 00:00:00+01:00,2.579,0.5716608821,0.0,0.0,2.579,0.408338579,0.268208479,0.617,0.0
2025-10-29 01:00:00+01:00,2.149,0.4647758346,0.0,0.0,2.149,0.401823334,0.261693234,0.18275,0.0
2025-10-29 02:00:00+01:00,0.174,0.03752507055,0.0,0.0,0.174,0.40108030325,0.26095020324999996,0.318,0.0
2025-10-29 03:00:00+01:00,0.705,0.151712809875,0.0,0.0,0.705,0.40051662475,0.26038652475,2.19625,0.0
2025-10-29 04:00:00+01:00,0.905,0.19123405675,0.0,0.0,0.905,0.3958132035,0.2556831035,1.504,0.0
2025-10-29 05:00:00+01:00,0.701,0.157298423975,0.0,0.0,0.701,0.41164378474999996,0.27151368475,0.791,0.0
2025-10-29 06:00:00+01:00,0.424,0.1104228818,0.0,0.0,0.424,0.4552520032499999,0.31512190325,0.2135,0.0
2025-10-29 07:00:00+01:00,0.431,0.11944404285,0.0,0.0,0.431,0.4754602435,0.3353301435,0.14750000000000002,0.1
2025-10-29 08:00:00+01:00,0.298,0.08011096005,0.002,0.00053765745,0.296,0.4654128572499999,0.32528275725,0.04375,0.36475
2025-10-29 09:00:00+01:00,0.012,0.0030888396,0.478,0.1230387774,-0.46599999999999997,0.45158809299999997,0.311457993,0.04075,0.72325
2025-10-29 10:00:00+01:00,0.011,0.002753839,0.446,0.111655654,-0.435,0.44305239,0.30292229,0.11599999999999999,1.288
2025-10-29 11:00:00+01:00,0.076,0.018948358,0.699,0.1742750295,-0.623,0.441807905,0.30167780499999997,0.14775,1.877
2025-10-29 12:00:00+01:00,2.194,0.56251949545,0.488,0.1251182834,1.706,0.45036190924999997,0.31023180925,0.8545,1.05475
2025-10-29 13:00:00+01:00,0.193,0.047182985025,0.175,0.042782499375,0.018000000000000016,0.43594052424999996,0.29581042425,0.20675000000000002,0.9225
2025-10-29 14:00:00+01:00,0.208,0.0529887072,0.131,0.0333726954,0.07699999999999999,0.448381714,0.308251614,0.02425,1.08
2025-10-29 15:00:00+01:00,1.095,0.313208242875,0.0,0.0,1.095,0.48623235925,0.34610225925,0.14575,0.9742500000000001
2025-10-29 16:00:00+01:00,0.402,0.1185113688,0.0,0.0,0.402,0.49684342400000003,0.356713324,2.2185,0.27875
2025-10-29 17:00:00+01:00,1.229,0.369210987475,0.0,0.0,1.229,0.50363318775,0.36350308775,2.76825,0.01
2025-10-29 18:00:00+01:00,0.502,0.15262490485,0.0,0.0,0.502,0.50801084675,0.36788074675,0.46475000000000005,0.0
2025-10-29 19:00:00+01:00,0.442,0.12652103035,0.0,0.0,0.442,0.48648857674999996,0.34635847675,0.4255,0.0
2025-10-29 20:00:00+01:00,0.486,0.1321753059,0.0,0.0,0.486,0.4692085365,0.3290784365,1.258,0.0
2025-10-29 21:00:00+01:00,0.423,0.11116691685,0.0,0.0,0.423,0.4581252995,0.3179951995,0.21975,0.0
2025-10-29 22:00:00+01:00,0.217,0.05637771755,0.0,0.0,0.217,0.4544943315,0.3143642315,0.19125,0.0
2025-10-29 23:00:00+01:00,2.664,0.6692022612,0.0,0.0,2.664,0.44408458050000005,0.3039544805,0.9632500000000002,0.0
2025-10-30 00:00:00+01:00,5.314,1.22951705195,0.0,0.0,5.314,0.4200916417499999,0.27996154175,0.46425,0.0
2025-10-30 01:00:00+01:00,0.176,0.039762294,0.0,0.0,0.176,0.41349587125,0.27336577125,0.575,0.0
2025-10-30 02:00:00+01:00,0.177,0.039070497675,0.0,0.0,0.177,0.40722220275000004,0.26709210275,0.5720000000000001,0.0
2025-10-30 03:00:00+01:00,0.446,0.09576401615,0.0,0.0,0.446,0.39993830524999996,0.25980820525,0.46475000000000005,0.0
2025-10-30 04:00:00+01:00,1.306,0.2773751365,0.0,0.0,1.306,0.3971162525,0.2569861525,0.39249999999999996,0.0
2025-10-30 05:00:00+01:00,0.912,0.1997564316,0.0,0.0,0.912,0.40515782175,0.26502772175,0.376,0.0
2025-10-30 06:00:00+01:00,0.59,0.13593548375,0.0,0.0,0.59,0.41891304125,0.27878294125,0.7175,0.0
2025-10-30 07:00:00+01:00,0.458,0.11354455475,0.0,0.0,0.458,0.44010588875,0.29997578874999997,0.2725,0.034
2025-10-30 08:00:00+01:00,0.157,0.0413602684,0.244,0.0642796528,-0.087,0.458893952,0.31876385199999996,0.028500000000000004,0.40750000000000003
2025-10-30 09:00:00+01:00,0.062,0.0146093948,0.385,0.090719629,-0.323,0.425248934,0.285118834,0.00975,0.8589999999999999
2025-10-30 10:00:00+01:00,0.211,0.046278128875,0.109,0.023906711125,0.102,0.40551652625,0.26538642625,0.01525,1.794
2025-10-30 11:00:00+01:00,0.992,0.208060468,0.026,0.00545319775,0.966,0.39391353375,0.25378343375,0.16225,1.4145
2025-10-30 12:00:00+01:00,0.296,0.0596094642,1.094,0.22031335755,-0.798,0.38380392324999996,0.24367382325,0.12375,1.46
2025-10-30 13:00:00+01:00,0.012,0.0025209261,1.583,0.332552168025,-1.571,0.39432348175,0.25419338175,0.19825,1.15225
2025-10-30 14:00:00+01:00,0.0,0.0,2.876,0.7030911184,-2.876,0.435936864,0.295806764,0.30624999999999997,1.1269999999999998
2025-10-30 15:00:00+01:00,0.003,0.000797665275,1.459,0.387931212075,-1.4560000000000002,0.46185509424999993,0.32172499424999995,0.09275000000000001,1.102
2025-10-30 16:00:00+01:00,0.073,0.02075357515,0.092,0.0261551906,-0.019000000000000003,0.4841277155,0.3439976155,0.9025000000000001,0.2095
2025-10-30 17:00:00+01:00,1.29,0.37256731875,0.0,0.0,1.29,0.48959246875,0.34946236875,0.5145,0.019
2025-10-30 18:00:00+01:00,0.704,0.2043798416,0.0,0.0,0.704,0.49140795274999993,0.35127785275,0.5175,0.0
2025-10-30 19:00:00+01:00,1.4,0.39983482,0.0,0.0,1.4,0.48570162299999997,0.34557152300000005,0.39025,0.0
2025-10-30 20:00:00+01:00,0.29,0.0784384315,0.0,0.0,0.29,0.4674076935,0.3272775935,0.31575,0.0
2025-10-30 21:00:00+01:00,0.494,0.1270705579,0.0,0.0,0.494,0.4513757985,0.31124569849999995,0.5045,0.0
2025-10-30 22:00:00+01:00,0.242,0.0622037526,0.0,0.0,0.242,0.45114886299999996,0.311018763,0.24775000000000003,0.0
2025-10-30 23:00:00+01:00,0.594,0.14234106645,0.0,0.0,0.594,0.43008412425,0.28995402425,0.31625,0.0
2025-10-31 00:00:00+01:00,0.762,0.18361336785,0.0,0.0,0.762,0.43169463425,0.29156453425,0.581,0.0
2025-10-31 01:00:00+01:00,0.48,0.110805024,0.0,0.0,0.48,0.419451098,0.279320998,0.5429999999999999,0.0
2025-10-31 02:00:00+01:00,1.004,0.2287148897,0.0,0.0,1.004,0.41577254674999997,0.27564244675,2.06275,0.0
2025-10-31 03:00:00+01:00,0.802,0.1828174238,0.0,0.0,0.802,0.415951899,0.27582179900000003,0.58975,0.0
2025-10-31 04:00:00+01:00,0.435,0.100871029875,0.0,0.0,0.435,0.42071388425,0.28058378425,0.245,0.0
2025-10-31 05:00:00+01:00,0.439,0.107320299625,0.0,0.0,0.439,0.43593320375,0.29580310375,0.24100000000000002,0.0
2025-10-31 06:00:00+01:00,0.465,0.128611943625,0.0,0.0,0.465,0.47479773825,0.33466763824999995,0.29775,0.0
2025-10-31 07:00:00+01:00,0.587,0.162536411125,0.0,0.0,0.587,0.47517108374999995,0.33504098374999997,0.2075,0.035250000000000004
2025-10-31 08:00:00+01:00,1.296,0.3445012296,0.0,0.0,1.296,0.4617709085,0.3216408085,0.26725,0.21825
2025-10-31 09:00:00+01:00,0.223,0.054847669525,0.119,0.029268487325,0.10400000000000001,0.43773404675,0.29760394675,0.28075,0.41975
2025-10-31 10:00:00+01:00,0.146,0.03513899895,0.151,0.036342389325,-0.0050000000000000044,0.43135057075,0.29122047074999996,1.9260000000000002,0.8440000000000001
2025-10-31 11:00:00+01:00,0.05,0.01168814625,0.736,0.1720495128,-0.6859999999999999,0.42298323925000003,0.28285313925,0.42100000000000004,1.1525
2025-10-31 12:00:00+01:00,0.116,0.0273158105,0.958,0.22559091775,-0.842,0.42506226125,0.28493216125,0.2395,1.2129999999999999
2025-10-31 13:00:00+01:00,0.398,0.094654549,0.872,0.207383836,-0.474,0.42789895499999997,0.287768855,0.079,1.2465000000000002
2025-10-31 14:00:00+01:00,0.197,0.051130960925,0.388,0.1007046337,-0.191,0.45418321025,0.31405311025,0.0315,0.76575
2025-10-31 15:00:00+01:00,0.072,0.0204542514,0.123,0.034942679475,-0.051000000000000004,0.48387515825,0.34374505824999996,0.047999999999999994,0.22275
2025-10-31 16:00:00+01:00,0.105,0.03028046175,0.002,0.0005767707,0.103,0.48907637349999994,0.34894627349999996,0.39925,0.01225
2025-10-31 17:00:00+01:00,0.699,0.1965531381,0.0,0.0,0.699,0.480372299,0.34024219899999997,0.68125,0.0
2025-10-31 18:00:00+01:00,0.352,0.0940654968,0.0,0.0,0.352,0.46348024525,0.32335014525,0.305,0.0
2025-10-31 19:00:00+01:00,0.272,0.0674885244,0.0,0.0,0.272,0.44035478575,0.30022468575,0.371,0.0
2025-10-31 20:00:00+01:00,0.261,0.0627672375,0.0,0.0,0.261,0.431119975,0.290989875,0.2505,0.0
2025-10-31 21:00:00+01:00,0.212,0.0509589806,0.0,0.0,0.212,0.43098088549999997,0.2908507855,0.20900000000000002,0.0
2025-10-31 22:00:00+01:00,0.191,0.045082049925,0.0,0.0,0.191,0.42572842674999994,0.28559832674999996,0.26525,0.0
2025-11-01 00:00:00+01:00,0.73,0.15222129725,0.0,0.0,0.73,0.39244211324999995,0.25231201325,0.9409999999999998,0.0
2025-11-01 01:00:00+01:00,0.18,0.033677325,0.0,0.0,0.18,0.3665165625,0.2263864625,0.52,0.0
2025-11-01 02:00:00+01:00,4.261,0.742397971425,0.0,0.0,4.261,0.35094951925,0.21081941925,0.638,0.0
2025-11-01 03:00:00+01:00,0.939,0.159438702225,0.0,0.0,0.939,0.34558359275,0.20545349275,0.44775,0.0
2025-11-01 04:00:00+01:00,0.564,0.0933714408,0.0,0.0,0.564,0.340448262,0.200318162,2.51875,0.0
2025-11-01 05:00:00+01:00,0.315,0.049285553625,0.0,0.0,0.315,0.32944921075,0.18931911075,2.2285,0.0
2025-11-01 06:00:00+01:00,6.93,1.090508265,0.0,0.0,6.93,0.330536305,0.19040620499999997,1.3412499999999998,0.0
2025-11-01 07:00:00+01:00,3.286,0.5414996114,0.0,0.0,3.286,0.33952587900000003,0.19939577899999997,0.3945,0.0
2025-11-01 08:00:00+01:00,0.19,0.03438326925,0.0,0.0,0.19,0.35909723574999997,0.21896713574999999,0.49149999999999994,0.0
2025-11-01 09:00:00+01:00,0.17,0.030492968,0.0,0.0,0.17,0.357168284,0.21703818400000002,0.218,0.019000000000000003
2025-11-01 10:00:00+01:00,0.105,0.017830197,0.065,0.011037741,0.039999999999999994,0.345601894,0.20547179399999999,2.6085000000000003,0.30075
2025-11-01 11:00:00+01:00,0.01,0.00166734975,0.317,0.052854987075,-0.307,0.34187941974999997,0.20174931975000002,1.7745,0.65775
2025-11-01 12:00:00+01:00,0.094,0.0162710757,0.079,0.01367462745,0.015,0.34957692549999997,0.2094468255,0.9607500000000001,0.6305000000000001
2025-11-01 13:00:00+01:00,7.776,1.4411939256,0.001,0.000185338725,7.7749999999999995,0.36438995725,0.22425985725,2.8434999999999997,0.9924999999999999
2025-11-01 14:00:00+01:00,0.063,0.012993212925,0.059,0.012168247025,0.0040000000000000036,0.38968228474999994,0.24955218475,1.5015,1.186
2025-11-01 15:00:00+01:00,0.199,0.04267400775,0.881,0.18892362225,-0.6819999999999999,0.3996052225,0.2594751225,0.6702499999999999,0.71175
2025-11-01 16:00:00+01:00,0.048,0.0112394964,0.908,0.2126138069,-0.86,0.42345907174999997,0.28332897175,0.44549999999999995,0.5122500000000001
2025-11-01 17:00:00+01:00,0.5,0.1245740375,0.0,0.0,0.5,0.44159927075,0.30146917074999996,0.767,0.207
2025-11-01 18:00:00+01:00,1.673,0.42546355775,0.0,0.0,1.673,0.4478473175,0.3077172175,0.47675,0.001
2025-11-01 19:00:00+01:00,1.689,0.422430723,0.0,0.0,1.689,0.44275957000000005,0.30262947,0.6635000000000001,0.0
2025-11-01 20:00:00+01:00,0.454,0.1105601684,0.0,0.0,0.454,0.434794866,0.294664766,0.49274999999999997,0.0
2025-11-01 21:00:00+01:00,0.516,0.1230754041,0.0,0.0,0.516,0.42873715225,0.28860705225,0.271,0.0
2025-11-01 22:00:00+01:00,1.006,0.2426486084,0.0,0.0,1.006,0.431983794,0.291853694,0.407,0.0
2025-11-01 23:00:00+01:00,0.797,0.187919549125,0.0,0.0,0.797,0.42542828625,0.28529818625,0.44025,0.0
2025-11-02 00:00:00+01:00,0.624,0.1347614268,0.0,0.0,0.624,0.40144632824999993,0.26131622825,0.33775,0.0
2025-11-02 01:00:00+01:00,1.022,0.21747508475,0.0,0.0,1.022,0.39761038624999995,0.25748028624999997,0.44149999999999995,0.0
2025-11-02 02:00:00+01:00,0.685,0.145548132125,0.0,0.0,0.685,0.39722972025000003,0.25709962025,1.58375,0.0
2025-11-02 03:00:00+01:00,0.538,0.11512093065,0.0,0.0,0.538,0.39904520424999995,0.25891510424999997,1.10775,0.0
2025-11-02 04:00:00+01:00,0.578,0.12587616085,0.0,0.0,0.578,0.40364247824999994,0.26351237825,0.562,0.0
2025-11-02 05:00:00+01:00,0.666,0.14657586075,0.0,0.0,0.666,0.40643158875,0.26630148875,0.459,0.0
2025-11-02 06:00:00+01:00,0.682,0.15187555185,0.0,0.0,0.682,0.40958672425000003,0.26945662425,0.9924999999999999,0.0
2025-11-02 07:00:00+01:00,1.108,0.2512635422,0.0,0.0,1.108,0.41452440150000003,0.2743943015,0.40549999999999997,0.0
2025-11-02 08:00:00+01:00,0.201,0.0462001716,0.019,0.0043671804,0.18200000000000002,0.418250536,0.27812043599999997,0.3885,0.005
2025-11-02 09:00:00+01:00,0.261,0.059826256875,0.322,0.07380863875,-0.061,0.41748554374999997,0.27735544375,0.20175,0.11349999999999999
2025-11-02 10:00:00+01:00,0.039,0.008854613625,0.615,0.139630445625,-0.576,0.41485016374999995,0.27472006374999997,2.1134999999999997,0.4765
2025-11-02 11:00:00+01:00,0.013,0.002935571925,0.567,0.128036098575,-0.5539999999999999,0.41336410225,0.27323400225,0.037,0.8527499999999999
2025-11-02 12:00:00+01:00,3.657,0.830622181125,1.648,0.374313742,2.0090000000000003,0.41495997124999995,0.27482987124999997,0.5002500000000001,0.64925
2025-11-02 13:00:00+01:00,0.01,0.00231034375,3.035,0.701189328125,-3.0250000000000004,0.41968169375,0.27955159375,1.6432499999999999,0.26075
2025-11-02 14:00:00+01:00,0.006,0.00143669955,1.493,0.357498738025,-1.487,0.42986450925,0.28973440925,3.0404999999999998,0.25375000000000003
2025-11-02 15:00:00+01:00,0.694,0.17915223095,0.072,0.0185863986,0.622,0.45248485424999996,0.31235475425,2.252,0.6545000000000001
2025-11-02 16:00:00+01:00,1.31,0.3495383265,0.0,0.0,1.31,0.46298611149999996,0.3228560115,0.39375000000000004,0.46524999999999994
2025-11-02 17:00:00+01:00,1.88,0.544968149,0.0,0.0,1.88,0.49088087675,0.35075077674999994,0.593,0.11624999999999999
2025-11-02 18:00:00+01:00,0.641,0.18946988885,0.0,0.0,0.641,0.49778776849999995,0.3576576685,0.3857499999999999,0.004
2025-11-02 19:00:00+01:00,0.352,0.0969585584,0.0,0.0,0.352,0.47342514449999995,0.3332950445,0.40325,0.0
2025-11-02 20:00:00+01:00,0.293,0.075266719,0.0,0.0,0.293,0.4509585299999999,0.31082842999999993,0.4455,0.0
2025-11-02 21:00:00+01:00,0.216,0.0541119744,0.0,0.0,0.216,0.443257364,0.30312726399999995,0.284,0.0
2025-11-02 22:00:00+01:00,0.191,0.04774154825,0.0,0.0,0.191,0.44257655749999997,0.3024464575,0.2205,0.0
2025-11-02 23:00:00+01:00,0.383,0.09280417465,0.0,0.0,0.383,0.4333234455,0.2931933455,0.8065000000000001,0.0
2025-11-03 00:00:00+01:00,0.914,0.22137877465,0.0,0.0,0.914,0.43320265724999996,0.29307255725000003,1.35575,0.0
2025-11-03 01:00:00+01:00,0.663,0.1570445448,0.0,0.0,0.663,0.42674231599999995,0.28661221600000003,0.20450000000000002,0.0
2025-11-03 02:00:00+01:00,0.583,0.135342036225,0.0,0.0,0.583,0.42102866575000003,0.28089856575,0.27525,0.0
2025-11-03 03:00:00+01:00,1.405,0.320344671625,0.0,0.0,1.405,0.41601412325,0.27588402325,0.747,0.0
2025-11-03 04:00:00+01:00,0.689,0.158086382025,0.0,0.0,0.689,0.41775640225,0.27762630225,3.0845000000000002,0.0
2025-11-03 05:00:00+01:00,0.452,0.104543758,0.0,0.0,0.452,0.419992815,0.279862715,3.0527499999999996,0.0
2025-11-03 06:00:00+01:00,0.622,0.15829668305,0.0,0.0,0.622,0.44807059275,0.30794049274999996,0.82225,0.0
2025-11-03 07:00:00+01:00,0.53,0.14926738475,0.0,0.0,0.53,0.48091035575,0.34078025575,0.4695,0.0
2025-11-03 08:00:00+01:00,1.067,0.292824359025,0.003,0.000823311225,1.064,0.47219896075,0.33206886075,0.52675,0.013
2025-11-03 09:00:00+01:00,3.212,0.8022068769,0.005,0.001248765375,3.2070000000000003,0.4423313207499999,0.30220122075,0.247,0.04725
2025-11-03 10:00:00+01:00,0.251,0.059470214375,0.022,0.00521252875,0.229,0.42681918124999996,0.28668908125,0.596,0.14675
2025-11-03 11:00:00+01:00,0.056,0.0128698262,0.289,0.066417495925,-0.23299999999999998,0.41821027324999993,0.27808017325,0.326,0.158
2025-11-03 12:00:00+01:00,0.601,0.134321141075,0.059,0.013186268425,0.542,0.41056035074999997,0.27043025075,0.2315,1.1505
2025-11-03 13:00:00+01:00,0.948,0.2161643583,0.0,0.0,0.948,0.41603608475,0.27590598475,0.21625,1.434
2025-11-03 14:00:00+01:00,0.55,0.12743160375,0.049,0.011352997425,0.501,0.42047962824999996,0.28034952825,0.0655,1.1245
2025-11-03 15:00:00+01:00,0.053,0.012784475825,0.153,0.036906128325,-0.1,0.43200209524999994,0.29187199524999996,0.0125,1.3982500000000002
2025-11-03 16:00:00+01:00,0.229,0.0587541636,0.0,0.0,0.229,0.450577864,0.31044776399999996,0.029,1.0407499999999998
2025-11-03 17:00:00+01:00,0.554,0.14415158945,0.0,0.0,0.554,0.45497382424999994,0.31484372424999996,0.47025,0.11775
2025-11-03 18:00:00+01:00,0.292,0.0756820273,0.0,0.0,0.292,0.45374398025,0.31361388025000003,0.366,0.00175
2025-11-03 19:00:00+01:00,0.293,0.072881618425,0.0,0.0,0.293,0.44110879725,0.30097869725,0.432,0.0
2025-11-03 20:00:00+01:00,0.326,0.07712777765,0.0,0.0,0.326,0.42640191274999995,0.28627181274999997,0.50425,0.0
2025-11-03 21:00:00+01:00,0.249,0.055069032975,0.0,0.0,0.249,0.40773463774999996,0.26760453775,0.6895,0.0
2025-11-03 22:00:00+01:00,0.175,0.037026075625,0.0,0.0,0.175,0.39613896574999996,0.25600886575,0.3425,0.0
2025-11-03 23:00:00+01:00,0.168,0.0308695926,0.0,0.0,0.168,0.36246466575,0.22233456575,0.86925,0.0
2025-11-04 00:00:00+01:00,0.168,0.0279565902,0.0,0.0,0.168,0.34148411274999996,0.20135401274999998,1.77775,0.0
2025-11-04 01:00:00+01:00,0.179,0.028212471925,0.0,0.0,0.179,0.33084010574999995,0.19071000575,0.3025,0.0
2025-11-04 02:00:00+01:00,0.168,0.026106234,0.0,0.0,0.168,0.32815714250000005,0.18802704250000002,0.2915,0.0
2025-11-04 03:00:00+01:00,3.146,0.4868337474,0.0,0.0,3.146,0.327373849,0.187243749,1.133,0.0
2025-11-04 04:00:00+01:00,0.376,0.0618085908,0.0,0.0,0.376,0.3390354055,0.1989053055,0.6975,0.0
2025-11-04 05:00:00+01:00,0.175,0.03482758125,0.0,0.0,0.175,0.3809379475,0.24080784749999998,1.47025,0.0
2025-11-04 06:00:00+01:00,0.168,0.0392691222,0.0,0.0,0.168,0.42296127775,0.28283117775,1.3499999999999999,0.0
2025-11-04 07:00:00+01:00,0.194,0.05368445115,0.0,0.0,0.194,0.47496610975,0.33483600975,0.526,0.0
2025-11-04 08:00:00+01:00,0.729,0.199905851475,0.0,0.0,0.729,0.47193542274999994,0.33180532274999996,0.33625000000000005,0.0
2025-11-04 09:00:00+01:00,0.049,0.01221640805,0.179,0.04462728655,-0.13,0.4418005845,0.3016704845,0.94175,0.088
2025-11-04 10:00:00+01:00,0.11,0.028774889,0.301,0.0787385599,-0.191,0.456653879,0.31652377899999995,0.7042499999999999,0.3
2025-11-04 11:00:00+01:00,0.007,0.0016936612,1.707,0.4130113812,-1.7000000000000002,0.432891536,0.292761436,0.057999999999999996,0.7422500000000001
2025-11-04 12:00:00+01:00,0.0,0.0,2.65,0.6162732675,-2.65,0.42152279950000004,0.2813926995,1.36075,0.8165
2025-11-04 13:00:00+01:00,0.004,0.0009520764,2.403,0.5719598973,-2.399,0.428133211,0.288003111,1.92925,0.7675
2025-11-04 14:00:00+01:00,0.018,0.004328775,0.614,0.147659325,-0.596,0.431119975,0.290989875,1.77125,0.96425
2025-11-04 15:00:00+01:00,0.075,0.0197589975,0.122,0.0321413026,-0.047,0.458908593,0.318778493,0.03025,1.1095000000000002
2025-11-04 16:00:00+01:00,0.365,0.102095126375,0.0,0.0,0.365,0.47858243675000006,0.33845233675,1.4849999999999999,0.37675000000000003
2025-11-04 17:00:00+01:00,0.624,0.1740159564,0.0,0.0,0.624,0.47756488724999996,0.33743478725000003,0.6114999999999999,0.034
2025-11-04 18:00:00+01:00,0.502,0.1397734162,0.0,0.0,0.502,0.47703415099999996,0.336904051,0.751,0.0
2025-11-04 19:00:00+01:00,0.6,0.15802116,0.0,0.0,0.6,0.45880610600000005,0.318676006,0.56525,0.0
2025-11-04 20:00:00+01:00,0.364,0.0918934016,0.0,0.0,0.364,0.44559992400000004,0.305469824,1.66475,0.0
2025-11-04 21:00:00+01:00,0.401,0.0979347864,0.0,0.0,0.401,0.435644044,0.29551394400000003,0.812,0.0
2025-11-04 22:00:00+01:00,0.233,0.05636203595,0.0,0.0,0.233,0.43282565149999996,0.2926955515,0.6035,0.0
2025-11-04 23:00:00+01:00,0.186,0.04297802025,0.0,0.0,0.186,0.41971829624999996,0.27958819625,0.22024999999999997,0.0
2025-11-05 00:00:00+01:00,0.184,0.0424980798,0.0,0.0,0.184,0.41960116825,0.27947106824999995,0.63275,0.0
2025-11-05 01:00:00+01:00,0.179,0.040929553775,0.0,0.0,0.179,0.41680473724999995,0.27667463725,1.227,0.0
2025-11-05 02:00:00+01:00,0.192,0.0436831296,0.0,0.0,0.192,0.41542482299999994,0.275294723,0.6855000000000001,0.0
2025-11-05 03:00:00+01:00,0.676,0.1538562311,0.0,0.0,0.676,0.41552364974999995,0.27539354975,0.32425,0.0
2025-11-05 04:00:00+01:00,0.374,0.08468946695,0.0,0.0,0.374,0.41412543425,0.27399533425,2.334,0.0
2025-11-05 05:00:00+01:00,0.816,0.1928857128,0.0,0.0,0.816,0.42614935549999994,0.28601925549999996,1.6912500000000001,0.0
2025-11-05 06:00:00+01:00,0.9,0.2174978025,0.0,0.0,0.9,0.43254381225000005,0.29241371225,0.919,0.0
2025-11-05 07:00:00+01:00,0.198,0.05373839295,0.0,0.0,0.198,0.46853139024999996,0.32840129025,0.25125,0.0
2025-11-05 08:00:00+01:00,0.09,0.02417117175,0.013,0.003491391475,0.077,0.4650980757499999,0.32496797574999997,0.24975000000000003,0.00875
2025-11-05 09:00:00+01:00,0.007,0.0018866078,1.001,0.2697849154,-0.9939999999999999,0.466243734,0.326113634,0.11649999999999999,0.08475
2025-11-05 10:00:00+01:00,0.017,0.0040510558,0.615,0.146552901,-0.598,0.42846995399999993,0.288339854,0.04275,0.42849999999999994
2025-11-05 11:00:00+01:00,0.028,0.0062951581,1.665,0.374337079875,-1.637,0.4121708607499999,0.27204076075,0.11875,0.6825
2025-11-05 12:00:00+01:00,4.997,1.1037648435,0.483,0.1066876965,4.514,0.407401555,0.267271455,0.16675,1.1072499999999998
2025-11-05 13:00:00+01:00,0.863,0.198980637075,0.77,0.17753776425,0.09299999999999997,0.41911801525,0.27898791525,1.3945,0.51875
2025-11-05 14:00:00+01:00,0.006,0.001497375,2.67,0.666331875,-2.664,0.44210072499999997,0.301970625,0.24924999999999997,0.213
2025-11-05 15:00:00+01:00,0.154,0.04146204755,0.744,0.2003101518,-0.59,0.46590333075,0.32577323075000003,0.07625000000000001,0.12925
2025-11-05 16:00:00+01:00,1.339,0.39018225675,0.0,0.0,1.339,0.49272198250000004,0.3525918825,0.4195,0.026
2025-11-05 17:00:00+01:00,1.573,0.47195922345,0.0,0.0,1.573,0.5031756565,0.3630455565,1.0899999999999999,0.00425
2025-11-05 18:00:00+01:00,0.344,0.0970172192,0.0,0.0,0.344,0.481382528,0.341252428,0.83175,0.00975
2025-11-05 19:00:00+01:00,0.504,0.1365919632,0.0,0.0,0.504,0.468059218,0.32792911799999996,0.51225,0.0
2025-11-05 20:00:00+01:00,0.333,0.0863599869,0.0,0.0,0.333,0.453930653,0.313800553,0.41500000000000004,0.0
2025-11-05 21:00:00+01:00,1.783,0.445547050025,0.0,0.0,1.783,0.44249237174999995,0.30236227174999997,0.3215,0.0
2025-11-05 22:00:00+01:00,0.342,0.0831447144,0.0,0.0,0.342,0.434297072,0.29416697199999997,0.2495,0.0
2025-11-05 23:00:00+01:00,0.864,0.2091716352,0.0,0.0,0.864,0.43306722799999997,0.292937128,0.18375000000000002,0.0
2025-11-06 00:00:00+01:00,1.041,0.256478639175,0.0,0.0,1.041,0.43824648174999997,0.29811638175,1.57,0.0
2025-11-06 01:00:00+01:00,0.959,0.232742323275,0.0,0.0,0.959,0.43378829725,0.29365819725,1.73275,0.0
2025-11-06 02:00:00+01:00,0.664,0.1613970358,0.0,0.0,0.664,0.43424216824999995,0.29411206824999997,0.5565,0.0
2025-11-06 03:00:00+01:00,1.228,0.2953892293,0.0,0.0,1.228,0.43118951975,0.29105941975,0.55375,0.0
2025-11-06 04:00:00+01:00,0.738,0.1782432729,0.0,0.0,0.738,0.4323717805,0.2922416805,0.5117499999999999,0.0
2025-11-06 05:00:00+01:00,0.754,0.1834442038,0.0,0.0,0.754,0.434516687,0.294386587,0.6549999999999999,0.0
2025-11-06 06:00:00+01:00,0.759,0.2087592309,0.0,0.0,0.759,0.472934671,0.332804571,0.53825,0.0
2025-11-06 07:00:00+01:00,0.572,0.1654460951,0.0,0.0,0.572,0.49011222425,0.34998212424999997,0.7535000000000001,0.0
2025-11-06 08:00:00+01:00,0.259,0.0729603259,0.037,0.0104229037,0.222,0.48098722099999996,0.340857121,0.34550000000000003,0.02925
2025-11-06 09:00:00+01:00,0.015,0.003906832875,0.458,0.11928863045,-0.443,0.45528128525,0.31515118525,0.063,0.35975
2025-11-06 10:00:00+01:00,0.065,0.016296083375,0.769,0.192795201775,-0.704,0.44348795974999994,0.30335785975,0.02275,0.8047500000000001
2025-11-06 11:00:00+01:00,0.029,0.0072194166,1.77,0.440633358,-1.741,0.441354034,0.301223934,0.0615,1.5710000000000002
2025-11-06 12:00:00+01:00,0.003,0.00074424075,3.165,0.78517399125,-3.162,0.44030720249999994,0.3001771025,0.36725,1.2745
2025-11-06 13:00:00+01:00,0.132,0.0327897174,1.352,0.3358461964,-1.2200000000000002,0.44070250949999995,0.30057240949999997,0.1315,1.313
2025-11-06 14:00:00+01:00,0.55,0.1440142,0.452,0.118353488,0.09800000000000003,0.45696134000000005,0.31683124,0.20025,0.7384999999999999
2025-11-06 15:00:00+01:00,0.568,0.1666275996,0.353,0.10355553285,0.21499999999999997,0.4950938245,0.35496372449999997,0.30574999999999997,1.3205
2025-11-06 16:00:00+01:00,0.608,0.20171426,0.001,0.000331766875,0.607,0.5415680187499999,0.40143791875,0.09275000000000001,1.044
2025-11-06 17:00:00+01:00,1.062,0.36235315215,0.0,0.0,1.062,0.55298067825,0.41285057825,0.60225,0.04825
2025-11-06 18:00:00+01:00,0.851,0.268865003825,0.0,0.0,0.851,0.5224175907499999,0.38228749074999996,0.82775,0.0
2025-11-06 19:00:00+01:00,0.444,0.1335014538,0.0,0.0,0.444,0.5039516294999999,0.36382152949999996,0.621,0.0
2025-11-06 20:00:00+01:00,0.346,0.0989272647,0.0,0.0,0.346,0.4860896095,0.3459595095,0.6437499999999999,0.0
2025-11-06 21:00:00+01:00,1.321,0.3546392267,0.0,0.0,1.321,0.46496996700000004,0.324839867,0.31775,0.0
2025-11-06 22:00:00+01:00,0.801,0.211362893775,0.0,0.0,0.801,0.4594173677499999,0.31928726774999994,0.31224999999999997,0.0
2025-11-06 23:00:00+01:00,1.523,0.38855149135,0.0,0.0,1.523,0.44882826449999996,0.3086981645,0.23975000000000002,0.0
2025-11-07 00:00:00+01:00,2.216,0.5552359186,0.0,0.0,2.216,0.44330494725,0.30317484725,0.42425,0.0
2025-11-07 01:00:00+01:00,0.17,0.04208364875,0.0,0.0,0.17,0.43966665875,0.29953655875,0.73925,0.0
2025-11-07 02:00:00+01:00,0.393,0.09742896405,0.0,0.0,0.393,0.44010222849999997,0.2999721285,0.6285000000000001,0.0
2025-11-07 03:00:00+01:00,1.145,0.2807891515,0.0,0.0,1.145,0.43685924699999995,0.29672914699999997,2.2760000000000002,0.0
2025-11-07 04:00:00+01:00,0.826,0.2027154745,0.0,0.0,0.826,0.43708618250000003,0.2969560825,0.45675,0.0
2025-11-07 05:00:00+01:00,0.703,0.1769650652,0.0,0.0,0.703,0.44472146400000007,0.30459136400000003,0.31575,0.0
2025-11-07 06:00:00+01:00,0.438,0.1205492508,0.0,0.0,0.438,0.4731542859999999,0.333024186,0.30825,0.0
2025-11-07 07:00:00+01:00,0.474,0.1406578173,0.0,0.0,0.474,0.49919330449999993,0.3590632045,0.35950000000000004,0.0
2025-11-07 08:00:00+01:00,0.47,0.138120169,0.0,0.0,0.47,0.4957160669999999,0.35558596699999995,0.32875,0.0335
2025-11-07 09:00:00+01:00,0.329,0.089308505825,0.412,0.1118392231,-0.08299999999999996,0.46858995425,0.32845985425,0.581,0.1985
2025-11-07 10:00:00+01:00,0.399,0.101396762775,0.838,0.21295861455,-0.43899999999999995,0.44762404225,0.30749394225,0.22975,0.448
2025-11-07 11:00:00+01:00,0.005,0.001247767125,2.661,0.664061663925,-2.656,0.4420897442499999,0.30195964425,0.23700000000000002,0.88175
2025-11-07 12:00:00+01:00,0.0,0.0,3.57,0.886488834,-3.57,0.44059270199999995,0.30046260199999997,0.035500000000000004,1.19775
2025-11-07 13:00:00+01:00,0.0,0.0,3.304,0.8278127396,-3.304,0.44329396649999997,0.3031638665,0.1885,1.355
2025-11-07 14:00:00+01:00,0.011,0.002888170175,2.098,0.55085282065,-2.0869999999999997,0.45782881925,0.31769871925,0.14500000000000002,1.36
2025-11-07 15:00:00+01:00,0.03,0.00866653425,0.478,0.13808677905,-0.44799999999999995,0.48968031474999996,0.34955021475,0.07675000000000001,0.77275
2025-11-07 16:00:00+01:00,0.182,0.05962731775,0.028,0.0091734335,0.154,0.53655347625,0.39642337625,0.057999999999999996,0.22675
2025-11-07 17:00:00+01:00,0.513,0.1781991684,0.0,0.0,0.513,0.5604439279999999,0.42031382799999994,0.34175,0.012750000000000001
2025-11-07 18:00:00+01:00,0.855,0.270555516,0.0,0.0,0.855,0.523021532,0.382891432,0.6955,0.0
2025-11-07 19:00:00+01:00,0.329,0.099463781725,0.0,0.0,0.329,0.5059391452499999,0.36580904524999996,0.32075,0.0
2025-11-07 20:00:00+01:00,0.525,0.150007935,0.0,0.0,0.525,0.485862674,0.345732574,0.3672500000000001,0.0
2025-11-07 21:00:00+01:00,0.259,0.07038896095,0.0,0.0,0.259,0.4689742805,0.32884418049999997,0.2495,0.0
2025-11-07 22:00:00+01:00,0.258,0.0681364068,0.0,0.0,0.258,0.459684566,0.319554466,0.18300000000000002,0.0
2025-11-07 23:00:00+01:00,0.177,0.04524876675,0.0,0.0,0.177,0.44945782749999996,0.3093277275,0.25,0.0
2025-11-08 00:00:00+01:00,0.18,0.0466162785,0.0,0.0,0.18,0.45349508324999993,0.31336498324999995,1.08375,0.0
2025-11-08 01:00:00+01:00,8.154,2.0959559379,0.0,0.0,8.154,0.4511561834999999,0.31102608349999994,0.35350000000000004,0.0
2025-11-08 02:00:00+01:00,2.658,0.6744972696,0.0,0.0,2.658,0.44718115199999997,0.307051052,1.43425,0.0
2025-11-08 03:00:00+01:00,1.157,0.292380234575,0.0,0.0,1.157,0.44590372475,0.30577362475000003,0.644,0.0
2025-11-08 04:00:00+01:00,0.796,0.2009344392,0.0,0.0,0.796,0.445570642,0.305440542,2.622,0.0
2025-11-08 05:00:00+01:00,0.592,0.1493867452,0.0,0.0,0.592,0.44546449475000005,0.30533439475,2.2715,0.0
2025-11-08 06:00:00+01:00,0.523,0.133921066675,0.0,0.0,0.523,0.44996660224999996,0.30983650225,3.0365,0.0
2025-11-08 07:00:00+01:00,0.53,0.14056494375,0.0,0.0,0.53,0.46104251874999996,0.32091241875000004,1.17825,0.0
2025-11-08 08:00:00+01:00,0.541,0.143524879025,0.0,0.0,0.541,0.46113768524999993,0.32100758524999995,0.4375,0.0
2025-11-08 09:00:00+01:00,0.613,0.162273835075,0.0,0.0,0.613,0.46044223775,0.32031213775,0.17225000000000001,0.018750000000000003
2025-11-08 10:00:00+01:00,0.129,0.033930453975,0.276,0.0725953899,-0.14700000000000002,0.45839249775,0.31826239775,0.086,0.317
2025-11-08 11:00:00+01:00,0.001,0.00025673175,2.925,0.75094036875,-2.924,0.4507755175,0.31064541749999997,0.11375,0.67025
2025-11-08 12:00:00+01:00,0.011,0.00280794415,1.533,0.39132530745,-1.522,0.4490039565,0.3088738565,0.8827499999999999,0.32899999999999996
2025-11-08 13:00:00+01:00,0.125,0.031813546875,0.695,0.176883320625,-0.57,0.44808523375,0.30795513375,4.74625,0.5275
2025-11-08 14:00:00+01:00,0.184,0.0477763176,0.714,0.1853928846,-0.53,0.45431131899999994,0.31418121899999996,1.35425,0.9795
2025-11-08 15:00:00+01:00,0.073,0.02017324705,0.172,0.0475314862,-0.09899999999999999,0.47450857849999994,0.3343784785,0.70875,0.63675
2025-11-08 16:00:00+01:00,0.151,0.042947355825,0.0,0.0,0.151,0.48427778574999997,0.34414768575,0.45325,0.43800000000000006
2025-11-08 17:00:00+01:00,0.993,0.297279548775,0.0,0.0,0.993,0.50237406175,0.36224396174999995,0.88675,0.08975
2025-11-08 18:00:00+01:00,0.342,0.1047337038,0.0,0.0,0.342,0.5106791689999999,0.37054906899999995,0.87075,0.00025
2025-11-08 19:00:00+01:00,0.296,0.0891200574,0.0,0.0,0.296,0.5044384427499999,0.36430834274999996,1.0455,0.0
2025-11-08 20:00:00+01:00,0.424,0.1230231442,0.0,0.0,0.424,0.4912102992499999,0.35108019925,0.56625,0.0
2025-11-08 21:00:00+01:00,0.563,0.156728883025,0.0,0.0,0.563,0.47697192674999994,0.33684182674999996,0.35975,0.0
2025-11-08 22:00:00+01:00,0.65,0.17582010875,0.0,0.0,0.65,0.46742599475,0.32729589475,0.6172500000000001,0.0
2025-11-08 23:00:00+01:00,3.255,0.84889537425,0.0,0.0,3.255,0.4556948935,0.3155647935,0.599,0.0
2025-11-09 00:00:00+01:00,0.233,0.06034852615,0.0,0.0,0.233,0.45352802550000004,0.3133979255,0.45275,0.0
2025-11-09 01:00:00+01:00,0.148,0.0378790016,0.0,0.0,0.148,0.449816532,0.30968643199999996,0.657,0.0
2025-11-09 02:00:00+01:00,0.157,0.0397151282,0.0,0.0,0.157,0.446214846,0.30608474599999996,0.535,0.0
2025-11-09 03:00:00+01:00,0.599,0.150104009,0.0,0.0,0.599,0.44334520999999993,0.30321511,1.2015,0.0
2025-11-09 04:00:00+01:00,0.68,0.170788596,0.0,0.0,0.68,0.4440333369999999,0.303903237,0.61125,0.0
2025-11-09 05:00:00+01:00,1.241,0.312473778925,0.0,0.0,1.241,0.44479832924999996,0.30466822925000003,0.47675,0.0
2025-11-09 06:00:00+01:00,0.432,0.1087401348,0.0,0.0,0.432,0.44470316275000005,0.30457306275,0.42575,0.0
2025-11-09 07:00:00+01:00,0.173,0.043622802025,0.0,0.0,0.173,0.44523755924999997,0.30510745924999993,0.54175,0.0
2025-11-09 08:00:00+01:00,1.109,0.288952528425,0.0,0.0,1.109,0.45539841324999997,0.31526831324999993,0.30124999999999996,0.00975
2025-11-09 09:00:00+01:00,0.24,0.061870446,0.374,0.09641477835,-0.134,0.45206026525000004,0.31193016525,0.1345,0.1835
2025-11-09 10:00:00+01:00,0.055,0.01406301325,1.681,0.42981682315,-1.6260000000000001,0.44951639149999995,0.30938629149999997,0.11975,0.62775
2025-11-09 11:00:00+01:00,0.068,0.0173869982,2.369,0.60573233435,-2.301,0.44951639149999995,0.30938629149999997,0.026000000000000002,0.83175
2025-11-09 12:00:00+01:00,1.193,0.3064036778,0.255,0.065492823,0.9380000000000001,0.450899966,0.310769866,1.364,0.8824999999999998
2025-11-09 13:00:00+01:00,0.03,0.0075625605,2.381,0.60021521835,-2.351,0.44515337349999995,0.30502327349999997,1.5727499999999999,0.8960000000000001
2025-11-09 14:00:00+01:00,0.006,0.00150755715,1.971,0.495232523775,-1.965,0.44415412525,0.30402402525,3.034,0.43200000000000005
2025-11-09 15:00:00+01:00,0.012,0.0030792201,1.512,0.3879817326,-1.5,0.4506181267499999,0.31048802675,2.422,0.34875
2025-11-09 16:00:00+01:00,0.138,0.03755254965,0.295,0.080275377875,-0.15699999999999997,0.46939520925,0.32926510924999997,0.71825,0.39699999999999996
2025-11-09 17:00:00+01:00,0.292,0.0854336593,0.0,0.0,0.292,0.49415314025,0.35402304025,1.059,0.0745
2025-11-09 18:00:00+01:00,0.562,0.1659792816,0.0,0.0,0.562,0.497487628,0.357357528,0.506,0.0
2025-11-09 19:00:00+01:00,0.822,0.2370477846,0.0,0.0,0.822,0.489069053,0.348938953,0.3385,0.0
2025-11-09 20:00:00+01:00,1.725,0.46916161875,0.0,0.0,1.725,0.4692231775,0.3290930775,0.435,0.0
2025-11-09 21:00:00+01:00,0.336,0.0865739028,0.0,0.0,0.336,0.45189921425000007,0.31176911425000003,0.2645,0.0
2025-11-09 22:00:00+01:00,0.305,0.078445268,0.0,0.0,0.305,0.451339196,0.311209096,0.20500000000000002,0.0
2025-11-09 23:00:00+01:00,0.344,0.0869598202,0.0,0.0,0.344,0.44600621174999994,0.30587611175,0.8512500000000001,0.0
2025-11-10 00:00:00+01:00,1.19,0.29308084575,0.0,0.0,1.19,0.43813667424999997,0.29800657425,1.5417500000000002,0.0
2025-11-10 01:00:00+01:00,0.614,0.148996617,0.0,0.0,0.614,0.433755355,0.293625255,0.328,0.0
2025-11-10 02:00:00+01:00,0.266,0.0648306505,0.0,0.0,0.266,0.4350364425,0.2949063425,0.26775,0.0
2025-11-10 03:00:00+01:00,0.754,0.18172216205,0.0,0.0,0.754,0.43175319824999997,0.29162309825,1.0125000000000002,0.0
2025-11-10 04:00:00+01:00,0.647,0.155937918125,0.0,0.0,0.647,0.43176051875,0.29163041875,3.21375,0.0
2025-11-10 05:00:00+01:00,0.508,0.125425454,0.0,0.0,0.508,0.43887970499999995,0.298749605,3.1229999999999998,0.0
2025-11-10 06:00:00+01:00,2.428,0.6439686066,0.0,0.0,2.428,0.4610534995,0.3209233995,0.935,0.0
2025-11-10 07:00:00+01:00,0.471,0.138321431325,0.0,0.0,0.471,0.49547815075,0.35534805075,0.54925,0.0
2025-11-10 08:00:00+01:00,0.41,0.12687633475,0.0,0.0,0.41,0.51457001475,0.37443991475,0.51025,0.01375
2025-11-10 09:00:00+01:00,0.269,0.080043687075,0.001,0.000297560175,0.268,0.5001779117499999,0.36004781174999995,1.0005,0.03425
2025-11-10 10:00:00+01:00,0.063,0.016621379775,0.06,0.0158298855,0.0030000000000000027,0.45936612424999995,0.31923602425000003,0.65175,0.09275000000000001
2025-11-10 11:00:00+01:00,0.012,0.0030643008,0.496,0.1266577664,-0.484,0.4491137639999999,0.308983664,0.33699999999999997,0.17375000000000002
2025-11-10 12:00:00+01:00,0.023,0.005933703875,1.04,0.26830661,-1.0170000000000001,0.4522945212499999,0.31216442125,0.2125,1.1019999999999999
2025-11-10 13:00:00+01:00,0.021,0.0054176661,1.786,0.4607596026,-1.7650000000000001,0.452290861,0.312160761,0.44075,1.24125
2025-11-10 14:00:00+01:00,0.492,0.1329900231,0.398,0.10758136015,0.09399999999999997,0.46719905925,0.32706895924999996,0.19875,1.064
2025-11-10 15:00:00+01:00,0.097,0.0280408667,0.105,0.0303535155,-0.007999999999999993,0.4899182309999999,0.34978813099999995,0.0225,1.40825
2025-11-10 16:00:00+01:00,0.204,0.0611182011,0.0,0.0,0.204,0.50264492025,0.36251482025000004,0.06875,1.0394999999999999
2025-11-10 17:00:00+01:00,1.145,0.349185354375,0.0,0.0,1.145,0.50913820375,0.36900810375,0.516,0.11775
2025-11-10 18:00:00+01:00,1.375,0.393876175,0.0,0.0,1.375,0.48674113399999996,0.34661103400000004,0.367,0.00175
2025-11-10 19:00:00+01:00,0.542,0.1456772966,0.0,0.0,0.542,0.46535063299999996,0.325220533,0.38975000000000004,0.0
2025-11-10 20:00:00+01:00,2.811,0.715099917675,0.0,0.0,2.811,0.44794614425,0.30781604425,0.3275,0.0
2025-11-10 21:00:00+01:00,0.398,0.0997448496,0.0,0.0,0.398,0.443374492,0.303244392,0.33,0.0
2025-11-10 22:00:00+01:00,0.303,0.07534063185,0.0,0.0,0.303,0.4409953295,0.3008652295,0.23624999999999996,0.0
2025-11-10 23:00:00+01:00,0.228,0.0551422047,0.0,0.0,0.228,0.43277074774999996,0.29264064775,0.22775,0.0
2025-11-11 00:00:00+01:00,0.223,0.05358149225,0.0,0.0,0.223,0.43086375749999994,0.2907336575,1.7825,0.0
2025-11-11 01:00:00+01:00,0.183,0.04314895695,0.0,0.0,0.183,0.42543194649999994,0.28530184649999996,0.3125,0.0
2025-11-11 02:00:00+01:00,0.181,0.0419163239,0.0,0.0,0.181,0.420344199,0.280214099,0.29750000000000004,0.0
2025-11-11 03:00:00+01:00,0.385,0.08832748925,0.0,0.0,0.385,0.4177307805,0.2776006805,1.88275,0.0
2025-11-11 04:00:00+01:00,0.401,0.0918308446,0.0,0.0,0.401,0.41722566599999994,0.277095566,0.7515000000000001,0.0
2025-11-11 05:00:00+01:00,0.346,0.07958412605,0.0,0.0,0.346,0.41844452925,0.27831442925,1.47275,0.0
2025-11-11 06:00:00+01:00,0.673,0.161410385125,0.0,0.0,0.673,0.43033302125,0.29020292125,1.3515,0.0
2025-11-11 07:00:00+01:00,0.848,0.219221992,0.0,0.0,0.848,0.45293506499999997,0.312804965,0.5217499999999999,0.0
2025-11-11 08:00:00+01:00,0.638,0.1714104392,0.0,0.0,0.638,0.465218864,0.325088764,0.47224999999999995,0.0
2025-11-11 09:00:00+01:00,0.063,0.0166211892,0.396,0.1044760464,-0.333,0.459362464,0.319232364,0.9245,0.0955
2025-11-11 10:00:00+01:00,0.142,0.03610238885,0.613,0.155850453275,-0.471,0.44776313175,0.30763303175,0.61675,0.30874999999999997
2025-11-11 11:00:00+01:00,0.427,0.1057313488,0.318,0.0787413792,0.10899999999999999,0.43974352399999994,0.299613424,0.02125,0.9375
2025-11-11 12:00:00+01:00,1.078,0.25780744605,0.045,0.010761906375,1.0330000000000001,0.42950580475,0.28937570475,1.3539999999999999,1.2115
2025-11-11 13:00:00+01:00,0.805,0.194495868875,0.022,0.00531541505,0.783,0.43247792775,0.29234782775,1.914,1.2625000000000002
2025-11-11 14:00:00+01:00,0.057,0.014345587575,0.061,0.015352295475,-0.003999999999999997,0.44465923975000005,0.30452913975,1.77175,0.81525
2025-11-11 15:00:00+01:00,0.298,0.08204547175,0.001,0.000275320375,0.297,0.47326775375,0.33313765375,0.0435,0.93025
2025-11-11 16:00:00+01:00,1.739,0.5180094942,0.0,0.0,1.739,0.500562238,0.360432138,1.57175,0.326
2025-11-11 17:00:00+01:00,1.1,0.33249711,0.0,0.0,1.1,0.5058769209999999,0.365746821,0.4385,0.0335
2025-11-11 18:00:00+01:00,2.489,0.68092805055,0.0,0.0,2.489,0.4711557894999999,0.3310256895,0.5015,0.0
2025-11-11 19:00:00+01:00,0.384,0.0989776128,0.0,0.0,0.384,0.452012682,0.31188258199999996,0.63025,0.0
2025-11-11 20:00:00+01:00,0.401,0.100759921625,0.0,0.0,0.401,0.44416876624999996,0.30403866625,1.686,0.0
2025-11-11 21:00:00+01:00,0.356,0.0884544122,0.0,0.0,0.356,0.44077571449999997,0.3006456145,0.811,0.0
2025-11-11 22:00:00+01:00,0.277,0.067716908875,0.0,0.0,0.277,0.43593320375,0.29580310375,0.62025,0.0
2025-11-11 23:00:00+01:00,0.206,0.04679295665,0.0,0.0,0.206,0.41498193275000006,0.27485183275,0.22975,0.0
2025-11-12 00:00:00+01:00,0.193,0.044192633375,0.0,0.0,0.193,0.41719272375,0.27706262375,0.64175,0.0
2025-11-12 01:00:00+01:00,0.184,0.0401931992,0.0,0.0,0.184,0.404444073,0.264313973,1.23525,0.0
2025-11-12 02:00:00+01:00,0.187,0.040045830275,0.0,0.0,0.187,0.3992501782499999,0.25912007825,0.6985000000000001,0.0
2025-11-12 03:00:00+01:00,0.187,0.039416234,0.0,0.0,0.187,0.39517631999999997,0.25504622,0.3395,0.0
2025-11-12 04:00:00+01:00,0.629,0.128340703975,0.0,0.0,0.629,0.38701762274999996,0.24688752274999998,2.3480000000000003,0.0
2025-11-12 05:00:00+01:00,0.883,0.1870286715,0.0,0.0,0.883,0.396420805,0.256290705,1.8595000000000002,0.0
2025-11-12 06:00:00+01:00,0.624,0.1374437064,0.0,0.0,0.624,0.4066475435,0.2665174435,1.10375,0.0
2025-11-12 07:00:00+01:00,0.461,0.124878319225,0.0,0.0,0.461,0.46790182725000007,0.32777172725000003,0.24525000000000002,0.0
2025-11-12 08:00:00+01:00,0.497,0.130616060575,0.0,0.0,0.497,0.45812895974999995,0.31799885975,0.22350000000000003,0.012
2025-11-12 09:00:00+01:00,0.317,0.07772470695,0.0,0.0,0.317,0.43680800350000004,0.2966779035,0.10325,0.3065
2025-11-12 10:00:00+01:00,0.32,0.073939712,0.669,0.1545802104,-0.34900000000000003,0.419714636,0.279584536,0.04025,0.425
2025-11-12 11:00:00+01:00,0.007,0.001481805325,2.132,0.4513155647,-2.125,0.39627073475,0.25614063475,0.06375,1.0057500000000001
2025-11-12 12:00:00+01:00,0.001,0.000211311375,3.408,0.720149166,-3.407,0.39581686374999997,0.25568676375,1.2894999999999999,1.197
2025-11-12 13:00:00+01:00,0.007,0.001586918025,1.846,0.41849295345,-1.8390000000000002,0.41444021574999995,0.27431011574999997,1.40925,0.71125
2025-11-12 14:00:00+01:00,0.166,0.0406671199,1.016,0.2489023724,-0.85,0.43655910649999996,0.2964290065,0.20224999999999999,0.84175
2025-11-12 15:00:00+01:00,0.082,0.02202659195,0.339,0.091061154525,-0.257,0.46515663975,0.32502653974999995,0.10625,0.258
2025-11-12 16:00:00+01:00,0.673,0.182998273425,0.035,0.009516997875,0.638,0.46914631225000003,0.32901621225,0.6935000000000001,0.00025
2025-11-12 17:00:00+01:00,1.529,0.423508727125,0.0,0.0,1.529,0.47528089125,0.33515079125,1.1085,0.0
2025-11-12 18:00:00+01:00,0.37,0.09897415825,0.0,0.0,0.37,0.46380234724999997,0.32367224725,0.84175,0.0
2025-11-12 19:00:00+01:00,0.375,0.0936948375,0.0,0.0,0.375,0.442452109,0.302322009,0.55825,0.0
2025-11-12 20:00:00+01:00,0.441,0.1073836764,0.0,0.0,0.441,0.43476558400000004,0.294635484,0.40075000000000005,0.0
2025-11-12 21:00:00+01:00,0.381,0.08785237065,0.0,0.0,0.381,0.4191363165,0.2790062165,0.725,0.0
2025-11-12 22:00:00+01:00,0.19,0.04401378025,0.0,0.0,0.19,0.42042838475,0.28029828474999996,0.29675,0.0
2025-11-12 23:00:00+01:00,0.175,0.0372828225,0.0,0.0,0.175,0.397914187,0.257784087,0.3615,0.0
2025-11-13 00:00:00+01:00,0.291,0.053498713125,0.0,0.0,0.291,0.36258179375000005,0.22245169375,1.77725,0.0
2025-11-13 01:00:00+01:00,0.951,0.16005800745,0.0,0.0,0.951,0.34377908949999997,0.20364898950000002,1.8912499999999999,0.0
2025-11-13 02:00:00+01:00,0.841,0.1329405704,0.0,0.0,0.841,0.331400124,0.191270024,0.45375000000000004,0.0
2025-11-13 03:00:00+01:00,2.154,0.3308097045,0.0,0.0,2.154,0.32596099250000005,0.18583089249999998,0.6385,0.0
2025-11-13 04:00:00+01:00,5.507,0.840946572675,0.0,0.0,5.507,0.32490318025000003,0.18477308025,0.6525,0.0
2025-11-13 05:00:00+01:00,1.708,0.2989917623,0.0,0.0,1.708,0.35194510725,0.21181500725,0.8017500000000001,0.0
2025-11-13 06:00:00+01:00,0.416,0.0838635512,0.0,0.0,0.416,0.38406014075000006,0.24393004075000002,0.6725,0.0
2025-11-13 07:00:00+01:00,0.431,0.101421961025,0.0,0.0,0.431,0.42486460775,0.28473450775,0.711,0.0
2025-11-13 08:00:00+01:00,0.926,0.234008071,0.0,0.0,0.926,0.44590738499999993,0.305777285,0.34450000000000003,0.010249999999999999
2025-11-13 09:00:00+01:00,0.209,0.0555068261,0.014,0.0037181606,0.19499999999999998,0.461485409,0.321355309,0.06175,0.28099999999999997
2025-11-13 10:00:00+01:00,0.021,0.0052880751,0.412,0.1037469972,-0.39099999999999996,0.44482395099999994,0.304693851,0.037000000000000005,0.6497499999999999
2025-11-13 11:00:00+01:00,0.02,0.004987862,0.631,0.1573670461,-0.611,0.441895751,0.301765651,0.06775,1.35425
2025-11-13 12:00:00+01:00,0.009,0.002286872775,0.744,0.1890481494,-0.735,0.44758743975000004,0.30745733975,0.27475,1.6275
2025-11-13 13:00:00+01:00,0.326,0.0871914384,0.103,0.0275482152,0.22300000000000003,0.46375476399999993,0.32362466399999995,0.13025,1.38125
2025-11-13 14:00:00+01:00,0.297,0.077998563225,0.08,0.021009714,0.21699999999999997,0.45790202425000004,0.31777192425,0.33,0.7505000000000001
2025-11-13 15:00:00+01:00,0.154,0.0412267933,0.068,0.0182040386,0.086,0.4640549045,0.3239248045,0.352,1.2535
2025-11-13 16:00:00+01:00,1.986,0.5811560304,0.0,0.0,1.986,0.494208044,0.354077944,0.22425,0.52125
2025-11-13 17:00:00+01:00,1.915,0.558601143375,0.0,0.0,1.915,0.49308434724999994,0.35295424725,0.53725,0.04675
2025-11-13 18:00:00+01:00,0.382,0.11278283555,0.0,0.0,0.382,0.4973741602499999,0.35724406025,0.70625,0.0
2025-11-13 19:00:00+01:00,0.359,0.1051397556,0.0,0.0,0.359,0.494500864,0.35437076399999995,0.5589999999999999,0.0
2025-11-13 20:00:00+01:00,0.277,0.07503953545,0.0,0.0,0.277,0.46792012850000003,0.3277900285,0.6417499999999999,0.0
2025-11-13 21:00:00+01:00,0.238,0.0654276161,0.0,0.0,0.238,0.47276629950000004,0.3326361995,0.55575,0.0
2025-11-13 22:00:00+01:00,0.282,0.07556402205,0.0,0.0,0.282,0.46435870525,0.32422860524999997,0.4395,0.0
2025-11-13 23:00:00+01:00,0.155,0.040136168875,0.0,0.0,0.155,0.45345116024999993,0.31332106025,0.57025,0.0
2025-11-14 00:00:00+01:00,0.16,0.040611472,0.0,0.0,0.16,0.447254357,0.30712425699999996,0.9390000000000001,0.0
2025-11-14 01:00:00+01:00,1.087,0.272744251725,0.0,0.0,1.087,0.4437368567499999,0.30360675675,0.742,0.0
2025-11-14 02:00:00+01:00,3.268,0.8113984846,0.0,0.0,3.268,0.44055609949999996,0.3004259995,0.5840000000000001,0.0
2025-11-14 03:00:00+01:00,0.481,0.11761549085,0.0,0.0,0.481,0.43600274850000004,0.2958726485,2.4815,0.0
2025-11-14 04:00:00+01:00,0.188,0.0458849908,0.0,0.0,0.188,0.435453711,0.295323611,0.6222500000000001,0.0
2025-11-14 05:00:00+01:00,0.683,0.16635622685,0.0,0.0,0.683,0.4348461095,0.2947160095,0.45149999999999996,0.0
2025-11-14 06:00:00+01:00,0.179,0.0474288782,0.0,0.0,0.179,0.460738718,0.32060861799999996,0.3765,0.0
2025-11-14 07:00:00+01:00,0.19,0.05567890625,0.0,0.0,0.19,0.49471681875,0.35458671875,0.394,0.0
2025-11-14 08:00:00+01:00,0.246,0.07252262655,0.0,0.0,0.246,0.49684708424999996,0.35671698425,0.40249999999999997,0.0005
2025-11-14 09:00:00+01:00,0.177,0.049138629375,0.0,0.0,0.177,0.47604954374999997,0.33591944375,0.6347499999999999,0.13474999999999998
2025-11-14 10:00:00+01:00,0.307,0.082004788525,0.0,0.0,0.307,0.46334115575000007,0.32321105575000003,0.3205,0.30075
2025-11-14 11:00:00+01:00,0.579,0.151332694425,0.0,0.0,0.579,0.45638668075,0.31625658075,0.23675000000000002,0.95775
2025-11-14 12:00:00+01:00,0.658,0.1693435051,0.0,0.0,0.658,0.4515368495,0.31140674949999997,0.023,1.852
2025-11-14 13:00:00+01:00,1.071,0.279738372375,0.0,0.0,1.071,0.45617438624999995,0.31604428625,0.0325,2.02475
2025-11-14 14:00:00+01:00,0.4,0.10580482,0.0,0.0,0.4,0.4601896804999999,0.3200595805,0.10875000000000001,1.8457499999999998
2025-11-14 15:00:00+01:00,0.397,0.108305421125,0.0,0.0,0.397,0.47022974625,0.33009964625,0.07825,0.8735
2025-11-14 16:00:00+01:00,0.41,0.11250679825,0.0,0.0,0.41,0.47216235824999997,0.33203225825,0.0915,0.2265
2025-11-14 17:00:00+01:00,0.984,0.282003084,0.0,0.0,0.984,0.486902185,0.346772085,0.45049999999999996,0.0125
2025-11-14 18:00:00+01:00,0.317,0.0812938258,0.0,0.0,0.317,0.45043145399999995,0.310301354,0.68875,0.0
2025-11-14 19:00:00+01:00,1.282,0.32278949175,0.0,0.0,1.282,0.44479100875,0.30466090874999996,0.32700000000000007,0.0
2025-11-14 20:00:00+01:00,1.274,0.3228293068,0.0,0.0,1.274,0.44674192199999996,0.30661182200000003,0.36275,0.0
2025-11-14 21:00:00+01:00,0.94,0.230488423,0.0,0.0,0.94,0.43682264449999997,0.2966925445,0.2495,0.0
2025-11-14 22:00:00+01:00,1.212,0.3061690467,0.0,0.0,1.212,0.44579391725,0.30566381724999997,0.20849999999999996,0.0
2025-11-14 23:00:00+01:00,3.481,0.814908104725,0.0,0.0,3.481,0.42339318724999997,0.28326308725,0.20025,0.0
2025-11-15 00:00:00+01:00,5.172,1.1924221848,0.0,0.0,5.172,0.41909971399999996,0.278969614,0.53875,0.0
2025-11-15 01:00:00+01:00,0.613,0.141434930725,0.0,0.0,0.613,0.41930834825,0.27917824825,2.166,0.0
2025-11-15 02:00:00+01:00,0.657,0.1471409973,0.0,0.0,0.657,0.411120369,0.270990269,1.8162500000000001,0.0
2025-11-15 03:00:00+01:00,0.519,0.116613033075,0.0,0.0,0.519,0.41200248924999994,0.27187238925,0.78725,0.0
2025-11-15 04:00:00+01:00,0.942,0.2077435932,0.0,0.0,0.942,0.406976966,0.266846866,1.9575,0.0
2025-11-15 05:00:00+01:00,0.682,0.1516383011,0.0,0.0,0.682,0.40916579550000004,0.2690356955,1.73575,0.0
2025-11-15 06:00:00+01:00,5.865,1.28183240625,0.0,0.0,5.865,0.4045831625,0.2644530625,2.47125,0.0
2025-11-15 07:00:00+01:00,0.474,0.1094342997,0.0,0.0,0.474,0.4194877005,0.27935760049999997,1.2710000000000001,0.0
2025-11-15 08:00:00+01:00,0.483,0.118287170925,0.0,0.0,0.483,0.43646027974999996,0.29633017975,0.4985,0.0
2025-11-15 09:00:00+01:00,0.449,0.111761544125,0.0,0.0,0.449,0.44131377125,0.30118367125,0.27425,0.0145
2025-11-15 10:00:00+01:00,0.26,0.0657333105,0.0,0.0,0.26,0.44604281425,0.30591271425,0.10325,0.33625000000000005
2025-11-15 11:00:00+01:00,0.176,0.0446885912,0.006,0.0015234747,0.16999999999999998,0.44736416450000005,0.3072340645,0.10475000000000001,1.305
2025-11-15 12:00:00+01:00,5.73,1.4418837345,0.002,0.0005032753,5.728000000000001,0.4446116565,0.3044815565,0.332,0.6812499999999999
2025-11-15 13:00:00+01:00,3.768,0.9509290296,0.0,0.0,3.768,0.445497437,0.30536733699999996,2.11775,0.7012499999999999
2025-11-15 14:00:00+01:00,0.425,0.108181486875,0.0,0.0,0.425,0.4481291567499999,0.30799905675,0.08600000000000001,1.1207500000000001
2025-11-15 15:00:00+01:00,0.948,0.2456213727,0.0,0.0,0.948,0.45363417275,0.31350407275,0.18225,0.6415
2025-11-15 16:00:00+01:00,1.316,0.3454465784,0.0,0.0,1.316,0.45775195399999996,0.317621854,0.34775,0.42300000000000004
2025-11-15 17:00:00+01:00,2.03,0.559348636,0.0,0.0,2.03,0.473534952,0.333404852,0.62125,0.08975
2025-11-15 18:00:00+01:00,0.813,0.230977344675,0.0,0.0,0.813,0.48389711974999994,0.34376701974999996,0.838,0.00025
2025-11-15 19:00:00+01:00,0.689,0.1893810204,0.0,0.0,0.689,0.4727150559999999,0.332584956,0.9830000000000001,0.0
2025-11-15 20:00:00+01:00,0.888,0.2326061166,0.0,0.0,0.888,0.45708212825,0.31695202825,0.5985,0.0
2025-11-15 21:00:00+01:00,0.6,0.15639129,0.0,0.0,0.6,0.4555192015,0.31538910150000005,0.45599999999999996,0.0
2025-11-15 22:00:00+01:00,0.563,0.1457900323,0.0,0.0,0.563,0.453462141,0.313332041,0.7397500000000001,0.0
2025-11-15 23:00:00+01:00,0.489,0.124868778375,0.0,0.0,0.489,0.44911010375,0.30898000375,1.37425,0.0
2025-11-16 00:00:00+01:00,0.439,0.111094404575,0.0,0.0,0.439,0.44633563424999995,0.30620553424999997,0.47274999999999995,0.0
2025-11-16 01:00:00+01:00,0.428,0.1070703953,0.0,0.0,0.428,0.44282911475000003,0.30269901475,0.65675,0.0
2025-11-16 02:00:00+01:00,0.431,0.106900423575,0.0,0.0,0.431,0.44024497825,0.30011487825,0.53325,0.0
2025-11-16 03:00:00+01:00,0.44,0.110658009,0.0,0.0,0.44,0.44443962475,0.30430952475,1.2009999999999998,0.0
2025-11-16 04:00:00+01:00,0.438,0.1059721509,0.0,0.0,0.438,0.4328842155,0.2927541155,0.7017500000000001,0.0
2025-11-16 05:00:00+01:00,0.491,0.120299848625,0.0,0.0,0.491,0.43659204875,0.29646194875,0.74675,0.0
2025-11-16 06:00:00+01:00,0.847,0.202952443925,0.0,0.0,0.847,0.43006216275,0.28993206275,0.49450000000000005,0.0
2025-11-16 07:00:00+01:00,0.594,0.1470793599,0.0,0.0,0.594,0.4397362035,0.2996061035,0.5485,0.0
2025-11-16 08:00:00+01:00,0.438,0.11053395375,0.0,0.0,0.438,0.44548645624999994,0.30535635625,0.55675,0.00475
2025-11-16 09:00:00+01:00,0.361,0.091862235025,0.0,0.0,0.361,0.44803399025,0.30790389025,0.18275,0.20174999999999998
2025-11-16 10:00:00+01:00,0.285,0.071958987375,0.0,0.0,0.285,0.44564018675,0.30551008675,0.1305,0.8075000000000001
2025-11-16 11:00:00+01:00,0.701,0.179852327875,0.0,0.0,0.701,0.45057420374999996,0.31044410375,0.036750000000000005,1.2085
2025-11-16 12:00:00+01:00,0.403,0.10585228225,0.0,0.0,0.403,0.45794960749999997,0.3178195075,1.2385,0.8572500000000001
2025-11-16 13:00:00+01:00,0.368,0.0955203524,0.0,0.0,0.368,0.45420517174999997,0.31407507175,0.19475,1.4912500000000002
2025-11-16 14:00:00+01:00,1.257,0.330974479275,0.0,0.0,1.257,0.45872924074999993,0.31859914075,1.5150000000000001,0.9247500000000001
2025-11-16 15:00:00+01:00,0.209,0.056022089475,0.15,0.04020724125,0.059,0.46446851275,0.32433841274999997,2.1215,0.6970000000000001
2025-11-16 16:00:00+01:00,0.224,0.0624835288,0.179,0.049931034175,0.04500000000000001,0.47765273324999996,0.33752263325,0.50325,0.45749999999999996
2025-11-16 17:00:00+01:00,1.03,0.29931452375,0.0,0.0,1.03,0.49175201625000003,0.35162191625,0.954,0.073
2025-11-16 18:00:00+01:00,0.94,0.272344743,0.0,0.0,0.94,0.4907015245,0.3505714245,0.56325,0.0
2025-11-16 19:00:00+01:00,1.288,0.3614777474,0.0,0.0,1.288,0.47971711424999997,0.33958701425,0.4665,0.0
2025-11-16 20:00:00+01:00,1.381,0.360892207225,0.0,0.0,1.381,0.4563354372499999,0.31620533725,0.672,0.0
2025-11-16 21:00:00+01:00,0.876,0.2189532873,0.0,0.0,0.876,0.44256557674999997,0.30243547675,0.28775000000000006,0.0
2025-11-16 22:00:00+01:00,1.013,0.25933382475,0.0,0.0,1.013,0.4498970575,0.30976695749999994,0.2325,0.0
2025-11-16 23:00:00+01:00,0.65,0.16079009375,0.0,0.0,0.65,0.43944704374999993,0.29931694375,0.886,0.0
2025-11-17 00:00:00+01:00,0.713,0.17636358025,0.0,0.0,0.713,0.43942874249999997,0.2992986425,1.79325,0.0
2025-11-17 01:00:00+01:00,0.56,0.134559502,0.0,0.0,0.56,0.43087473825,0.29074463825,0.44000000000000006,0.0
2025-11-17 02:00:00+01:00,0.445,0.103378361625,0.0,0.0,0.445,0.42122631925000004,0.28109621925,0.29324999999999996,0.0
2025-11-17 03:00:00+01:00,1.503,0.329203856025,0.0,0.0,1.503,0.40515782175,0.26502772175,0.73725,0.0
2025-11-17 04:00:00+01:00,5.051,1.1020635472,0.0,0.0,5.051,0.404136612,0.26400651199999997,3.1940000000000004,0.0
2025-11-17 05:00:00+01:00,0.449,0.10064175605,0.0,0.0,0.449,0.41134730449999996,0.2712172045,3.171,0.0
2025-11-17 06:00:00+01:00,0.438,0.1037064864,0.0,0.0,0.438,0.42662518799999993,0.286495088,1.501,0.0
2025-11-17 07:00:00+01:00,0.628,0.1634064949,0.0,0.0,0.628,0.45497382424999994,0.31484372424999996,0.44349999999999995,0.0
2025-11-17 08:00:00+01:00,2.925,0.803560168125,0.0,0.0,2.925,0.47254302425000005,0.33241292425,0.5765,0.00075
2025-11-17 09:00:00+01:00,0.512,0.136054336,0.102,0.02710457475,0.41000000000000003,0.46166476125000006,0.32153466125,1.0422500000000001,0.0015
2025-11-17 10:00:00+01:00,2.207,0.552620385625,0.662,0.16576107625,1.545,0.44310729375,0.30297719375,0.259,0.10725000000000001
2025-11-17 11:00:00+01:00,0.034,0.00795411045,1.857,0.434434797225,-1.823,0.42320285425,0.28307275425,0.16849999999999998,0.25175
2025-11-17 12:00:00+01:00,0.0,0.0,3.392,0.8006810064,-3.392,0.42575038825,0.28562028824999997,0.212,0.6699999999999999
2025-11-17 13:00:00+01:00,0.026,0.0061430369,1.612,0.3808682878,-1.586,0.4260175865,0.2858874865,0.44599999999999995,0.997
2025-11-17 14:00:00+01:00,0.03,0.00735537825,1.186,0.29078262015,-1.156,0.43679702275,0.29666692275,0.32,0.90625
2025-11-17 15:00:00+01:00,0.221,0.055639330175,0.439,0.110523375325,-0.218,0.44476172675,0.30463162675,0.0465,0.75275
2025-11-17 16:00:00+01:00,0.304,0.0765006044,0.093,0.023403145425,0.211,0.44462263725,0.30449253725000003,0.11875,0.4405
2025-11-17 17:00:00+01:00,2.714,0.77184904775,0.0,0.0,2.714,0.48424850374999995,0.34411840375,0.6435,0.0805
2025-11-17 18:00:00+01:00,0.718,0.20678484365,0.0,0.0,0.718,0.48861152174999994,0.34848142174999996,0.67025,0.0
2025-11-17 19:00:00+01:00,0.705,0.198489806625,0.0,0.0,0.705,0.48080054824999996,0.34067044825000004,0.4595,0.0
2025-11-17 20:00:00+01:00,0.602,0.16271992275,0.0,0.0,0.602,0.46719173875000003,0.32706163875,0.979,0.0
2025-11-17 21:00:00+01:00,0.576,0.145769184,0.0,0.0,0.576,0.44634661499999995,0.306216515,0.33825,0.0
2025-11-17 22:00:00+01:00,0.451,0.1129837984,0.0,0.0,0.451,0.443257364,0.30312726399999995,0.2655,0.0
2025-11-17 23:00:00+01:00,0.436,0.1071289714,0.0,0.0,0.436,0.4374375665,0.2973074665,0.24375000000000002,0.0
2025-11-18 00:00:00+01:00,0.433,0.1082596559,0.0,0.0,0.433,0.442657083,0.30252698299999997,0.6154999999999999,0.0
2025-11-18 01:00:00+01:00,0.463,0.114454989,0.0,0.0,0.463,0.43924573,0.29911563,0.31399999999999995,0.0
2025-11-18 02:00:00+01:00,0.484,0.1171763153,0.0,0.0,0.484,0.43307088825,0.29294078825,0.29475,0.0
2025-11-18 03:00:00+01:00,0.438,0.10586747985,0.0,0.0,0.438,0.43259505575,0.29246495575,1.922,0.0
2025-11-18 04:00:00+01:00,0.907,0.220638112475,0.0,0.0,0.907,0.43447642425,0.29434632425,0.578,0.0
2025-11-18 05:00:00+01:00,0.668,0.1644081934,0.0,0.0,0.668,0.4379353605,0.2978052605,1.252,0.0
2025-11-18 06:00:00+01:00,3.346,0.8551377219,0.0,0.0,3.346,0.4493699815,0.3092398815,1.4815,0.0
2025-11-18 07:00:00+01:00,1.29,0.34573935,0.0,0.0,1.29,0.46442824999999993,0.32429815,0.6845,0.0
2025-11-18 08:00:00+01:00,0.692,0.1988928062,0.0,0.0,0.692,0.48790509349999994,0.3477749935,0.59975,0.0
2025-11-18 09:00:00+01:00,0.759,0.208834998075,0.0,0.0,0.759,0.4730554592499999,0.33292535925,0.9387500000000001,0.144
2025-11-18 10:00:00+01:00,0.281,0.0722997264,0.315,0.081047736,-0.033999999999999975,0.45145632399999996,0.311326224,0.64825,0.287
2025-11-18 11:00:00+01:00,0.321,0.080498943525,0.986,0.24726466765,-0.665,0.4435684852499999,0.30343838525,0.11575,0.723
2025-11-18 12:00:00+01:00,0.318,0.07995824595,0.746,0.18757500465,-0.428,0.4443737402499999,0.30424364024999995,1.42525,1.062
2025-11-18 13:00:00+01:00,0.261,0.065992447125,0.001,0.000252844625,0.26,0.44607209625,0.30594199624999996,2.1095,1.0957499999999998
2025-11-18 14:00:00+01:00,0.351,0.091481472225,0.0,0.0,0.351,0.45549357974999993,0.31536347974999995,1.78275,0.6767500000000001
2025-11-18 15:00:00+01:00,0.496,0.1430541376,0.0,0.0,0.496,0.4891129759999999,0.348982876,0.10500000000000001,0.83825
2025-11-18 16:00:00+01:00,0.493,0.153467781775,0.0,0.0,0.493,0.51679544675,0.37666534674999996,1.9955000000000003,0.2605
2025-11-18 17:00:00+01:00,1.172,0.3785564981,0.0,0.0,1.172,0.53096061425,0.39083051425,0.62375,0.01825
2025-11-18 18:00:00+01:00,0.957,0.30577934805,0.0,0.0,0.957,0.5267476664999999,0.3866175665,1.0627499999999999,0.0
2025-11-18 19:00:00+01:00,0.616,0.1886636598,0.0,0.0,0.616,0.51071943175,0.37058933175,0.65475,0.0
2025-11-18 20:00:00+01:00,0.82,0.226112458,0.0,0.0,0.82,0.473783849,0.333653749,1.6564999999999999,0.0
2025-11-18 21:00:00+01:00,0.485,0.126664236875,0.0,0.0,0.485,0.4561377837499999,0.31600768374999993,0.54825,0.0
2025-11-18 22:00:00+01:00,0.756,0.2007143523,0.0,0.0,0.756,0.46137926175000005,0.32124916175,0.49475,0.0
2025-11-18 23:00:00+01:00,1.215,0.311675475375,0.0,0.0,1.215,0.45052296025,0.31039286025,0.23525,0.0
2025-11-19 00:00:00+01:00,1.837,0.4634253173,0.0,0.0,1.837,0.445380309,0.305250209,0.18000000000000002,0.0
2025-11-19 01:00:00+01:00,1.428,0.3591744156,0.0,0.0,1.428,0.44447256699999993,0.30434246699999995,0.86775,0.0
2025-11-19 02:00:00+01:00,0.694,0.17177511505,0.0,0.0,0.694,0.43962273575,0.29949263574999996,0.702,0.0
2025-11-19 03:00:00+01:00,0.45,0.109896435,0.0,0.0,0.45,0.43562940299999997,0.295499303,0.34249999999999997,0.0
2025-11-19 04:00:00+01:00,0.449,0.110351706575,0.0,0.0,0.449,0.43751443175,0.29738433175,2.46225,0.0
2025-11-19 05:00:00+01:00,0.45,0.11246783625,0.0,0.0,0.45,0.44254361525,0.30241351525,2.03825,0.0
2025-11-19 06:00:00+01:00,0.437,0.1145897467,0.0,0.0,0.437,0.457415211,0.31728511099999995,1.21675,0.0
2025-11-19 07:00:00+01:00,0.482,0.1423698342,0.0,0.0,0.482,0.497531551,0.357401451,0.313,0.0
2025-11-19 08:00:00+01:00,0.614,0.1902632193,0.0,0.0,0.614,0.5150787895,0.3749486895,0.3035,0.012
2025-11-19 09:00:00+01:00,0.62,0.176375771,0.0,0.0,0.62,0.48434733049999995,0.3442172305,0.164,0.305
2025-11-19 10:00:00+01:00,0.624,0.1651517868,0.0,0.0,0.624,0.4603763532499999,0.32024625324999995,0.10025,0.5845
2025-11-19 11:00:00+01:00,0.517,0.132234550525,0.0,0.0,0.517,0.44961521824999995,0.30948511824999997,0.016,1.371
2025-11-19 12:00:00+01:00,0.491,0.124140769775,0.0,0.0,0.491,0.4460574552499999,0.30592735525,1.27475,1.7309999999999999
2025-11-19 13:00:00+01:00,1.342,0.3434785255,0.0,0.0,1.342,0.44982385249999995,0.30969375250000003,1.28475,1.12175
2025-11-19 14:00:00+01:00,0.728,0.1941525586,0.0,0.0,0.728,0.46282872075000003,0.32269862075,0.09725,1.0647499999999999
2025-11-19 15:00:00+01:00,0.959,0.269207579025,0.0,0.0,0.959,0.47979763975,0.33966753974999997,0.11999999999999998,0.3195
2025-11-19 16:00:00+01:00,1.466,0.4092028941,0.0,0.0,1.466,0.47787600849999995,0.33774590849999997,0.8330000000000001,0.00875
2025-11-19 17:00:00+01:00,1.566,0.45783133605,0.0,0.0,1.566,0.49388228175,0.35375218175,1.04575,0.0
2025-11-19 18:00:00+01:00,0.868,0.2521932336,0.0,0.0,0.868,0.491689792,0.351559692,0.79925,0.0
2025-11-19 19:00:00+01:00,0.902,0.2622463976,0.0,0.0,0.902,0.49192404800000006,0.351793948,0.5427500000000001,0.0
2025-11-19 20:00:00+01:00,5.974,1.63829437695,0.0,0.0,5.974,0.47195738425,0.33182728424999997,0.4375,0.0
2025-11-19 21:00:00+01:00,0.836,0.222113287,0.0,0.0,0.836,0.4616098575,0.32147975749999996,0.7412499999999999,0.0
2025-11-19 22:00:00+01:00,0.675,0.17972992125,0.0,0.0,0.675,0.46231262549999996,0.3221825255,0.29250000000000004,0.0
2025-11-19 23:00:00+01:00,0.677,0.17524094225,0.0,0.0,0.677,0.4533376925,0.31320759249999996,0.36175,0.0
2025-11-20 00:00:00+01:00,3.848,0.9854360516,0.0,0.0,3.848,0.44999954450000007,0.30986944450000004,1.795,0.0
2025-11-20 01:00:00+01:00,4.305,1.084940934,0.0,0.0,4.305,0.4450728479999999,0.304942748,1.95975,0.0
2025-11-20 02:00:00+01:00,1.166,0.29242542505,0.0,0.0,1.166,0.44359044675000003,0.30346034675,0.5375,0.0
2025-11-20 03:00:00+01:00,0.966,0.24176992455,0.0,0.0,0.966,0.44296820424999994,0.30283810425,1.0225,0.0
2025-11-20 04:00:00+01:00,0.625,0.156740375,0.0,0.0,0.625,0.443579466,0.303449366,1.8697499999999998,0.0
2025-11-20 05:00:00+01:00,0.701,0.179055010475,0.0,0.0,0.701,0.44919794975,0.30906784974999996,1.0847499999999999,0.0
2025-11-20 06:00:00+01:00,0.667,0.179280512125,0.0,0.0,0.667,0.46536161374999996,0.32523151375000003,0.627,0.0
2025-11-20 07:00:00+01:00,0.625,0.197209203125,0.0,0.0,0.625,0.52192711725,0.38179701725,0.51025,0.0
2025-11-20 08:00:00+01:00,0.624,0.2056087176,0.0,0.0,0.624,0.5388264915,0.3986963915,0.48050000000000004,0.00925
2025-11-20 09:00:00+01:00,0.828,0.2713992732,0.0,0.0,0.828,0.536740149,0.39661004899999996,0.11225,0.22849999999999998
2025-11-20 10:00:00+01:00,0.264,0.0824921856,0.45,0.14061168,-0.186,0.518219284,0.37808918399999997,0.03950000000000001,0.5635
2025-11-20 11:00:00+01:00,0.436,0.1299881462,0.228,0.0679754526,0.208,0.5008770195,0.3607469195,0.07200000000000001,0.8759999999999999
2025-11-20 12:00:00+01:00,0.097,0.0285666843,0.406,0.1195677714,-0.30900000000000005,0.49647739899999993,0.35634729899999995,0.2595,1.4024999999999999
2025-11-20 13:00:00+01:00,0.082,0.02411418075,0.256,0.075283296,-0.174,0.49596130374999997,0.35583120375000005,0.20675,0.8645
2025-11-20 14:00:00+01:00,3.194,0.97198211,0.0,0.0,3.194,0.5083512499999999,0.36822115,0.39975,0.52875
2025-11-20 15:00:00+01:00,0.149,0.0477894703,0.076,0.0243758372,0.073,0.528219087,0.388088987,0.389,0.8242499999999999
2025-11-20 16:00:00+01:00,0.475,0.165469088125,0.0,0.0,0.475,0.56164082975,0.42151072975,0.717,0.375
2025-11-20 17:00:00+01:00,1.146,0.40639191285,0.0,0.0,1.146,0.56921754725,0.42908744725,0.90375,0.02325
2025-11-20 18:00:00+01:00,0.834,0.2868682278,0.0,0.0,0.834,0.556329807,0.41619970700000003,0.7010000000000001,0.0
2025-11-20 19:00:00+01:00,0.964,0.3235850365,0.0,0.0,0.964,0.54628974125,0.40615964125,0.58,0.0
2025-11-20 20:00:00+01:00,1.085,0.33805231075,0.0,0.0,1.085,0.5171285295,0.3769984295,0.6532499999999999,0.0
2025-11-20 21:00:00+01:00,0.962,0.2797081859,0.0,0.0,0.962,0.49194600949999995,0.3518159095,0.5545,0.0
2025-11-20 22:00:00+01:00,0.63,0.17490020625,0.0,0.0,0.63,0.47604954374999997,0.33591944375,0.449,0.0
2025-11-20 23:00:00+01:00,0.748,0.195203129,0.0,0.0,0.748,0.4558998675,0.3157697675,0.52525,0.0
2025-11-21 00:00:00+01:00,0.521,0.139085782275,0.0,0.0,0.521,0.46315082275,0.32302072275,0.9317500000000001,0.0
2025-11-21 01:00:00+01:00,0.506,0.1318073328,0.0,0.0,0.506,0.455321548,0.31519144800000004,0.6535,0.0
2025-11-21 02:00:00+01:00,0.639,0.163607004,0.0,0.0,0.639,0.44993366,0.30980356,1.16675,0.0
2025-11-21 03:00:00+01:00,0.533,0.13602541095,0.0,0.0,0.533,0.4489307515,0.30880065149999997,2.56075,0.0
2025-11-21 04:00:00+01:00,0.692,0.1786191957,0.0,0.0,0.692,0.45245557224999994,0.31232547224999996,0.62375,0.0
2025-11-21 05:00:00+01:00,2.696,0.7204235698,0.0,0.0,2.696,0.46346560425000005,0.32333550425,0.5775,0.0
2025-11-21 06:00:00+01:00,0.972,0.2927392083,0.0,0.0,0.972,0.50454825025,0.36441815025,0.37825000000000003,0.0
2025-11-21 07:00:00+01:00,1.144,0.4102299058,0.0,0.0,1.144,0.5740271157500001,0.43389701575,0.38725,0.0
2025-11-21 08:00:00+01:00,1.181,0.465839397375,0.0,0.0,1.181,0.61740839875,0.47727829874999994,0.43124999999999997,0.0
2025-11-21 09:00:00+01:00,0.063,0.023049474525,0.606,0.22171399305,-0.5429999999999999,0.5828263567499999,0.44269625674999996,0.6775,0.103
2025-11-21 10:00:00+01:00,0.005,0.0016133535,1.764,0.5691911148,-1.7590000000000001,0.530561647,0.39043154699999993,0.3685,0.24775
2025-11-21 11:00:00+01:00,0.0,0.0,2.735,0.83824180825,-2.735,0.5109793095,0.37084920949999994,0.3695,0.82675
2025-11-21 12:00:00+01:00,0.0,0.0,3.483,1.0311024438,-3.483,0.498336806,0.358206706,0.17925000000000002,1.73225
2025-11-21 13:00:00+01:00,0.002,0.00059832685,3.151,0.942663952175,-3.149,0.50211784425,0.36198774424999997,0.297,1.73
2025-11-21 14:00:00+01:00,0.389,0.126082553575,1.052,0.3409738981,-0.663,0.53231490675,0.39218480675,0.20325000000000001,1.6742499999999998
2025-11-21 15:00:00+01:00,0.201,0.07423377225,0.705,0.26037218625,-0.504,0.5870100225,0.4468799225,0.16250000000000003,0.7847500000000001
2025-11-21 16:00:00+01:00,0.175,0.074847801875,0.119,0.050896505275,0.055999999999999994,0.65764918725,0.51751908725,0.18449999999999997,0.1615
2025-11-21 17:00:00+01:00,0.681,0.299527635,0.0,0.0,0.681,0.6723304499999999,0.53220035,0.61525,0.00075
2025-11-21 18:00:00+01:00,0.418,0.1635009717,0.0,0.0,0.418,0.6134223865,0.4732922865,0.54725,0.0
2025-11-21 19:00:00+01:00,1.082,0.38262936415,0.0,0.0,1.082,0.56802430575,0.42789420575,0.58125,0.0
2025-11-21 20:00:00+01:00,1.464,0.4658267196,0.0,0.0,1.464,0.5251371565,0.3850070565,0.60025,0.0
2025-11-21 21:00:00+01:00,0.435,0.125069971125,0.0,0.0,0.435,0.48802588175000006,0.34789578175,0.4295,0.0
2025-11-21 22:00:00+01:00,0.575,0.156145433125,0.0,0.0,0.575,0.46871440275,0.32858430275,0.46499999999999997,0.0
2025-11-21 23:00:00+01:00,0.999,0.260352212175,0.0,0.0,0.999,0.45547161825,0.31534151825,1.00125,0.0
2025-11-22 00:00:00+01:00,0.893,0.240377405125,0.0,0.0,0.893,0.46583744625,0.32570734625,1.5604999999999998,0.0
2025-11-22 01:00:00+01:00,0.552,0.1445829726,0.0,0.0,0.552,0.45706016675000005,0.31693006675,2.27575,0.0
2025-11-22 02:00:00+01:00,0.611,0.1556099688,0.0,0.0,0.611,0.448293868,0.30816376799999995,1.9347500000000002,0.0
2025-11-22 03:00:00+01:00,0.651,0.163306067925,0.0,0.0,0.651,0.44366365175000005,0.30353355175,0.803,0.0
2025-11-22 04:00:00+01:00,3.545,0.872731497,0.0,0.0,3.545,0.43801588599999997,0.297885786,2.03825,0.0
2025-11-22 05:00:00+01:00,0.63,0.1527763545,0.0,0.0,0.63,0.4335577015,0.29342760149999997,1.774,0.0
2025-11-22 06:00:00+01:00,0.657,0.16019837955,0.0,0.0,0.657,0.4351682115,0.2950381115,3.82675,0.0
2025-11-22 07:00:00+01:00,0.788,0.2002331837,0.0,0.0,0.788,0.44759476025,0.30746466024999997,1.2835,0.0
2025-11-22 08:00:00+01:00,0.492,0.1321848528,0.0,0.0,0.492,0.465218864,0.325088764,0.528,0.0
2025-11-22 09:00:00+01:00,0.447,0.114373722375,0.0,0.0,0.447,0.4497323462499999,0.30960224625,0.3755,0.00025
2025-11-22 10:00:00+01:00,0.189,0.046748238075,0.036,0.0089044263,0.153,0.43941776174999997,0.29928766175,0.16725,0.13775
2025-11-22 11:00:00+01:00,0.024,0.0058342812,0.774,0.1881555687,-0.75,0.4342751105,0.2941450105,0.14800000000000002,0.8252499999999999
2025-11-22 12:00:00+01:00,0.012,0.0028830186,1.485,0.35677355175,-1.473,0.4308344755,0.2907043755,1.7080000000000002,0.42974999999999997
2025-11-22 13:00:00+01:00,0.032,0.0076765304,1.139,0.273236503925,-1.107,0.43039890575,0.29026880574999997,3.0380000000000003,0.308
2025-11-22 14:00:00+01:00,0.453,0.11155815825,0.146,0.0359547265,0.30700000000000005,0.43811105249999993,0.2979809525,0.1765,0.57325
2025-11-22 15:00:00+01:00,0.651,0.165283220025,0.0,0.0,0.651,0.44733854275000007,0.30720844275000003,0.32675,0.394
2025-11-22 16:00:00+01:00,1.289,0.34335795505,0.0,0.0,1.289,0.4624443945,0.3223142945,0.66525,0.23450000000000001
2025-11-22 17:00:00+01:00,0.997,0.2790816358,0.0,0.0,0.997,0.47883499399999996,0.338704894,0.9909999999999999,0.06225
2025-11-22 18:00:00+01:00,1.373,0.376087732075,0.0,0.0,1.373,0.47156939774999995,0.33143929775,0.9040000000000001,0.0
2025-11-22 19:00:00+01:00,0.956,0.2478271543,0.0,0.0,0.956,0.45380254425,0.31367244425,0.837,0.0
2025-11-22 20:00:00+01:00,0.986,0.2510556158,0.0,0.0,0.986,0.44822066299999996,0.30809056300000004,0.62625,0.0
2025-11-22 21:00:00+01:00,0.97,0.2435134075,0.0,0.0,0.97,0.4438942475,0.30376414749999997,0.5585,0.0
2025-11-22 22:00:00+01:00,0.952,0.2439852954,0.0,0.0,0.952,0.45023746075,0.31010736074999995,0.8325,0.0
2025-11-22 23:00:00+01:00,0.797,0.19372746745,0.0,0.0,0.797,0.43424582850000004,0.2941157285,1.4344999999999999,0.0
2025-11-23 00:00:00+01:00,0.68,0.167495339,0.0,0.0,0.68,0.43817327675,0.29804317675,0.49924999999999997,0.0
2025-11-23 01:00:00+01:00,0.681,0.161829383925,0.0,0.0,0.681,0.42766835925,0.28753825925,0.5874999999999999,0.0
2025-11-23 02:00:00+01:00,0.686,0.1597699488,0.0,0.0,0.686,0.42194006799999995,0.28180996799999997,0.49725,0.0
2025-11-23 03:00:00+01:00,1.301,0.2916538867,0.0,0.0,1.301,0.41138390699999994,0.271253807,1.1775,0.0
2025-11-23 04:00:00+01:00,1.165,0.25786022625,0.0,0.0,1.165,0.40795059249999993,0.26782049249999995,0.68475,0.0
2025-11-23 05:00:00+01:00,0.769,0.172868758425,0.0,0.0,0.769,0.41213425825,0.27200415825,0.7515000000000001,0.0
2025-11-23 06:00:00+01:00,0.873,0.1924844526,0.0,0.0,0.873,0.40691840199999996,0.266788302,0.598,0.0
2025-11-23 07:00:00+01:00,1.162,0.26405407105,0.0,0.0,1.162,0.41509174025,0.27496164025000003,0.5765,0.0
2025-11-23 08:00:00+01:00,5.18,1.191258068,0.0,0.0,5.18,0.418396946,0.278266846,0.54,0.00475
2025-11-23 09:00:00+01:00,3.706,0.8457090147,0.0,0.0,3.706,0.4162520395,0.2761219395,0.24475,0.18525
2025-11-23 10:00:00+01:00,3.877,0.885423153725,0.0,0.0,3.877,0.41646799425000003,0.27633789425,0.1905,0.6887500000000001
2025-11-23 11:00:00+01:00,1.188,0.2722802742,0.0,0.0,1.188,0.4174526015,0.2773225015,0.20775,0.94775
2025-11-23 12:00:00+01:00,0.776,0.178801458,0.0,0.0,0.776,0.4189313425,0.2788012425,1.319,0.8275
2025-11-23 13:00:00+01:00,1.165,0.264926096875,0.0,0.0,1.165,0.41528939374999996,0.27515929375,0.15325,1.4140000000000001
2025-11-23 14:00:00+01:00,0.795,0.18586316925,0.0,0.0,0.795,0.4230161815,0.2828860815,1.0195,0.8710000000000001
2025-11-23 15:00:00+01:00,1.138,0.2779916073,0.0,0.0,1.138,0.43570992849999995,0.2955798285,1.3985,0.597
2025-11-23 16:00:00+01:00,1.136,0.2818397824,0.0,0.0,1.136,0.440329164,0.30019906399999996,0.54925,0.20775
2025-11-23 17:00:00+01:00,1.194,0.3083653056,0.0,0.0,1.194,0.45262760399999996,0.312497504,1.0907499999999999,0.00225
2025-11-23 18:00:00+01:00,0.741,0.190025281875,0.0,0.0,0.741,0.45042779375,0.31029769375,0.67975,0.0
2025-11-23 19:00:00+01:00,0.721,0.181943286525,0.0,0.0,0.721,0.44547181525,0.30534171525,0.699,0.0
2025-11-23 20:00:00+01:00,0.857,0.211269675375,0.0,0.0,0.857,0.43842217375,0.29829207375,0.93125,0.0
2025-11-23 21:00:00+01:00,0.927,0.221953255425,0.0,0.0,0.927,0.42984254774999997,0.28971244775,0.44,0.0
2025-11-23 22:00:00+01:00,1.22,0.288538052,0.0,0.0,1.22,0.42630308599999994,0.286172986,0.44575,0.0
2025-11-23 23:00:00+01:00,4.691,1.086137838775,0.0,0.0,4.691,0.4202892952499999,0.28015919525,0.39425,0.0
2025-11-24 00:00:00+01:00,2.93,0.68707027675,0.0,0.0,2.93,0.42386901975,0.28373891975,0.75,0.0
2025-11-24 01:00:00+01:00,0.934,0.21593867515,0.0,0.0,0.934,0.41987934725,0.27974924725,0.54325,0.0
2025-11-24 02:00:00+01:00,0.848,0.1972536192,0.0,0.0,0.848,0.42158868399999994,0.281458584,0.369,0.0
2025-11-24 03:00:00+01:00,8.518,1.9759643277,0.0,0.0,8.518,0.42082003149999997,0.2806899315,0.96275,0.0
2025-11-24 04:00:00+01:00,3.842,0.8872505411,0.0,0.0,3.842,0.41956090549999997,0.2794308055,4.377000000000001,0.0
2025-11-24 05:00:00+01:00,3.396,0.8154833478,0.0,0.0,3.396,0.4306880655,0.2905579655,3.24525,0.0
2025-11-24 06:00:00+01:00,0.604,0.1545050573,0.0,0.0,0.604,0.44965182074999993,0.30952172075,1.57125,0.0
2025-11-24 07:00:00+01:00,0.556,0.1420162722,0.0,0.0,0.556,0.44919428949999995,0.3090641895,0.5515,0.0
2025-11-24 08:00:00+01:00,0.702,0.18397800135,0.0,0.0,0.702,0.45724317924999996,0.31711307925,1.24675,0.00075
2025-11-24 09:00:00+01:00,0.627,0.169321867275,0.027,0.007291372275,0.6,0.46689159824999993,0.32676149825,1.09925,0.027
2025-11-24 10:00:00+01:00,0.64,0.181813632,0.007,0.0019885866,0.633,0.48387149799999996,0.343741398,0.7,0.269
2025-11-24 11:00:00+01:00,0.278,0.082480376,0.149,0.044207108,0.12900000000000003,0.49912742000000004,0.35899732,0.07175000000000001,0.6649999999999999
2025-11-24 12:00:00+01:00,0.018,0.00535444965,1.389,0.413185031325,-1.371,0.50006810425,0.35993800425,0.1765,1.1585
2025-11-24 13:00:00+01:00,0.029,0.0091658589,0.34,0.107461794,-0.311,0.5225676610000001,0.382437561,0.422,1.2497500000000001
2025-11-24 14:00:00+01:00,0.266,0.086081457,0.0,0.0,0.266,0.531703645,0.391573545,0.3225,0.87175
2025-11-24 15:00:00+01:00,0.35,0.12581867375,0.0,0.0,0.35,0.5751032292499999,0.43497312925,0.098,0.7292500000000001
2025-11-24 16:00:00+01:00,0.697,0.273937118125,0.0,0.0,0.697,0.61568808125,0.47555798124999993,0.18725,0.33475
2025-11-24 17:00:00+01:00,1.999,0.8696517566,0.0,0.0,1.999,0.6665326140000001,0.526402514,1.1205,0.06975
2025-11-24 18:00:00+01:00,1.05,0.421844115,0.0,0.0,1.05,0.626255223,0.486125123,0.7595,0.0
2025-11-24 19:00:00+01:00,0.89,0.3194677695,0.0,0.0,0.89,0.5744626855,0.4343325855,0.5087499999999999,0.0
2025-11-24 20:00:00+01:00,0.989,0.31594411035,0.0,0.0,0.989,0.5266744615,0.3865443615,1.03775,0.0
2025-11-24 21:00:00+01:00,0.862,0.2605724715,0.0,0.0,0.862,0.5058988825,0.36576878249999994,0.39725,0.0
2025-11-24 22:00:00+01:00,0.538,0.1552977888,0.0,0.0,0.538,0.48940579600000006,0.349275696,0.31975,0.0
2025-11-24 23:00:00+01:00,0.477,0.1283856948,0.0,0.0,0.477,0.465804504,0.32567440400000003,0.314,0.0
2025-11-25 00:00:00+01:00,0.545,0.142917652625,0.0,0.0,0.545,0.45743351225,0.31730341224999997,0.43600000000000005,0.0
2025-11-25 01:00:00+01:00,1.974,0.5098099776,0.0,0.0,1.974,0.45262760399999996,0.312497504,0.39325,0.0
2025-11-25 02:00:00+01:00,5.622,1.4346045318,0.0,0.0,5.622,0.448894149,0.308764049,0.37775000000000003,0.0
2025-11-25 03:00:00+01:00,0.684,0.1722546441,0.0,0.0,0.684,0.4448495727499999,0.30471947275,1.1239999999999999,0.0
2025-11-25 04:00:00+01:00,0.773,0.196042829675,0.0,0.0,0.773,0.44700179975,0.30687169975,0.6305000000000001,0.0
2025-11-25 05:00:00+01:00,0.845,0.21297122275,0.0,0.0,0.845,0.4450948095,0.3049647095,1.14425,0.0
2025-11-25 06:00:00+01:00,2.361,0.6060722415,0.0,0.0,2.361,0.45073891499999996,0.31060881500000004,2.27925,0.0
2025-11-25 07:00:00+01:00,1.77,0.67897779675,0.0,0.0,1.77,0.60429006275,0.46415996275,0.885,0.0
2025-11-25 08:00:00+01:00,0.788,0.3329528323,0.0,0.0,0.788,0.6513901597499999,0.51126005975,0.7037500000000001,0.0
2025-11-25 09:00:00+01:00,0.489,0.2003994861,0.0,0.0,0.489,0.636006129,0.49587602899999994,0.258,0.144
2025-11-25 10:00:00+01:00,0.244,0.089878437,0.002,0.0007367085,0.242,0.5858387424999999,0.4457086425,0.13975,0.32999999999999996
2025-11-25 11:00:00+01:00,0.601,0.168416381925,0.007,0.001961588475,0.594,0.47920467925,0.33907457925,0.191,0.894
2025-11-25 12:00:00+01:00,0.28,0.076220683,1.544,0.4203026234,-1.264,0.46951233725,0.32938223725,0.35875,1.1797499999999999
2025-11-25 13:00:00+01:00,0.015,0.00413339025,2.225,0.61311955375,-2.21,0.4735569134999999,0.3334268135,0.30125,1.06175
2025-11-25 14:00:00+01:00,0.128,0.0377833632,0.661,0.195115649025,-0.533,0.4973009552499999,0.35717085525,0.108,0.653
2025-11-25 15:00:00+01:00,0.033,0.0124597572,0.468,0.1767020112,-0.43500000000000005,0.5969878639999999,0.456857764,0.225,0.19825
2025-11-25 16:00:00+01:00,1.268,0.5823858381,0.016,0.0073487172,1.252,0.69587683825,0.55574673825,0.8505000000000001,0.01075
2025-11-25 17:00:00+01:00,1.447,0.708222537825,0.0,0.0,1.447,0.73235488975,0.5922247897499999,0.83225,0.00025
2025-11-25 18:00:00+01:00,0.314,0.1403973285,0.0,0.0,0.314,0.6811516525,0.5410215525,1.1905,0.0
2025-11-25 19:00:00+01:00,0.279,0.109189265625,0.0,0.0,0.279,0.61367494375,0.47354484375,0.732,0.0
2025-11-25 20:00:00+01:00,0.581,0.194292631225,0.0,0.0,0.581,0.54476707725,0.40463697725000003,0.6839999999999999,0.0
2025-11-25 21:00:00+01:00,0.491,0.146410983125,0.0,0.0,0.491,0.5009392437499999,0.36080914374999995,0.44325000000000003,0.0
2025-11-25 22:00:00+01:00,1.186,0.32908437155,0.0,0.0,1.186,0.47587385175,0.33574375175,0.381,0.0
2025-11-25 23:00:00+01:00,2.943,0.75734205525,0.0,0.0,2.943,0.45150756749999993,0.3113774675,0.4475,0.0
2025-11-26 00:00:00+01:00,0.621,0.1560828852,0.0,0.0,0.621,0.444252952,0.304122852,0.59775,0.0
2025-11-26 01:00:00+01:00,0.619,0.156739264825,0.0,0.0,0.619,0.44651864674999997,0.30638854675000005,1.0925,0.0
2025-11-26 02:00:00+01:00,0.667,0.167021118825,0.0,0.0,0.667,0.44312193474999995,0.30299183475,0.8055,0.0
2025-11-26 03:00:00+01:00,0.644,0.1619825669,0.0,0.0,0.644,0.44447622724999997,0.30434612725,0.37175,0.0
2025-11-26 04:00:00+01:00,0.529,0.133233133275,0.0,0.0,0.529,0.44487885475,0.30474875475,0.53925,0.0
2025-11-26 05:00:00+01:00,0.484,0.1259462743,0.0,0.0,0.484,0.45499578575,0.31486568574999996,0.7635000000000001,0.0
2025-11-26 06:00:00+01:00,1.2,0.34024353,0.0,0.0,1.2,0.48320899274999995,0.34307889275,0.6655,0.0
2025-11-26 07:00:00+01:00,1.204,0.4372304629,0.0,0.0,1.204,0.5795394522499999,0.43940935225,0.39125,0.0
2025-11-26 08:00:00+01:00,0.998,0.413233876,0.0,0.0,0.998,0.64114512,0.50101502,0.40800000000000003,0.00325
2025-11-26 09:00:00+01:00,1.745,0.676925591375,0.0,0.0,1.745,0.60951689975,0.46938679974999997,0.3105,0.25075
2025-11-26 10:00:00+01:00,0.655,0.241499891875,0.0,0.0,0.655,0.5862596712499999,0.44612957124999997,0.24325,0.4405
2025-11-26 11:00:00+01:00,0.145,0.0495207625,0.058,0.019808305,0.087,0.553372325,0.413242225,0.14075000000000001,1.06075
2025-11-26 12:00:00+01:00,0.027,0.0089924175,0.436,0.14521089,-0.409,0.5431236249999999,0.40299352499999996,1.3912499999999999,1.1475
2025-11-26 13:00:00+01:00,0.359,0.12028476295,1.167,0.39100924335,-0.808,0.5455467104999999,0.4054166105,1.1015,0.776
2025-11-26 14:00:00+01:00,0.013,0.004609401225,1.078,0.38222573235,-1.0650000000000002,0.56915898325,0.42902888325,0.27325,0.9652499999999999
2025-11-26 15:00:00+01:00,0.079,0.0312875629,0.224,0.0887141024,-0.14500000000000002,0.619344671,0.479214571,0.35074999999999995,0.3035
2025-11-26 16:00:00+01:00,0.51,0.240434502,0.0,0.0,0.51,0.7105727419999999,0.5704426419999999,1.14325,0.00875
2025-11-26 17:00:00+01:00,1.693,0.808897919775,0.0,0.0,1.693,0.71825560675,0.57812550675,1.2674999999999998,0.0
2025-11-26 18:00:00+01:00,0.836,0.347749039,0.0,0.0,0.836,0.6434510775000001,0.5033209775,0.70275,0.0
2025-11-26 19:00:00+01:00,1.23,0.4514683635,0.0,0.0,1.23,0.5842575145,0.4441274145,0.5707500000000001,0.0
2025-11-26 20:00:00+01:00,1.108,0.3494616488,0.0,0.0,1.108,0.5217624059999999,0.381632306,1.7975,0.0
2025-11-26 21:00:00+01:00,0.804,0.228276906,0.0,0.0,0.804,0.483681165,0.34355106500000004,0.8714999999999999,0.0
2025-11-26 22:00:00+01:00,0.68,0.18107771,0.0,0.0,0.68,0.4623419075,0.3222118075,0.40750000000000003,0.0
2025-11-26 23:00:00+01:00,0.746,0.19032811765,0.0,0.0,0.746,0.44883924524999996,0.30870914525000004,0.48325000000000007,0.0
2025-11-27 00:00:00+01:00,0.794,0.20353517085,0.0,0.0,0.794,0.45030334525000004,0.31017324525,1.9609999999999999,0.0
2025-11-27 01:00:00+01:00,1.807,0.450407353825,0.0,0.0,1.807,0.44173103974999994,0.30160093974999996,2.88225,0.0
2025-11-27 02:00:00+01:00,2.655,0.646429311,0.0,0.0,2.655,0.43473630199999996,0.294606202,0.71175,0.0
2025-11-27 03:00:00+01:00,2.055,0.486673782375,0.0,0.0,2.055,0.42668741224999995,0.28655731225,1.1312499999999999,0.0
2025-11-27 04:00:00+01:00,0.52,0.117794105,0.0,0.0,0.52,0.41422792125,0.27409782125,1.8289999999999997,0.0
2025-11-27 05:00:00+01:00,0.455,0.1075389315,0.0,0.0,0.455,0.426112753,0.28598265300000003,1.1172499999999999,0.0
2025-11-27 06:00:00+01:00,0.552,0.128791674,0.0,0.0,0.552,0.4224451825,0.2823150825,0.6885,0.0
2025-11-27 07:00:00+01:00,0.65,0.16717844,0.0,0.0,0.65,0.451339196,0.311209096,0.5545,0.0
2025-11-27 08:00:00+01:00,0.592,0.1590373664,0.0,0.0,0.592,0.46518958199999993,0.325059482,0.5667500000000001,0.00925
2025-11-27 09:00:00+01:00,0.616,0.1617729344,0.0,0.0,0.616,0.457898364,0.31776826399999997,0.30224999999999996,0.179
2025-11-27 10:00:00+01:00,0.853,0.21715499135,0.0,0.0,0.853,0.4481694195,0.30803931949999996,0.10300000000000001,0.504
2025-11-27 11:00:00+01:00,0.708,0.1777439664,0.0,0.0,0.708,0.44390156799999997,0.303771468,0.17400000000000002,0.6845
2025-11-27 12:00:00+01:00,2.249,0.56835502295,0.0,0.0,2.249,0.44591470549999995,0.3057846055,0.27525,1.0852499999999998
2025-11-27 13:00:00+01:00,0.316,0.0797650755,0.0,0.0,0.316,0.44555966124999996,0.30542956125000004,0.20900000000000002,0.70125
2025-11-27 14:00:00+01:00,0.373,0.095989992725,0.0,0.0,0.373,0.45151854825,0.31138844824999995,1.01325,0.52875
2025-11-27 15:00:00+01:00,0.426,0.11031746055,0.0,0.0,0.426,0.45347312175,0.31334302174999995,0.21775,0.8432499999999999
2025-11-27 16:00:00+01:00,0.602,0.1562060269,0.0,0.0,0.602,0.4540990245,0.3139689245,0.768,0.365
2025-11-27 17:00:00+01:00,0.776,0.2066111058,0.0,0.0,0.776,0.46229432424999994,0.32216422424999996,1.0490000000000002,0.023
2025-11-27 18:00:00+01:00,0.898,0.234320977,0.0,0.0,0.898,0.45586326499999996,0.315733165,0.83925,0.0
2025-11-27 19:00:00+01:00,1.096,0.2772204864,0.0,0.0,1.096,0.446185564,0.306055464,0.61775,0.0
2025-11-27 20:00:00+01:00,1.313,0.320840051675,0.0,0.0,1.313,0.43580143475,0.29567133474999996,0.777,0.0
2025-11-27 21:00:00+01:00,0.561,0.1363186242,0.0,0.0,0.561,0.43415066199999996,0.294020562,0.70275,0.0
2025-11-27 22:00:00+01:00,4.007,0.9151002278,0.0,0.0,4.007,0.41646433399999994,0.276334234,0.55175,0.0
2025-11-27 23:00:00+01:00,0.512,0.1101878272,0.0,0.0,0.512,0.400534926,0.260404826,0.667,0.0
2025-11-28 00:00:00+01:00,0.424,0.0929346308,0.0,0.0,0.424,0.40534449449999993,0.2652143945,0.87275,0.0
2025-11-28 01:00:00+01:00,0.421,0.0900891585,0.0,0.0,0.421,0.399056185,0.258926085,0.63125,0.0
2025-11-28 02:00:00+01:00,0.414,0.0871710741,0.0,0.0,0.414,0.39490546149999994,0.2547753615,1.1949999999999998,0.0
2025-11-28 03:00:00+01:00,1.316,0.2672656833,0.0,0.0,1.316,0.38586830425,0.24573820424999998,0.79075,0.0
2025-11-28 04:00:00+01:00,0.427,0.0905825844,0.0,0.0,0.427,0.396816112,0.25668601199999996,0.627,0.0
2025-11-28 05:00:00+01:00,0.416,0.0906790456,0.0,0.0,0.416,0.40388405474999994,0.26375395475,1.12925,0.0
2025-11-28 06:00:00+01:00,0.422,0.10249547605,0.0,0.0,0.422,0.43401523275,0.29388513275,0.507,0.0
2025-11-28 07:00:00+01:00,0.875,0.215622378125,0.0,0.0,0.875,0.43830504575,0.29817494575,0.5682499999999999,0.0
2025-11-28 08:00:00+01:00,0.564,0.1497904617,0.0,0.0,0.564,0.46148906924999994,0.32135896925,0.621,0.0
2025-11-28 09:00:00+01:00,0.438,0.11968935825,0.0,0.0,0.438,0.47077878374999993,0.33064868374999995,0.46625,0.2545
2025-11-28 10:00:00+01:00,4.112,1.089390104,0.004,0.001059718,4.1080000000000005,0.460694795,0.32056469499999996,0.2335,0.68025
2025-11-28 11:00:00+01:00,7.79,2.04341729625,0.004,0.0010492515,7.7860000000000005,0.45752867875,0.31739857875,0.1825,1.38675
2025-11-28 12:00:00+01:00,6.396,1.6897101507,0.017,0.004491099525,6.379,0.45979071325,0.31966061325,0.17700000000000002,1.94725
2025-11-28 13:00:00+01:00,7.779,2.055168432075,0.002,0.00052838885,7.777,0.45980535424999996,0.31967525425,0.29725,1.85325
2025-11-28 14:00:00+01:00,0.489,0.1183616676,0.029,0.0070194036,0.45999999999999996,0.433008664,0.292878564,0.2995,1.0055
2025-11-28 15:00:00+01:00,0.527,0.141870415775,0.0,0.0,0.527,0.46586672825000003,0.32573662825,0.20625000000000004,0.39274999999999993
2025-11-28 16:00:00+01:00,2.608,0.6821554564,0.0,0.0,2.608,0.45662093675000004,0.31649083675,0.20974999999999996,0.0675
2025-11-28 17:00:00+01:00,1.172,0.3076504981,0.0,0.0,1.172,0.45775561425,0.31762551424999996,0.57075,0.0005
2025-11-28 18:00:00+01:00,0.579,0.1496250063,0.0,0.0,0.579,0.452817937,0.31268783699999997,0.5722499999999999,0.0
2025-11-28 19:00:00+01:00,0.553,0.143195492825,0.0,0.0,0.553,0.45345116024999993,0.31332106025,0.76125,0.0
2025-11-28 20:00:00+01:00,3.069,0.7724430549,0.0,0.0,3.069,0.4446775409999999,0.304547441,0.88375,0.0
2025-11-28 21:00:00+01:00,9.123,2.26709971125,0.0,0.0,9.123,0.4408196375,0.3006895375,0.47375,0.0
2025-11-28 22:00:00+01:00,1.269,0.3163416498,0.0,0.0,1.269,0.44176398200000006,0.301633882,0.56425,0.0
2025-11-28 23:00:00+01:00,6.832,1.642803932,0.0,0.0,6.832,0.4310833725,0.2909532725,1.2119999999999997,0.0
2025-11-29 00:00:00+01:00,0.217,0.05315860935,0.0,0.0,0.217,0.4365444655,0.2964143655,1.74375,0.0
2025-11-29 01:00:00+01:00,0.166,0.04055413615,0.0,0.0,0.166,0.43573555025,0.29560545025,2.3747499999999997,0.0
2025-11-29 02:00:00+01:00,0.168,0.0412749876,0.0,0.0,0.168,0.4374082845,0.2972781845,2.0467500000000003,0.0
2025-11-29 03:00:00+01:00,0.172,0.0423773944,0.0,0.0,0.172,0.438250142,0.298120042,0.8165,0.0
2025-11-29 04:00:00+01:00,0.165,0.040997628375,0.0,0.0,0.165,0.44077937474999995,0.30064927475,1.46175,0.0
2025-11-29 05:00:00+01:00,5.47,1.38438383875,0.0,0.0,5.47,0.44636491624999997,0.30623481625,0.55475,0.0
2025-11-29 06:00:00+01:00,1.178,0.3005912613,0.0,0.0,1.178,0.4488868285,0.3087567285,3.49375,0.0
2025-11-29 07:00:00+01:00,1.106,0.27740456975,0.0,0.0,1.106,0.44361972875000005,0.30348962875,1.2695,0.0
2025-11-29 08:00:00+01:00,1.373,0.350212517325,0.0,0.0,1.373,0.44876604024999994,0.30863594025,0.4265,0.0
2025-11-29 09:00:00+01:00,1.388,0.369779509,0.0,0.0,1.388,0.4624883175,0.3223582175,0.41974999999999996,0.0
2025-11-29 10:00:00+01:00,1.031,0.2727680615,0.0,0.0,1.031,0.460255565,0.32012546499999994,0.17075,0.09425
2025-11-29 11:00:00+01:00,0.967,0.247993411325,0.0,0.0,0.967,0.45044243474999995,0.31031233475000003,0.05275,1.0055
2025-11-29 12:00:00+01:00,2.699,0.66564964675,0.009,0.00221965425,2.69,0.43855028249999994,0.29842018249999996,1.46175,0.77475
2025-11-29 13:00:00+01:00,0.16,0.039593136,0.029,0.0071762559,0.131,0.439553191,0.29942309100000003,2.92525,0.45875
2025-11-29 14:00:00+01:00,0.743,0.186897099125,0.003,0.000754631625,0.74,0.4444981887499999,0.30436808874999993,0.28125,0.22975
2025-11-29 15:00:00+01:00,6.591,1.743498610425,0.0,0.0,6.591,0.46020798174999994,0.32007788175,0.46775,0.26325
2025-11-29 16:00:00+01:00,0.61,0.16202586675,0.0,0.0,0.61,0.46152567175,0.32139557175,0.701,0.227
2025-11-29 17:00:00+01:00,1.447,0.394685492575,0.0,0.0,1.447,0.47017118224999993,0.33004108225,1.13,0.0
2025-11-29 18:00:00+01:00,0.577,0.153780669625,0.0,0.0,0.577,0.46261642624999993,0.32248632624999995,1.0502500000000001,0.0
2025-11-29 19:00:00+01:00,0.61,0.15603434,0.0,0.0,0.61,0.44964084000000004,0.30951074,0.9075,0.0
2025-11-29 20:00:00+01:00,0.589,0.1457165974,0.0,0.0,0.589,0.439479986,0.299349886,0.6880000000000001,0.0
2025-11-29 21:00:00+01:00,0.517,0.12630571085,0.0,0.0,0.517,0.4357392105,0.2956091105,0.66225,0.0
2025-11-29 22:00:00+01:00,0.471,0.1179941664,0.0,0.0,0.471,0.443257364,0.30312726399999995,0.7927500000000001,0.0
2025-11-29 23:00:00+01:00,0.435,0.105785823,0.0,0.0,0.435,0.43438491799999995,0.294254818,1.3345,0.0
2025-11-30 00:00:00+01:00,0.482,0.1147747799,0.0,0.0,0.482,0.4282576595,0.28812755949999996,0.494,0.0
2025-11-30 01:00:00+01:00,0.569,0.1309439131,0.0,0.0,0.569,0.4185872789999999,0.278457179,0.56975,0.0
2025-11-30 02:00:00+01:00,0.727,0.165591279975,0.0,0.0,0.727,0.41573594425,0.27560584425,0.48975,0.0
2025-11-30 03:00:00+01:00,0.741,0.166870328625,0.0,0.0,0.741,0.41261741124999995,0.27248731125,0.7195,0.0
2025-11-30 04:00:00+01:00,1.29,0.293168238,0.0,0.0,1.29,0.415117362,0.274987262,0.7152499999999999,0.0
2025-11-30 05:00:00+01:00,0.784,0.1839460392,0.0,0.0,0.784,0.42402641049999995,0.28389631049999997,0.7917500000000001,0.0
2025-11-30 06:00:00+01:00,0.96,0.226314528,0.0,0.0,0.96,0.42538070299999997,0.285250603,0.7085,0.0
2025-11-30 07:00:00+01:00,0.535,0.12731108775,0.0,0.0,0.535,0.42806732649999996,0.2879372265,0.75925,0.0
2025-11-30 08:00:00+01:00,0.655,0.159070729125,0.0,0.0,0.655,0.43398595075,0.29385585075,1.7319999999999998,0.00475
2025-11-30 09:00:00+01:00,0.413,0.101493913675,0.15,0.03686219625,0.263,0.43748514974999997,0.29735504975,1.1420000000000001,0.174
2025-11-30 10:00:00+01:00,0.009,0.002229863625,1.598,0.39592467475,-1.5890000000000002,0.43992287625,0.29979277624999995,1.0639999999999998,0.5740000000000001
2025-11-30 11:00:00+01:00,0.028,0.0068188582,1.591,0.38745726415,-1.563,0.43480218649999997,0.2946720865,0.49249999999999994,0.734
2025-11-30 12:00:00+01:00,0.04,0.009778736,2.768,0.6766885312,-2.7279999999999998,0.435936864,0.295806764,1.50725,0.47575
2025-11-30 13:00:00+01:00,0.398,0.0976475687,1.22,0.299321693,-0.822,0.4369983365,0.2968682365,0.39325,1.354
2025-11-30 14:00:00+01:00,0.553,0.13842626875,0.0,0.0,0.553,0.4430157875,0.30288568749999994,0.5159999999999999,0.8660000000000001
2025-11-30 15:00:00+01:00,1.805,0.463111422125,0.0,0.0,1.805,0.45058152425000003,0.31045142425,0.51325,0.4335
2025-11-30 16:00:00+01:00,0.488,0.12591986,0.0,0.0,0.488,0.45234942499999997,0.312219325,0.702,0.1185
2025-11-30 17:00:00+01:00,0.98,0.266775355,0.0,0.0,0.98,0.46951599749999995,0.32938589749999997,1.099,0.0
2025-11-30 18:00:00+01:00,0.585,0.161157979125,0.0,0.0,0.585,0.47346540725,0.33333530725,0.7210000000000001,0.0
2025-11-30 19:00:00+01:00,0.607,0.16604530525,0.0,0.0,0.607,0.4711265075,0.3309964075,0.79575,0.0
2025-11-30 20:00:00+01:00,1.024,0.2725237504,0.0,0.0,1.024,0.46215523475,0.32202513475,1.064,0.0
2025-11-30 21:00:00+01:00,3.237,0.84130261215,0.0,0.0,3.237,0.4546114595,0.3144813595,0.58875,0.0
2025-11-30 22:00:00+01:00,1.295,0.334336204125,0.0,0.0,1.295,0.45252145675,0.31239135675,0.6822499999999999,0.0
2025-11-30 23:00:00+01:00,1.367,0.34476608045,0.0,0.0,1.367,0.4452997835,0.3051696835,1.5170000000000001,0.0
2025-12-01 00:00:00+01:00,0.652,0.1642985069,0.0,0.0,0.652,0.44503990574999996,0.30490980575000004,1.43675,0.0
2025-12-01 01:00:00+01:00,1.058,0.2631730035,0.0,0.0,1.058,0.44111245749999994,0.30098235749999996,0.69275,0.0
2025-12-01 02:00:00+01:00,1.455,0.35287583925,0.0,0.0,1.455,0.43358698349999997,0.2934568835,0.5355,0.0
2025-12-01 03:00:00+01:00,0.674,0.1545244415,0.0,0.0,0.674,0.41754044749999997,0.2774103475,3.045,0.0
2025-12-01 04:00:00+01:00,0.722,0.161313933,0.0,0.0,0.722,0.410476165,0.27034606499999997,2.5572500000000002,0.0
2025-12-01 05:00:00+01:00,1.457,0.3209310588,0.0,0.0,1.457,0.406654864,0.26652476399999997,1.20125,0.0
2025-12-01 06:00:00+01:00,0.737,0.169095197975,0.0,0.0,0.737,0.41774908175000003,0.27761898175,1.023,0.0
2025-12-01 07:00:00+01:00,0.735,0.188215363875,0.0,0.0,0.735,0.44998124325000005,0.30985114325,0.5462500000000001,0.0
2025-12-01 08:00:00+01:00,0.622,0.1667241455,0.0,0.0,0.622,0.46446485249999997,0.3243347525,1.276,0.00075
2025-12-01 09:00:00+01:00,0.662,0.1799972042,0.0,0.0,0.662,0.469128011,0.328997911,1.155,0.03375
2025-12-01 10:00:00+01:00,0.405,0.101853217125,0.0,0.0,0.405,0.44443230425,0.30430220425,0.79025,0.18775000000000003
2025-12-01 11:00:00+01:00,0.086,0.0210107546,0.096,0.0234538656,-0.010000000000000009,0.43574653099999994,0.295616431,0.09500000000000001,0.69775
2025-12-01 12:00:00+01:00,0.37,0.089105731,0.111,0.0267317193,0.259,0.431529923,0.291399823,0.1605,1.47
2025-12-01 13:00:00+01:00,0.31,0.0780901935,0.01,0.0025190385,0.3,0.4449337585,0.30480365849999996,0.256,0.9345000000000001
2025-12-01 14:00:00+01:00,1.075,0.280363655,0.0,0.0,1.075,0.455702214,0.315572114,0.3345,0.40825
2025-12-01 15:00:00+01:00,1.601,0.4120251949,0.0,0.0,1.601,0.45152952900000004,0.311399429,0.18025,0.17425000000000002
2025-12-01 16:00:00+01:00,0.723,0.1883858922,0.0,0.0,0.723,0.455409394,0.315279294,0.3585,0.02325
2025-12-01 17:00:00+01:00,0.533,0.1429680824,0.0,0.0,0.533,0.464691788,0.32456168799999996,1.6030000000000002,0.0
2025-12-01 18:00:00+01:00,1.157,0.29911059035,0.0,0.0,1.157,0.4529423855,0.3128122855,0.8587499999999999,0.0
2025-12-01 19:00:00+01:00,0.617,0.155889415275,0.0,0.0,0.617,0.44584516074999997,0.30571506075,0.6075,0.0
2025-12-01 20:00:00+01:00,1.054,0.26454058785,0.0,0.0,1.054,0.44382470275,0.30369460275,1.182,0.0
2025-12-01 21:00:00+01:00,0.663,0.159677864775,0.0,0.0,0.663,0.43154822425,0.29141812424999997,0.52125,0.0
2025-12-01 22:00:00+01:00,0.455,0.109249765625,0.0,0.0,0.455,0.43066244375,0.29053234375000003,0.36675,0.0
2025-12-01 23:00:00+01:00,0.446,0.1040572412,0.0,0.0,0.446,0.422437862,0.28230776199999996,0.32725,0.0
2025-12-02 00:00:00+01:00,0.436,0.0982013373,0.0,0.0,0.436,0.41266133425,0.27253123425000003,0.34225,0.0
2025-12-02 01:00:00+01:00,0.446,0.0977782971,0.0,0.0,0.446,0.4054030585,0.2652729585,0.6997499999999999,0.0
2025-12-02 02:00:00+01:00,0.454,0.0967525075,0.0,0.0,0.454,0.39799471249999996,0.2578646125,1.61375,0.0
2025-12-02 03:00:00+01:00,0.709,0.1483463388,0.0,0.0,0.709,0.39330227199999995,0.25317217200000003,1.1632500000000001,0.0
2025-12-02 04:00:00+01:00,6.194,1.28038264475,0.0,0.0,6.194,0.39025328375,0.25012318375,0.6142500000000001,0.0
2025-12-02 05:00:00+01:00,0.773,0.172285447675,0.0,0.0,0.773,0.40981365975,0.26968355975,0.5085,0.0
2025-12-02 06:00:00+01:00,0.577,0.1396619268,0.0,0.0,0.577,0.433008664,0.292878564,1.6370000000000002,0.0
2025-12-02 07:00:00+01:00,0.775,0.189474731875,0.0,0.0,0.775,0.43595516525,0.29582506525,1.0255,0.0
2025-12-02 08:00:00+01:00,0.735,0.188753420625,0.0,0.0,0.735,0.45086702375000004,0.31073692375,0.71175,0.0
2025-12-02 09:00:00+01:00,0.706,0.1751574704,0.0,0.0,0.706,0.440329164,0.30019906399999996,0.33999999999999997,0.14375
2025-12-02 10:00:00+01:00,0.748,0.1900147579,0.0,0.0,0.748,0.44750691425,0.30737681425,0.19425,0.30774999999999997
2025-12-02 11:00:00+01:00,0.439,0.1107956102,0.0,0.0,0.439,0.4455120779999999,0.305381978,0.33899999999999997,0.7545
2025-12-02 12:00:00+01:00,0.22,0.055691702,0.013,0.0032908733,0.207,0.44643446099999995,0.30630436099999997,0.41900000000000004,1.2462499999999999
2025-12-02 13:00:00+01:00,0.366,0.0938597484,0.003,0.0007693422,0.363,0.45043145399999995,0.310301354,0.27125,1.16275
2025-12-02 14:00:00+01:00,1.024,0.2628654336,0.0,0.0,1.024,0.45074257525000005,0.31061247525,0.1385,0.33399999999999996
2025-12-02 15:00:00+01:00,1.404,0.3714046479,0.0,0.0,1.404,0.4602153022499999,0.32008520225,0.22549999999999998,0.14775
2025-12-02 16:00:00+01:00,1.284,0.3771616464,0.0,0.0,1.284,0.49555501599999996,0.355424916,0.96625,0.004
2025-12-02 17:00:00+01:00,1.27,0.40342600925,0.0,0.0,1.27,0.5244966127499999,0.38436651275,1.08575,0.0
2025-12-02 18:00:00+01:00,0.614,0.1794720158,0.0,0.0,0.614,0.493812737,0.35368263699999997,1.0655,0.0
2025-12-02 19:00:00+01:00,0.578,0.1615847552,0.0,0.0,0.578,0.47839576399999995,0.33826566399999997,0.46975,0.0
2025-12-02 20:00:00+01:00,0.929,0.243975303825,0.0,0.0,0.929,0.45790202425000004,0.31777192425,0.5415,0.0
2025-12-02 21:00:00+01:00,0.682,0.1738986106,0.0,0.0,0.682,0.448659893,0.308529793,0.43324999999999997,0.0
2025-12-02 22:00:00+01:00,0.802,0.2034194404,0.0,0.0,0.802,0.44703474199999993,0.30690464199999995,0.613,0.0
2025-12-02 23:00:00+01:00,1.666,0.4361615489,0.0,0.0,1.666,0.4569100964999999,0.3167799965,1.1375000000000002,0.0
2025-12-03 00:00:00+01:00,2.825,0.70128817,0.0,0.0,2.825,0.44050485599999994,0.300374756,0.7087500000000001,0.0
2025-12-03 01:00:00+01:00,0.798,0.19988230185,0.0,0.0,0.798,0.44320978074999995,0.30307968074999997,0.6024999999999999,0.0
2025-12-03 02:00:00+01:00,0.567,0.14173863165,0.0,0.0,0.567,0.44260583950000004,0.3024757395,0.435,0.0
2025-12-03 03:00:00+01:00,0.621,0.153439800525,0.0,0.0,0.621,0.43910298025000005,0.29897288025,0.4892500000000001,0.0
2025-12-03 04:00:00+01:00,0.493,0.121711507225,0.0,0.0,0.493,0.43885408324999997,0.29872398325,0.49524999999999997,0.0
2025-12-03 05:00:00+01:00,2.613,0.65727624105,0.0,0.0,2.613,0.4444945285,0.30436442849999995,0.65825,0.0
2025-12-03 06:00:00+01:00,2.041,0.50873966,0.0,0.0,2.041,0.4417347,0.3016046,0.79025,0.0
2025-12-03 07:00:00+01:00,0.631,0.175475594525,0.0,0.0,0.631,0.47662054275000004,0.33649044275,0.5862499999999999,0.0
2025-12-03 08:00:00+01:00,0.937,0.3139182376,0.0,0.0,0.937,0.545510108,0.405380008,0.54975,0.00325
2025-12-03 09:00:00+01:00,0.929,0.297229067575,0.0,0.0,0.929,0.52726376175,0.38713366175,0.6722500000000001,0.25025
2025-12-03 10:00:00+01:00,3.725,1.133810005625,0.0,0.0,3.725,0.50842811525,0.36829801525,0.40399999999999997,0.321
2025-12-03 11:00:00+01:00,0.486,0.14820141105,0.024,0.0073185882,0.46199999999999997,0.50910892175,0.36897882175,0.17425000000000002,0.96375
2025-12-03 12:00:00+01:00,0.045,0.013658646375,0.192,0.0582768912,-0.14700000000000002,0.50739592475,0.36726582474999997,1.379,1.08175
2025-12-03 13:00:00+01:00,0.271,0.082647256175,0.006,0.00182982855,0.265,0.50914552425,0.36901542425,0.6427499999999999,0.94575
2025-12-03 14:00:00+01:00,0.265,0.093674691,0.0,0.0,0.265,0.567852274,0.427722174,0.22825,1.191
2025-12-03 15:00:00+01:00,0.173,0.069615308125,0.094,0.03782565875,0.07899999999999999,0.62703485625,0.48690475625,0.3185,0.32675
2025-12-03 16:00:00+01:00,0.542,0.2493821132,0.0,0.0,0.542,0.696868766,0.556738666,0.997,0.00875
2025-12-03 17:00:00+01:00,0.552,0.2437390362,0.0,0.0,0.552,0.67441313225,0.5342830322500001,1.5902500000000002,0.0
2025-12-03 18:00:00+01:00,1.094,0.41993996825,0.0,0.0,1.094,0.60459752375,0.46446742375,0.6044999999999999,0.0
2025-12-03 19:00:00+01:00,0.62,0.2163670575,0.0,0.0,0.62,0.56239484125,0.42226474124999996,0.75275,0.0
2025-12-03 20:00:00+01:00,0.755,0.239388925875,0.0,0.0,0.755,0.52378652425,0.38365642425,1.9640000000000002,0.0
2025-12-03 21:00:00+01:00,2.398,0.67095410525,0.0,0.0,2.398,0.47868492375,0.33855482375,0.951,0.0
2025-12-03 22:00:00+01:00,3.167,0.812197656325,0.0,0.0,3.167,0.45044243474999995,0.31031233475000003,0.47175,0.0
2025-12-03 23:00:00+01:00,0.759,0.190049330625,0.0,0.0,0.759,0.44310729375,0.30297719375,0.6155,0.0
2025-12-04 00:00:00+01:00,0.722,0.1847313171,0.0,0.0,0.722,0.4497213655,0.3095912655,1.4935,0.0
2025-12-04 01:00:00+01:00,0.719,0.18349394085,0.0,0.0,0.719,0.4489307515,0.30880065149999997,2.0055,0.0
2025-12-04 02:00:00+01:00,0.746,0.18713721455,0.0,0.0,0.746,0.44366365175000005,0.30353355175,1.3315,0.0
2025-12-04 03:00:00+01:00,0.68,0.169206763,0.0,0.0,0.68,0.44121860474999997,0.30108850475,1.60075,0.0
2025-12-04 04:00:00+01:00,1.347,0.32689487655,0.0,0.0,1.347,0.4337773165,0.2936472165,1.8474999999999997,0.0
2025-12-04 05:00:00+01:00,1.461,0.3571683324,0.0,0.0,1.461,0.435936864,0.295806764,0.9045,0.0
2025-12-04 06:00:00+01:00,0.516,0.1236482544,0.0,0.0,0.516,0.430080464,0.28995036399999996,0.5985,0.0
2025-12-04 07:00:00+01:00,0.566,0.1589149144,0.0,0.0,0.566,0.47985986399999997,0.33972976399999993,0.5695,0.0
2025-12-04 08:00:00+01:00,0.556,0.1673355948,0.0,0.0,0.556,0.504295693,0.36416559299999995,0.60025,0.00925
2025-12-04 09:00:00+01:00,0.62,0.153509675,0.0,0.0,0.62,0.4397215625,0.29959146249999996,0.417,0.11800000000000001
2025-12-04 10:00:00+01:00,0.119,0.0308872949,0.159,0.0412695789,-0.04000000000000001,0.4541941909999999,0.314064091,0.30074999999999996,0.40775
2025-12-04 11:00:00+01:00,0.099,0.025640151075,1.514,0.39211301745,-1.415,0.45350972425,0.31337962425,0.29824999999999996,0.65725
2025-12-04 12:00:00+01:00,0.059,0.015070429,2.308,0.589534748,-2.2489999999999997,0.44920161000000003,0.30907151,0.5895,1.0787499999999999
2025-12-04 13:00:00+01:00,0.0,0.0,2.848,0.7332224416,-2.848,0.451646657,0.31151655699999997,0.214,0.42775
2025-12-04 14:00:00+01:00,0.073,0.0194361332,0.87,0.231636108,-0.797,0.462290664,0.322160564,1.1035000000000001,0.133
2025-12-04 15:00:00+01:00,3.209,0.8511683169,0.099,0.0262591659,3.11,0.4610754609999999,0.320945361,0.32425,0.12425
2025-12-04 16:00:00+01:00,0.287,0.0884010512,0.0,0.0,0.287,0.5128313959999999,0.372701296,0.91775,0.00025
2025-12-04 17:00:00+01:00,1.499,0.454535774,0.0,0.0,1.499,0.50703356,0.36690345999999996,1.22475,0.0
2025-12-04 18:00:00+01:00,0.366,0.107681409,0.0,0.0,0.366,0.49612601500000003,0.355995915,0.74125,0.0
2025-12-04 19:00:00+01:00,0.343,0.099209808775,0.0,0.0,0.343,0.49011222425,0.34998212424999997,0.71575,0.0
2025-12-04 20:00:00+01:00,0.403,0.113294735125,0.0,0.0,0.403,0.48029543374999994,0.34016533374999997,0.75525,0.0
2025-12-04 21:00:00+01:00,0.818,0.21599721495,0.0,0.0,0.818,0.45963698275,0.31950688274999994,0.7705,0.0
2025-12-04 22:00:00+01:00,1.354,0.34933095065,0.0,0.0,1.354,0.45230916225,0.31217906225,1.43,0.0
2025-12-04 23:00:00+01:00,0.18,0.045093312,0.0,0.0,0.18,0.443257364,0.30312726399999995,0.7344999999999999,0.0
2025-12-05 00:00:00+01:00,0.181,0.0431537304,0.0,0.0,0.181,0.42861636399999997,0.288486264,0.83025,0.0
2025-12-05 01:00:00+01:00,0.726,0.17795623065,0.0,0.0,0.726,0.43672381774999997,0.29659371775,0.546,0.0
2025-12-05 02:00:00+01:00,1.015,0.24842404125,0.0,0.0,1.015,0.43628092749999997,0.2961508275,1.1784999999999999,0.0
2025-12-05 03:00:00+01:00,0.84,0.20620215,0.0,0.0,0.84,0.4371593875,0.29702928749999996,0.86875,0.0
2025-12-05 04:00:00+01:00,0.84,0.205396653,0.0,0.0,0.84,0.43599908825,0.29586898824999996,0.53325,0.0
2025-12-05 05:00:00+01:00,2.677,0.686987467375,0.0,0.0,2.677,0.45064740875,0.31051730875,1.1245,0.0
2025-12-05 06:00:00+01:00,0.759,0.2167767756,0.0,0.0,0.759,0.48571626399999995,0.345586164,0.50275,0.0
2025-12-05 07:00:00+01:00,0.59,0.17716677825,0.0,0.0,0.59,0.50347213675,0.36334203675,0.67075,0.0
2025-12-05 08:00:00+01:00,0.894,0.32047358805,0.0,0.0,0.894,0.5738807057499999,0.43375060574999996,0.6152500000000001,0.0
2025-12-05 09:00:00+01:00,0.618,0.2232160689,0.0,0.0,0.618,0.5771712705,0.4370411705,0.25175,0.2545
2025-12-05 10:00:00+01:00,0.508,0.1737915498,0.0,0.0,0.508,0.5540824134999999,0.41395231349999995,1.20575,0.6515
2025-12-05 11:00:00+01:00,0.972,0.3241592541,0.0,0.0,0.972,0.54366168175,0.40353158175,2.0935,1.35
2025-12-05 12:00:00+01:00,1.072,0.3506082932,0.0,0.0,1.072,0.53587266975,0.39574256975,1.7635,1.7675
2025-12-05 13:00:00+01:00,1.799,0.57170124165,0.0,0.0,1.799,0.5246540035,0.3845239035,2.213,1.6142499999999997
2025-12-05 14:00:00+01:00,1.347,0.423428001975,0.0,0.0,1.347,0.52049229925,0.38036219925,0.32225,0.79475
2025-12-05 15:00:00+01:00,0.879,0.276679643625,0.0,0.0,0.879,0.52099741375,0.38086731375,0.28875,0.29574999999999996
2025-12-05 16:00:00+01:00,1.054,0.33302634585,0.0,0.0,1.054,0.52244687275,0.38231677275000003,0.84375,0.03675
2025-12-05 17:00:00+01:00,1.315,0.416944946,0.0,0.0,1.315,0.523782864,0.383652764,0.8374999999999999,0.0
2025-12-05 18:00:00+01:00,0.648,0.1818595152,0.0,0.0,0.648,0.47971345399999993,0.339583354,0.5422499999999999,0.0
2025-12-05 19:00:00+01:00,0.996,0.2567472864,0.0,0.0,0.996,0.452041964,0.31191186400000004,0.8115000000000001,0.0
2025-12-05 20:00:00+01:00,1.259,0.31877697445,0.0,0.0,1.259,0.44650034549999995,0.3063702455,1.583,0.0
2025-12-05 21:00:00+01:00,0.722,0.1817872177,0.0,0.0,0.722,0.44478734849999996,0.3046572485,2.68925,0.0
2025-12-05 22:00:00+01:00,0.772,0.1908710749,0.0,0.0,0.772,0.43929331325,0.29916321325,0.8285,0.0
2025-12-05 23:00:00+01:00,0.637,0.154961381575,0.0,0.0,0.637,0.43448374474999996,0.29435364475000003,2.8722499999999997,0.0
2025-12-06 00:00:00+01:00,0.557,0.13295069205,0.0,0.0,0.557,0.4289457865,0.2888156865,1.6155,0.0
2025-12-06 01:00:00+01:00,0.478,0.1107077158,0.0,0.0,0.478,0.420373481,0.280243381,2.37125,0.0
2025-12-06 02:00:00+01:00,0.521,0.118769244,0.0,0.0,0.521,0.41596654,0.27583644,1.0234999999999999,0.0
2025-12-06 03:00:00+01:00,0.531,0.118451537325,0.0,0.0,0.531,0.41004791574999994,0.26991781575,0.62475,0.0
2025-12-06 04:00:00+01:00,0.447,0.098023222275,0.0,0.0,0.447,0.40547260325,0.26534250325000003,1.362,0.0
2025-12-06 05:00:00+01:00,0.54,0.1170059715,0.0,0.0,0.54,0.40231014725,0.26218004725,1.8435,0.0
2025-12-06 06:00:00+01:00,0.56,0.121049852,0.0,0.0,0.56,0.4016842445,0.2615541445,2.05575,0.0
2025-12-06 07:00:00+01:00,0.548,0.1213635324,0.0,0.0,0.548,0.40810432299999994,0.267974223,0.7245000000000001,0.0
2025-12-06 08:00:00+01:00,0.511,0.119338467325,0.0,0.0,0.511,0.42271238075,0.28258228075,0.72225,0.0
2025-12-06 09:00:00+01:00,0.549,0.13164567075,0.0,0.0,0.549,0.4302781175,0.29014801749999997,0.72425,0.0
2025-12-06 10:00:00+01:00,1.38,0.3312590985,0.0,0.0,1.38,0.43058191825,0.29045181825,0.40225,0.078
2025-12-06 11:00:00+01:00,0.354,0.0854345547,0.0,0.0,0.354,0.4321521654999999,0.2920220655,0.292,0.92625
2025-12-06 12:00:00+01:00,0.231,0.055385605275,0.015,0.003596467875,0.21600000000000003,0.43024517524999994,0.29011507525,2.113,0.75725
2025-12-06 13:00:00+01:00,0.994,0.2394234381,0.0,0.0,0.994,0.43158116649999995,0.29145106649999997,1.02125,0.46575
2025-12-06 14:00:00+01:00,0.621,0.1502970282,0.0,0.0,0.621,0.43297938199999997,0.292849282,0.45125,0.21575
2025-12-06 15:00:00+01:00,0.566,0.1401086588,0.0,0.0,0.566,0.439655678,0.299525578,2.06575,0.043
2025-12-06 16:00:00+01:00,0.519,0.1314822663,0.0,0.0,0.519,0.44666871699999994,0.306538617,0.8414999999999999,0.0
2025-12-06 17:00:00+01:00,0.586,0.149221677,0.0,0.0,0.586,0.44824994500000004,0.308119845,1.3667500000000001,0.0
2025-12-06 18:00:00+01:00,1.022,0.2554980582,0.0,0.0,1.022,0.44262780099999993,0.302497701,0.77625,0.0
2025-12-06 19:00:00+01:00,1.064,0.2641859066,0.0,0.0,1.064,0.44056708024999996,0.30043698025,0.6377499999999999,0.0
2025-12-06 20:00:00+01:00,1.648,0.395226656,0.0,0.0,1.648,0.43031472,0.29018462,0.72175,0.0
2025-12-06 21:00:00+01:00,1.017,0.240314938875,0.0,0.0,1.017,0.42605052874999993,0.28592042874999996,0.6625000000000001,0.0
2025-12-06 22:00:00+01:00,0.506,0.1183712871,0.0,0.0,0.506,0.4231918734999999,0.2830617735,0.659,0.0
2025-12-06 23:00:00+01:00,0.546,0.12518681175,0.0,0.0,0.546,0.41755874875,0.27742864875,1.244,0.0
2025-12-07 00:00:00+01:00,8.379,1.8851694246,0.0,0.0,8.379,0.412364854,0.272234754,0.4585,0.0
2025-12-07 01:00:00+01:00,8.271,1.804401153225,0.0,0.0,8.271,0.40410366975,0.26397356975,0.45649999999999996,0.0
2025-12-07 02:00:00+01:00,2.1,0.4471969425,0.0,0.0,2.1,0.39780071925,0.25767061925,0.50025,0.0
2025-12-07 03:00:00+01:00,0.594,0.12488646555,0.0,0.0,0.594,0.39452845574999995,0.25439835574999997,0.7702499999999999,0.0
2025-12-07 04:00:00+01:00,0.424,0.0936195392,0.0,0.0,0.424,0.407299068,0.267168968,0.8932500000000001,0.0
2025-12-07 05:00:00+01:00,0.424,0.0944224468,0.0,0.0,0.424,0.40959038449999996,0.2694602845,0.82125,0.0
2025-12-07 06:00:00+01:00,0.414,0.0930546144,0.0,0.0,0.414,0.41210131599999994,0.271971216,0.7779999999999999,0.0
2025-12-07 07:00:00+01:00,0.436,0.1050094991,0.0,0.0,0.436,0.43155554474999996,0.29142544475,0.616,0.0
2025-12-07 08:00:00+01:00,0.602,0.14723735565,0.0,0.0,0.602,0.43607229325,0.29594219325,1.8455,0.0
2025-12-07 09:00:00+01:00,0.547,0.13740090265,0.005,0.00125594975,0.542,0.44406993949999995,0.3039398395,1.18,0.131
2025-12-07 10:00:00+01:00,0.605,0.14989089775,0.0,0.0,0.605,0.4399118954999999,0.2997817955,1.0564999999999998,0.81975
2025-12-07 11:00:00+01:00,1.013,0.25794874985,0.0,0.0,1.013,0.4482426245,0.3081125245,0.49624999999999997,0.99
2025-12-07 12:00:00+01:00,1.162,0.2940550228,0.0,0.0,1.162,0.446331974,0.306201874,0.603,0.7557499999999999
2025-12-07 13:00:00+01:00,1.328,0.337404628,0.0,0.0,1.328,0.4475544974999999,0.30742439749999995,0.49025,0.90025
2025-12-07 14:00:00+01:00,0.408,0.1058795496,0.0,0.0,0.408,0.454135627,0.31400552699999995,0.6527499999999999,0.49275
2025-12-07 15:00:00+01:00,0.402,0.10446477525,0.0,0.0,0.402,0.45456387624999994,0.31443377625,0.7909999999999999,0.4155
2025-12-07 16:00:00+01:00,0.42,0.1113351855,0.0,0.0,0.42,0.46088146775,0.32075136775,0.49649999999999994,0.1185
2025-12-07 17:00:00+01:00,0.421,0.115588949575,0.0,0.0,0.421,0.47234537075000005,0.33221527075,0.8739999999999999,0.0
2025-12-07 18:00:00+01:00,0.417,0.106331820375,0.0,0.0,0.417,0.44867087375000003,0.30854077375,0.7070000000000001,0.0
2025-12-07 19:00:00+01:00,0.419,0.102836584125,0.0,0.0,0.419,0.43710448375000005,0.29697438375,0.8594999999999999,0.0
2025-12-07 20:00:00+01:00,0.557,0.132723227175,0.0,0.0,0.557,0.4284516527499999,0.28832155275,1.24675,0.0
2025-12-07 21:00:00+01:00,0.313,0.07113117495,0.0,0.0,0.313,0.4151100414999999,0.2749799415,1.344,0.0
2025-12-07 22:00:00+01:00,0.152,0.0333451558,0.0,0.0,0.152,0.40557509025,0.26544499025,0.9582499999999999,0.0
2025-12-07 23:00:00+01:00,0.148,0.0285762433,0.0,0.0,0.148,0.37376019725,0.23363009725,1.7630000000000001,0.0
2025-12-08 00:00:00+01:00,0.156,0.0260569023,0.0,0.0,0.156,0.34223812424999994,0.20210802425000002,1.3712499999999999,0.0
2025-12-08 01:00:00+01:00,2.592,0.41105394,0.0,0.0,2.592,0.33201870625,0.19188860625,0.7915,0.0
2025-12-08 02:00:00+01:00,0.155,0.024826462375,0.0,0.0,0.155,0.33393667725000004,0.19380657725,0.7535,0.0
2025-12-08 03:00:00+01:00,7.072,1.0919740832,0.0,0.0,7.072,0.326963901,0.186833801,2.86225,0.0
2025-12-08 04:00:00+01:00,0.927,0.1490138595,0.0,0.0,0.927,0.33463578499999996,0.19450568499999998,2.5655,0.0
2025-12-08 05:00:00+01:00,2.739,0.487326783075,0.0,0.0,2.739,0.35541502425,0.21528492424999998,1.4525,0.0
2025-12-08 06:00:00+01:00,0.318,0.07004438925,0.0,0.0,0.318,0.40665120375,0.26652110375,1.05175,0.0
2025-12-08 07:00:00+01:00,0.93,0.22474210275,0.0,0.0,0.93,0.43253649175,0.29240639175,0.5975,0.0
2025-12-08 08:00:00+01:00,1.314,0.33862939605,0.0,0.0,1.314,0.45195777825,0.31182767824999996,1.16475,0.0
2025-12-08 09:00:00+01:00,1.252,0.3233104391,0.0,0.0,1.252,0.45259466175,0.31246456175,0.5175000000000001,0.0325
2025-12-08 10:00:00+01:00,0.842,0.2109568692,0.037,0.0092700762,0.8049999999999999,0.443286646,0.30315654599999997,0.82875,0.18225000000000002
2025-12-08 11:00:00+01:00,0.52,0.124954401,0.0,0.0,0.52,0.4308893792499999,0.29075927925,0.10250000000000001,0.6495
2025-12-08 12:00:00+01:00,0.478,0.11257732915,0.0,0.0,0.478,0.42510618425,0.28497608425,0.10275000000000001,1.4829999999999999
2025-12-08 13:00:00+01:00,0.447,0.107515490775,0.0,0.0,0.447,0.43116755824999997,0.29103745825,0.09650000000000002,0.937
2025-12-08 14:00:00+01:00,0.54,0.1322203905,0.0,0.0,0.54,0.43640171575,0.29627161575,0.46575,0.396
2025-12-08 15:00:00+01:00,0.547,0.140837662625,0.0,0.0,0.547,0.45167227875,0.31154217874999995,0.56725,0.136
2025-12-08 16:00:00+01:00,0.542,0.13850754445,0.0,0.0,0.542,0.44934435975000003,0.30921425975,0.482,0.02325
2025-12-08 17:00:00+01:00,0.787,0.213896506725,0.0,0.0,0.787,0.46899258175,0.32886248175,1.59775,0.0
2025-12-08 18:00:00+01:00,1.022,0.2717225126,0.0,0.0,1.022,0.4618367929999999,0.321706693,1.075,0.0
2025-12-08 19:00:00+01:00,0.617,0.1620355528,0.0,0.0,0.617,0.457898364,0.31776826399999997,0.6885000000000001,0.0
2025-12-08 20:00:00+01:00,0.47,0.11802373275,0.0,0.0,0.47,0.44397843325,0.30384833325000005,1.3639999999999999,0.0
2025-12-08 21:00:00+01:00,0.259,0.0630195951,0.0,0.0,0.259,0.434545969,0.294415869,0.62475,0.0
2025-12-08 22:00:00+01:00,0.246,0.05940475035,0.0,0.0,0.246,0.43232419725,0.29219409725,0.43675,0.0
2025-12-08 23:00:00+01:00,0.171,0.0398136222,0.0,0.0,0.171,0.421852222,0.281722122,0.39675,0.0
2025-12-09 00:00:00+01:00,0.243,0.055969345575,0.0,0.0,0.243,0.41882519525,0.27869509525,0.40925000000000006,0.0
2025-12-09 01:00:00+01:00,1.696,0.3900027472,0.0,0.0,1.696,0.4183749845,0.2782448845,0.7665,0.0
2025-12-09 02:00:00+01:00,0.812,0.1872511179,0.0,0.0,0.812,0.41916193825,0.27903183825,1.68525,0.0
2025-12-09 03:00:00+01:00,0.17,0.03913082525,0.0,0.0,0.17,0.41864950324999994,0.27851940324999996,0.554,0.0
2025-12-09 04:00:00+01:00,0.156,0.0354637569,0.0,0.0,0.156,0.41520154774999996,0.27507144775000003,2.06875,0.0
2025-12-09 05:00:00+01:00,0.145,0.033971067625,0.0,0.0,0.145,0.42361280225,0.28348270225,0.658,0.0
2025-12-09 06:00:00+01:00,0.164,0.0416014577,0.0,0.0,0.164,0.44706768425000004,0.30693758425,1.7392500000000002,0.0
2025-12-09 07:00:00+01:00,0.204,0.0539505846,0.0,0.0,0.204,0.4601311165,0.32000101649999996,1.17075,0.0
2025-12-09 08:00:00+01:00,0.308,0.0891301488,0.0,0.0,0.308,0.49028425600000003,0.350154156,0.7132499999999999,0.0
2025-12-09 09:00:00+01:00,0.212,0.0581550079,0.0,0.0,0.212,0.47205255074999997,0.33192245075,0.50425,0.099
2025-12-09 10:00:00+01:00,0.089,0.023271001325,0.095,0.024839832875,-0.006000000000000005,0.45651112925,0.31638102925,0.35375,0.23249999999999998
2025-12-09 11:00:00+01:00,0.696,0.179748525,0.04,0.010330375,0.6559999999999999,0.45262394375000004,0.31249384375,0.447,0.32775
2025-12-09 12:00:00+01:00,0.331,0.083521354125,0.014,0.00353262525,0.317,0.44544985374999996,0.30531975375,0.47400000000000003,0.587
2025-12-09 13:00:00+01:00,0.511,0.13052214945,0.044,0.0112386978,0.467,0.44919428949999995,0.3090641895,0.36175,0.56275
2025-12-09 14:00:00+01:00,0.32,0.08133136,0.011,0.0027957655,0.309,0.447664305,0.307534205,0.39,0.1805
2025-12-09 15:00:00+01:00,1.059,0.2805859683,0.0,0.0,1.059,0.460724077,0.32059397700000003,0.55775,0.11725000000000001
2025-12-09 16:00:00+01:00,1.453,0.379347314775,0.0,0.0,1.453,0.45603529675,0.31590519674999995,1.196,0.004
2025-12-09 17:00:00+01:00,1.414,0.37590635005,0.0,0.0,1.414,0.46180385074999997,0.32167375075,1.2472500000000002,0.0
2025-12-09 18:00:00+01:00,1.804,0.4608957518,0.0,0.0,1.804,0.4492674945,0.3091373945,1.0935,0.0
2025-12-09 19:00:00+01:00,0.377,0.0926207568,0.0,0.0,0.377,0.43740096399999995,0.29727086399999997,0.46424999999999994,0.0
2025-12-09 20:00:00+01:00,0.527,0.1277635612,0.0,0.0,0.527,0.43347717599999996,0.293347076,0.68275,0.0
2025-12-09 21:00:00+01:00,0.323,0.074770664375,0.0,0.0,0.323,0.42023073125,0.28010063124999995,0.5035,0.0
2025-12-09 22:00:00+01:00,0.277,0.062536856525,0.0,0.0,0.277,0.41330553825,0.27317543825,0.75525,0.0
2025-12-09 23:00:00+01:00,0.227,0.046763254175,0.0,0.0,0.227,0.38939678525,0.24926668524999998,1.5075,0.0
2025-12-10 00:00:00+01:00,0.189,0.037146688425,0.0,0.0,0.189,0.37794752325000003,0.23781742325,1.369,0.0
2025-12-10 01:00:00+01:00,0.178,0.03336936185,0.0,0.0,0.178,0.36696677324999993,0.22683667324999998,0.75725,0.0
2025-12-10 02:00:00+01:00,0.177,0.031975581,0.0,0.0,0.177,0.35872023000000003,0.21859013,0.5287499999999999,0.0
2025-12-10 03:00:00+01:00,0.179,0.0329953206,0.0,0.0,0.179,0.36317109399999997,0.223040994,0.47550000000000003,0.0
2025-12-10 04:00:00+01:00,0.167,0.0332667841,0.0,0.0,0.167,0.381164883,0.241034783,0.525,0.0
2025-12-10 05:00:00+01:00,0.168,0.0372576666,0.0,0.0,0.168,0.40847400824999996,0.26834390825,1.1075,0.0
2025-12-10 06:00:00+01:00,0.796,0.1885891359,0.0,0.0,0.796,0.42680454025,0.28667444025,1.0755,0.0
2025-12-10 07:00:00+01:00,1.024,0.2581818624,0.0,0.0,1.024,0.44520827724999995,0.30507817724999997,0.6945,0.0
2025-12-10 08:00:00+01:00,1.256,0.3275234776,0.0,0.0,1.256,0.455658291,0.31552819099999996,0.7615,0.0
2025-12-10 09:00:00+01:00,0.974,0.25345975875,0.0,0.0,0.974,0.45500310624999996,0.31487300625000003,0.9027500000000002,0.0
2025-12-10 10:00:00+01:00,0.902,0.2267097624,0.012,0.0030160944,0.89,0.444252952,0.304122852,1.331,0.16725
2025-12-10 11:00:00+01:00,0.649,0.159027114675,0.0,0.0,0.649,0.43662133075,0.29649123075,0.28875,0.5535
2025-12-10 12:00:00+01:00,0.854,0.2080888425,0.0,0.0,0.854,0.43496323750000004,0.2948331375,0.141,1.009
2025-12-10 13:00:00+01:00,0.988,0.2408174912,0.036,0.0087747264,0.952,0.43505840399999995,0.294928304,0.49474999999999997,0.75475
2025-12-10 14:00:00+01:00,0.601,0.1512887684,0.134,0.0337316056,0.46699999999999997,0.44472146400000007,0.30459136400000003,0.293,0.5235000000000001
2025-12-10 15:00:00+01:00,0.756,0.1929594744,0.0,0.0,0.756,0.44896735400000004,0.308837254,0.32325,0.16425
2025-12-10 16:00:00+01:00,0.647,0.16991019045,0.0,0.0,0.647,0.4578910435,0.3177609435,0.79775,0.00875
2025-12-10 17:00:00+01:00,0.817,0.223219106,0.0,0.0,0.817,0.47072388000000004,0.33059378,1.335,0.0
2025-12-10 18:00:00+01:00,0.599,0.16342202525,0.0,0.0,0.599,0.47024804750000004,0.3301179475,0.792,0.0
2025-12-10 19:00:00+01:00,0.6,0.1579776,0.0,0.0,0.6,0.45871825999999993,0.31858815999999995,0.7817500000000001,0.0
2025-12-10 20:00:00+01:00,0.875,0.2211199375,0.0,0.0,0.875,0.44590738499999993,0.305777285,2.0695,0.0
2025-12-10 21:00:00+01:00,0.877,0.2189618178,0.0,0.0,0.877,0.4422324939999999,0.302102394,1.1047500000000001,0.0
2025-12-10 22:00:00+01:00,0.727,0.1787401473,0.0,0.0,0.727,0.43762057899999995,0.297490479,1.1780000000000002,0.0
2025-12-10 23:00:00+01:00,0.569,0.135985381125,0.0,0.0,0.569,0.42930815125,0.28917805125,0.5892499999999999,0.0
2025-12-11 00:00:00+01:00,1.003,0.235162051025,0.0,0.0,1.003,0.42382509675,0.28369499675,1.41375,0.0
2025-12-11 01:00:00+01:00,1.31,0.30621358075,0.0,0.0,1.31,0.42296859824999994,0.28283849824999996,1.9454999999999998,0.0
2025-12-11 02:00:00+01:00,1.225,0.284477125625,0.0,0.0,1.225,0.42112383224999994,0.28099373225,1.352,0.0
2025-12-11 03:00:00+01:00,0.559,0.131008288125,0.0,0.0,0.559,0.42370796875,0.28357786874999996,1.46375,0.0
2025-12-11 04:00:00+01:00,0.56,0.131842326,0.0,0.0,0.56,0.42500369725,0.28487359725,1.99975,0.0
2025-12-11 05:00:00+01:00,0.649,0.156255040975,0.0,0.0,0.649,0.43145305775,0.29132295775,1.08125,0.0
2025-12-11 06:00:00+01:00,1.285,0.320454585,0.0,0.0,1.285,0.44188110999999997,0.30175101,0.5377500000000001,0.0
2025-12-11 07:00:00+01:00,0.666,0.1760280291,0.0,0.0,0.666,0.45994078349999995,0.3198106835,0.568,0.0
2025-12-11 08:00:00+01:00,0.505,0.14050789225,0.0,0.0,0.505,0.47679257449999995,0.3366624745,0.6745000000000001,0.0
2025-12-11 09:00:00+01:00,0.407,0.111208344225,0.0,0.0,0.407,0.47074950175,0.33061940175,0.56825,0.0035
2025-12-11 10:00:00+01:00,0.606,0.15589657545,0.001,0.000257255075,0.605,0.4514087407499999,0.31127864075,0.31425,0.25525
2025-12-11 11:00:00+01:00,0.246,0.0626455236,0.023,0.0058571018,0.223,0.44826458599999996,0.308134486,0.31575,0.59325
2025-12-11 12:00:00+01:00,0.091,0.0229590361,0.057,0.0143809347,0.033999999999999996,0.445409591,0.305279491,0.6035,0.8645
2025-12-11 13:00:00+01:00,0.025,0.00632693875,0.526,0.1331187913,-0.501,0.4463539354999999,0.3062238355,0.181,0.8017500000000001
2025-12-11 14:00:00+01:00,0.009,0.00235087875,0.605,0.15803129375,-0.596,0.4561926874999999,0.3160625875,0.9842500000000001,0.2375
2025-12-11 15:00:00+01:00,0.035,0.009657176375,0.07,0.01931435275,-0.035,0.47399248325,0.33386238325,0.9845,0.06075
2025-12-11 16:00:00+01:00,1.037,0.29083686445,0.0,0.0,1.037,0.4794865185,0.3393564185,0.8374999999999999,0.0
2025-12-11 17:00:00+01:00,8.201,2.32495848695,0.0,0.0,8.201,0.4831614095,0.34303130950000005,1.334,0.0
2025-12-11 18:00:00+01:00,0.988,0.2783137214,0.0,0.0,0.988,0.4809799005,0.34084980049999997,0.62,0.0
2025-12-11 19:00:00+01:00,0.592,0.1633227508,0.0,0.0,0.592,0.47394856025000004,0.33381846025,0.6905,0.0
2025-12-11 20:00:00+01:00,0.65,0.17504540625,0.0,0.0,0.65,0.46598385625000005,0.32585375625,0.7695000000000001,0.0
2025-12-11 21:00:00+01:00,0.576,0.1480900608,0.0,0.0,0.576,0.451222068,0.311091968,0.64475,0.0
2025-12-11 22:00:00+01:00,0.607,0.156767112975,0.0,0.0,0.607,0.45263126425,0.31250116424999996,1.56825,0.0
2025-12-11 23:00:00+01:00,0.464,0.1177816904,0.0,0.0,0.464,0.44727631849999994,0.30714621849999996,0.39875,0.0
2025-12-12 00:00:00+01:00,0.442,0.1090845613,0.0,0.0,0.442,0.43875525649999997,0.2986251565,0.32149999999999995,0.0
2025-12-12 01:00:00+01:00,0.415,0.103521988625,0.0,0.0,0.415,0.44196529574999993,0.30183519575,0.685,0.0
2025-12-12 02:00:00+01:00,0.427,0.10681893915,0.0,0.0,0.427,0.44282545449999994,0.3026953545,1.3339999999999999,0.0
2025-12-12 03:00:00+01:00,0.453,0.11359720185,0.0,0.0,0.453,0.4435575044999999,0.30342740449999994,0.7925,0.0
2025-12-12 04:00:00+01:00,0.449,0.1113038223,0.0,0.0,0.449,0.44008026699999997,0.299950167,0.53675,0.0
2025-12-12 05:00:00+01:00,0.462,0.11486882715,0.0,0.0,0.462,0.44097702824999996,0.30084692825,1.6179999999999999,0.0
2025-12-12 06:00:00+01:00,0.528,0.133869318,0.0,0.0,0.528,0.44691395375,0.30678385374999995,0.583,0.0
2025-12-12 07:00:00+01:00,0.521,0.150070676525,0.0,0.0,0.521,0.48866276525,0.34853266525000004,0.69975,0.0
2025-12-12 08:00:00+01:00,0.783,0.2364974766,0.0,0.0,0.783,0.5055987419999999,0.36546864199999995,0.7212500000000001,0.0
2025-12-12 09:00:00+01:00,0.681,0.20290834245,0.0,0.0,0.681,0.5006574045,0.3605273045,0.324,0.1515
2025-12-12 10:00:00+01:00,1.436,0.4168493318,0.0,0.0,1.436,0.4913750105,0.35124491049999995,1.233,0.442
2025-12-12 11:00:00+01:00,0.605,0.172337380875,0.0,0.0,0.605,0.48480486175,0.34467476175,2.3352500000000003,0.68475
2025-12-12 12:00:00+01:00,0.441,0.123278584275,0.0,0.0,0.441,0.4783774627499999,0.33824736274999995,2.0315,0.875
2025-12-12 13:00:00+01:00,0.865,0.245143746375,0.0,0.0,0.865,0.48304794174999993,0.34291784175,2.66275,0.7882499999999999
2025-12-12 14:00:00+01:00,1.511,0.440755262475,0.0,0.0,1.511,0.49308434724999994,0.35295424725,0.6562499999999999,0.27025
2025-12-12 15:00:00+01:00,1.566,0.4679262027,0.0,0.0,1.566,0.5016822745,0.36155217450000005,0.5010000000000001,0.17625
2025-12-12 16:00:00+01:00,0.771,0.2420714868,0.0,0.0,0.771,0.5200347679999999,0.379904668,1.06175,0.02975
2025-12-12 17:00:00+01:00,0.68,0.219189806,0.0,0.0,0.68,0.5301590194999999,0.39002891949999996,1.038,0.0
2025-12-12 18:00:00+01:00,4.063,1.233518978725,0.0,0.0,4.063,0.50748377075,0.36735367075,0.49049999999999994,0.0
2025-12-12 19:00:00+01:00,0.601,0.168154586325,0.0,0.0,0.601,0.47867760324999997,0.33854750325,0.9782500000000001,0.0
2025-12-12 20:00:00+01:00,3.408,0.921797118,0.0,0.0,3.408,0.4674113537499999,0.32728125375,1.7665,0.0
2025-12-12 21:00:00+01:00,0.595,0.155537998,0.0,0.0,0.595,0.4564342639999999,0.316304164,2.8049999999999997,0.0
2025-12-12 22:00:00+01:00,0.499,0.127742340825,0.0,0.0,0.499,0.44988607675,0.30975597675,0.9569999999999999,0.0
2025-12-12 23:00:00+01:00,0.456,0.1169469114,0.0,0.0,0.456,0.45044975525,0.31031965525,2.98725,0.0
2025-12-13 00:00:00+01:00,0.453,0.114012410325,0.0,0.0,0.453,0.44466656025,0.30453646025,1.7097499999999999,0.0
2025-12-13 01:00:00+01:00,0.446,0.11374818565,0.0,0.0,0.446,0.44872943774999996,0.30859933775,0.45225000000000004,0.0
2025-12-13 02:00:00+01:00,0.44,0.110281336,0.0,0.0,0.44,0.44340377400000003,0.303273674,0.48925,0.0
2025-12-13 03:00:00+01:00,0.852,0.2106916977,0.0,0.0,0.852,0.43935187725,0.29922177725,0.46825000000000006,0.0
2025-12-13 04:00:00+01:00,0.61,0.14897625875,0.0,0.0,0.61,0.43564038374999997,0.29551028375,1.27475,0.0
2025-12-13 05:00:00+01:00,0.436,0.1073571411,0.0,0.0,0.436,0.43807078975,0.29794068975,1.8305,0.0
2025-12-13 06:00:00+01:00,0.44,0.106047425,0.0,0.0,0.44,0.43176051875,0.29163041875,2.065,0.0
2025-12-13 07:00:00+01:00,2.37,0.5775977955,0.0,0.0,2.37,0.43502180149999997,0.2948917015,0.7290000000000001,0.0
2025-12-13 08:00:00+01:00,0.437,0.1142301831,0.0,0.0,0.437,0.456419623,0.316289523,0.71475,0.0
2025-12-13 09:00:00+01:00,0.488,0.1329081908,0.0,0.0,0.488,0.4696770484999999,0.3295469485,0.7082499999999999,0.0
2025-12-13 10:00:00+01:00,0.178,0.04746490595,0.753,0.200792551575,-0.575,0.46278479775000003,0.32265469775,0.7149999999999999,0.009
2025-12-13 11:00:00+01:00,0.092,0.0240161768,1.277,0.3333549758,-1.1849999999999998,0.4559950339999999,0.315864934,0.38025,0.195
2025-12-13 12:00:00+01:00,0.004,0.0010275199,2.055,0.527888348625,-2.051,0.45095486975,0.31082476974999995,2.168,0.37775000000000003
2025-12-13 13:00:00+01:00,0.0,0.0,3.027,0.77185276245,-3.027,0.44866721349999994,0.3085371135,1.2385,0.292
2025-12-13 14:00:00+01:00,0.078,0.0201090747,1.05,0.2706990825,-0.9720000000000001,0.4520785664999999,0.31194846649999997,0.5605,0.03725
2025-12-13 15:00:00+01:00,0.136,0.0378545596,0.088,0.0244941268,0.048000000000000015,0.4769243435,0.33679424350000003,2.189,0.0
2025-12-13 16:00:00+01:00,0.771,0.220073469,0.0,0.0,0.771,0.48551128999999993,0.34538119,0.9335,0.0
2025-12-13 17:00:00+01:00,0.35,0.100187395,0.0,0.0,0.35,0.486492237,0.34636213699999996,1.265,0.0
2025-12-13 18:00:00+01:00,1.364,0.3806822382,0.0,0.0,1.364,0.47783208549999995,0.33770198549999997,0.94625,0.0
2025-12-13 19:00:00+01:00,0.342,0.09244635345,0.0,0.0,0.342,0.46720637974999996,0.32707627975,0.82975,0.0
2025-12-13 20:00:00+01:00,0.724,0.1854992799,0.0,0.0,0.724,0.45014961475000004,0.31001951475,1.02775,0.0
2025-12-13 21:00:00+01:00,0.718,0.1822613562,0.0,0.0,0.718,0.447283639,0.30715353900000003,0.7759999999999999,0.0
2025-12-13 22:00:00+01:00,3.69,0.9347937885,0.0,0.0,3.69,0.4466613965,0.3065312965,0.623,0.0
2025-12-13 23:00:00+01:00,0.87,0.212687508,0.0,0.0,0.87,0.435936864,0.295806764,0.56675,0.0
2025-12-14 00:00:00+01:00,5.236,1.3396858398,0.0,0.0,5.236,0.4497213655,0.3095912655,2.4949999999999997,0.0
2025-12-14 01:00:00+01:00,0.773,0.19652686295,0.0,0.0,0.773,0.44775947150000006,0.3076293715,2.4872500000000004,0.0
2025-12-14 02:00:00+01:00,1.129,0.275714529475,0.0,0.0,1.129,0.43562574275000004,0.29549564275,0.986,0.0
2025-12-14 03:00:00+01:00,1.183,0.285852992425,0.0,0.0,1.183,0.43250720975,0.29237710975,0.769,0.0
2025-12-14 04:00:00+01:00,1.197,0.2837936178,0.0,0.0,1.197,0.427005854,0.286875754,0.82925,0.0
2025-12-14 05:00:00+01:00,0.668,0.1591180008,0.0,0.0,0.668,0.428352826,0.288222726,0.617,0.0
2025-12-14 06:00:00+01:00,0.628,0.1485014487,0.0,0.0,0.628,0.42625550275,0.28612540275,0.7735,0.0
2025-12-14 07:00:00+01:00,0.509,0.1208622536,0.0,0.0,0.509,0.42744508400000003,0.287314984,0.68175,0.0
2025-12-14 08:00:00+01:00,0.564,0.1373222829,0.0,0.0,0.564,0.43473996225,0.29460986224999997,1.7187499999999998,0.0
2025-12-14 09:00:00+01:00,0.577,0.1419030525,0.0,0.0,0.577,0.43770842499999996,0.297578325,1.25675,0.03875
2025-12-14 10:00:00+01:00,0.46,0.111233727,0.0,0.0,0.46,0.43272316450000003,0.2925930645,1.194,0.3995
2025-12-14 11:00:00+01:00,0.325,0.080031290625,0.0,0.0,0.325,0.4380927512499999,0.29796265125,0.7325,0.39775
2025-12-14 12:00:00+01:00,0.313,0.07796725145,0.0,0.0,0.313,0.4415370465,0.3014069465,0.5952500000000001,0.692
2025-12-14 13:00:00+01:00,0.312,0.0774897552,0.0,0.0,0.312,0.440651266,0.300521166,0.81475,0.305
2025-12-14 14:00:00+01:00,0.06,0.015010776,0.205,0.051286818,-0.145,0.442847416,0.302717316,0.75325,0.0
2025-12-14 15:00:00+01:00,0.59,0.15016351075,0.006,0.00152708655,0.584,0.44809255424999994,0.30796245424999996,0.8885,0.0375
2025-12-14 16:00:00+01:00,0.557,0.144322250875,0.0,0.0,0.557,0.45364881374999994,0.31351871375,0.567,0.04475
2025-12-14 17:00:00+01:00,1.355,0.36349643275,0.0,0.0,1.355,0.46472839050000003,0.3245982905,0.90625,0.0
2025-12-14 18:00:00+01:00,1.434,0.38690585505,0.0,0.0,1.434,0.46659877824999996,0.32646867825,0.67075,0.0
2025-12-14 19:00:00+01:00,1.112,0.2866865826,0.0,0.0,1.112,0.45208222675,0.31195212675,0.75875,0.0
2025-12-14 20:00:00+01:00,0.771,0.196277267175,0.0,0.0,0.771,0.44816575924999996,0.30803565925,0.95475,0.0
2025-12-14 21:00:00+01:00,0.591,0.146173847325,0.0,0.0,0.591,0.43940312075,0.29927302075,1.3382500000000002,0.0
2025-12-14 22:00:00+01:00,0.436,0.1069838924,0.0,0.0,0.436,0.437034939,0.296904839,0.9199999999999999,0.0
2025-12-14 23:00:00+01:00,0.436,0.1036378431,0.0,0.0,0.436,0.42774888475,0.28761878474999997,1.714,0.0
2025-12-15 00:00:00+01:00,0.432,0.100368774,0.0,0.0,0.432,0.42125560125,0.28112550125,1.1127500000000001,0.0
2025-12-15 01:00:00+01:00,0.431,0.0998483046,0.0,0.0,0.431,0.420446686,0.280316586,1.286,0.0
2025-12-15 02:00:00+01:00,0.489,0.1123796817,0.0,0.0,0.489,0.418206613,0.27807651299999997,0.72575,0.0
2025-12-15 03:00:00+01:00,0.838,0.18965228425,0.0,0.0,0.838,0.41397170375,0.27384160375,4.441750000000001,0.0
2025-12-15 04:00:00+01:00,0.609,0.139351425675,0.0,0.0,0.609,0.41700239074999995,0.27687229075,2.6355,0.0
2025-12-15 05:00:00+01:00,0.437,0.1026025308,0.0,0.0,0.437,0.42422406399999996,0.284093964,2.01025,0.0
2025-12-15 06:00:00+01:00,0.491,0.12272827325,0.0,0.0,0.491,0.44257655749999997,0.3024464575,0.52425,0.0
2025-12-15 07:00:00+01:00,0.522,0.1319738409,0.0,0.0,0.522,0.4460464745,0.3059163745,0.71225,0.0
2025-12-15 08:00:00+01:00,0.524,0.1411087722,0.0,0.0,0.524,0.4659728755,0.32584277549999996,1.39075,0.0
2025-12-15 09:00:00+01:00,1.197,0.316233484875,0.0,0.0,1.197,0.45979803375,0.31966793374999997,0.7632500000000001,0.03225
2025-12-15 10:00:00+01:00,0.874,0.22150968455,0.0,0.0,0.874,0.44679682575,0.30666672575,1.0234999999999999,0.17650000000000002
2025-12-15 11:00:00+01:00,0.641,0.155662987975,0.0,0.0,0.641,0.4339713097499999,0.29384120975,0.2295,0.5255
2025-12-15 12:00:00+01:00,1.102,0.26564059885,0.0,0.0,1.102,0.43180444174999993,0.29167434175,0.2165,1.2229999999999999
2025-12-15 13:00:00+01:00,0.949,0.238095060775,0.0,0.0,0.949,0.44370757475,0.30357747475,0.203,0.49050000000000005
2025-12-15 14:00:00+01:00,0.806,0.20852765505,0.167,0.043206102225,0.639,0.45318030175000007,0.31305020175000003,0.47775,0.2965
2025-12-15 15:00:00+01:00,0.96,0.259150056,0.011,0.002969427725,0.949,0.46676714974999994,0.32663704975,0.6797500000000001,0.10975
2025-12-15 16:00:00+01:00,0.649,0.180302584,0.0,0.0,0.649,0.47628746000000005,0.33615736,0.5665,0.02325
2025-12-15 17:00:00+01:00,0.817,0.222326921575,0.0,0.0,0.817,0.46940252974999996,0.32927242975000004,1.5082499999999999,0.0
2025-12-15 18:00:00+01:00,0.582,0.15459213495,0.0,0.0,0.582,0.46153299224999994,0.32140289224999996,0.98675,0.0
2025-12-15 19:00:00+01:00,0.748,0.1917615623,0.0,0.0,0.748,0.45033262724999995,0.31020252724999997,0.70725,0.0
2025-12-15 20:00:00+01:00,1.266,0.3142381011,0.0,0.0,1.266,0.44046825349999996,0.3003381535,0.7787499999999999,0.0
2025-12-15 21:00:00+01:00,8.136,2.0215065618,0.0,0.0,8.136,0.44077205424999993,0.30064195424999995,0.59,0.0
2025-12-15 22:00:00+01:00,0.516,0.1286821569,0.0,0.0,0.516,0.44188477024999995,0.30175467025,0.42250000000000004,0.0
2025-12-15 23:00:00+01:00,0.633,0.154807856775,0.0,0.0,0.633,0.43605033174999996,0.29592023175,0.38249999999999995,0.0
2025-12-16 00:00:00+01:00,0.693,0.16731608355,0.0,0.0,0.693,0.43226929349999993,0.2921391935,0.41425000000000006,0.0
2025-12-16 01:00:00+01:00,0.684,0.1653873012,0.0,0.0,0.684,0.432701203,0.292571103,1.14475,0.0
2025-12-16 02:00:00+01:00,0.524,0.1257840254,0.0,0.0,0.524,0.43058557849999995,0.2904554785,1.843,0.0
2025-12-16 03:00:00+01:00,0.442,0.10654015515,0.0,0.0,0.442,0.43178980075,0.29165970075,0.5002500000000001,0.0
2025-12-16 04:00:00+01:00,0.429,0.104252737875,0.0,0.0,0.429,0.43417628375,0.29404618375,2.0075,0.0
2025-12-16 05:00:00+01:00,0.467,0.114394183475,0.0,0.0,0.467,0.43652616424999996,0.29639606425,0.60775,0.0
2025-12-16 06:00:00+01:00,0.437,0.110522183475,0.0,0.0,0.437,0.44615262175,0.30602252175,1.612,0.0
2025-12-16 07:00:00+01:00,0.485,0.12427429025,0.0,0.0,0.485,0.4501752365,0.3100451365,1.00975,0.0
2025-12-16 08:00:00+01:00,0.704,0.188991352,0.0,0.0,0.704,0.46495898625,0.32482888624999995,0.6307499999999999,0.0
2025-12-16 09:00:00+01:00,0.625,0.165775671875,0.0,0.0,0.625,0.46107180075,0.32094170075,0.5415,0.0
2025-12-16 10:00:00+01:00,0.373,0.09675838205,0.0,0.0,0.373,0.4540111785,0.31388107849999997,0.3405,0.10300000000000001
2025-12-16 11:00:00+01:00,0.151,0.03885236795,0.021,0.00540330945,0.13,0.4514636445,0.3113335445,0.51425,0.25825
2025-12-16 12:00:00+01:00,0.011,0.00283775855,0.52,0.134148586,-0.509,0.4522835405,0.3121534405,0.28725,0.57925
2025-12-16 13:00:00+01:00,0.057,0.0151885734,0.345,0.091930839,-0.288,0.4625542019999999,0.322424102,0.28825,0.56825
2025-12-16 14:00:00+01:00,0.087,0.0254974467,0.03,0.008792223,0.056999999999999995,0.49474976099999995,0.354619661,0.45575,0.168
2025-12-16 15:00:00+01:00,0.227,0.0710131818,0.007,0.0021898338,0.22,0.518658514,0.378528414,0.748,0.117
2025-12-16 16:00:00+01:00,1.027,0.341215435275,0.0,0.0,1.027,0.54214633825,0.40201623825,1.1245,0.004
2025-12-16 17:00:00+01:00,0.966,0.3297529389,0.0,0.0,0.966,0.5531746715,0.4130445715,1.32575,0.0
2025-12-16 18:00:00+01:00,1.22,0.386779162,0.0,0.0,1.22,0.523738941,0.383608841,0.92225,0.0
2025-12-16 19:00:00+01:00,0.795,0.24929415225,0.0,0.0,0.795,0.5195589354999999,0.37942883549999995,0.4625,0.0
2025-12-16 20:00:00+01:00,0.535,0.160696545625,0.0,0.0,0.535,0.50357462375,0.36344452374999997,0.7142499999999999,0.0
2025-12-16 21:00:00+01:00,0.55,0.15885651375,0.0,0.0,0.55,0.48961443024999995,0.34948433025,0.49524999999999997,0.0
2025-12-16 22:00:00+01:00,3.078,0.8726594778,0.0,0.0,3.078,0.483183371,0.343053271,0.75525,0.0
2025-12-16 23:00:00+01:00,0.45,0.121461615,0.0,0.0,0.45,0.46672688700000003,0.326596787,1.51275,0.0
2025-12-17 00:00:00+01:00,0.449,0.1137594931,0.0,0.0,0.449,0.44669799899999996,0.306567899,1.368,0.0
2025-12-17 01:00:00+01:00,0.501,0.12719801325,0.0,0.0,0.501,0.4473348825,0.3072047825,0.7557499999999999,0.0
2025-12-17 02:00:00+01:00,0.937,0.2347357408,0.0,0.0,0.937,0.443257364,0.30312726399999995,0.52625,0.0
2025-12-17 03:00:00+01:00,0.648,0.1603718028,0.0,0.0,0.648,0.43958979349999994,0.2994596935,0.4735,0.0
2025-12-17 04:00:00+01:00,0.484,0.1204895736,0.0,0.0,0.484,0.441354034,0.301223934,0.40950000000000003,0.0
2025-12-17 05:00:00+01:00,0.45,0.1141517025,0.0,0.0,0.45,0.4470713444999999,0.3069412445,0.9287500000000001,0.0
2025-12-17 06:00:00+01:00,0.444,0.1145610576,0.0,0.0,0.444,0.452334784,0.31220468399999995,1.1185,0.0
2025-12-17 07:00:00+01:00,0.457,0.126316319525,0.0,0.0,0.457,0.47457812324999993,0.33444802324999995,0.83525,0.0
2025-12-17 08:00:00+01:00,0.594,0.18222394905,0.0,0.0,0.594,0.51132703325,0.37119693325,0.9512499999999999,0.0
2025-12-17 09:00:00+01:00,0.552,0.1642983012,0.0,0.0,0.552,0.5002767385,0.36014663849999995,1.067,0.0
2025-12-17 10:00:00+01:00,0.509,0.1493779606,0.0,0.0,0.509,0.49523291399999997,0.355102814,1.4765,0.003
2025-12-17 11:00:00+01:00,0.484,0.1382476425,0.0,0.0,0.484,0.48574920625,0.34561910625,0.44925000000000004,0.0205
2025-12-17 12:00:00+01:00,0.078,0.02173123095,0.375,0.104477071875,-0.297,0.47724278524999997,0.33711268525,0.35425,0.157
2025-12-17 13:00:00+01:00,0.33,0.09541972275,0.557,0.161056925975,-0.22700000000000004,0.49000241675,0.34987231675,0.74,0.30225
2025-12-17 14:00:00+01:00,1.232,0.3652189464,0.0,0.0,1.232,0.49882727949999994,0.3586971795,0.40175,0.30300000000000005
2025-12-17 15:00:00+01:00,0.427,0.125714852725,0.0,0.0,0.427,0.49637125174999996,0.35624115175,0.49175,0.0795
2025-12-17 16:00:00+01:00,0.319,0.0947489653,0.0,0.0,0.319,0.49952272700000006,0.359392627,0.79125,0.0
2025-12-17 17:00:00+01:00,1.043,0.30098784485,0.0,0.0,1.043,0.4893106294999999,0.3491805295,1.157,0.0
2025-12-17 18:00:00+01:00,0.517,0.140191800925,0.0,0.0,0.517,0.46823857025,0.32810847024999995,0.84925,0.0
2025-12-17 19:00:00+01:00,0.338,0.08638168825,0.0,0.0,0.338,0.44936632125,0.30923622125,0.8380000000000001,0.0
2025-12-17 20:00:00+01:00,0.303,0.0758704122,0.0,0.0,0.303,0.44311095399999995,0.30298085399999997,2.178,0.0
2025-12-17 21:00:00+01:00,0.354,0.0903347643,0.0,0.0,0.354,0.4489014695,0.3087713695,1.2287500000000002,0.0
2025-12-17 22:00:00+01:00,0.28,0.068702711,0.0,0.0,0.28,0.43702395825,0.29689385825000003,1.31225,0.0
2025-12-17 23:00:00+01:00,0.326,0.07835652055,0.0,0.0,0.326,0.43096258424999995,0.29083248425,0.68775,0.0
2025-12-18 00:00:00+01:00,0.864,0.202540932,0.0,0.0,0.864,0.42378117374999996,0.28365107375,1.59175,0.0
2025-12-18 01:00:00+01:00,0.782,0.17684615245,0.0,0.0,0.782,0.41376672974999995,0.27363662974999997,2.03525,0.0
2025-12-18 02:00:00+01:00,0.673,0.14382289295,0.0,0.0,0.673,0.3987121215,0.2585820215,1.448,0.0
2025-12-18 03:00:00+01:00,0.99,0.19714738725,0.0,0.0,0.99,0.38108801774999995,0.24095791774999997,1.0650000000000002,0.0
2025-12-18 04:00:00+01:00,1.137,0.21858921645,0.0,0.0,1.137,0.3727536285,0.23262352849999998,0.763,0.0
2025-12-18 05:00:00+01:00,0.863,0.1738747373,0.0,0.0,0.863,0.383917391,0.243787291,0.8165000000000001,0.0
2025-12-18 06:00:00+01:00,0.44,0.095849303,0.0,0.0,0.44,0.40371568324999996,0.26358558325,0.7549999999999999,0.0
2025-12-18 07:00:00+01:00,0.44,0.107220036,0.0,0.0,0.44,0.43498519899999993,0.294855099,0.62675,0.0
2025-12-18 08:00:00+01:00,0.529,0.134682937125,0.0,0.0,0.529,0.44819504125,0.30806494124999995,0.56925,0.0
2025-12-18 09:00:00+01:00,1.463,0.37821849065,0.0,0.0,1.463,0.4529423855,0.3128122855,0.6177499999999999,0.0
2025-12-18 10:00:00+01:00,0.696,0.1819402464,0.0,0.0,0.696,0.4564342639999999,0.316304164,0.46049999999999996,0.1525
2025-12-18 11:00:00+01:00,0.337,0.08847997345,0.0,0.0,0.337,0.45781783849999996,0.3176877385,0.37224999999999997,0.44125
2025-12-18 12:00:00+01:00,0.443,0.1116657696,0.0,0.0,0.443,0.445131412,0.30500131199999997,0.624,0.69275
2025-12-18 13:00:00+01:00,0.212,0.0537819832,0.0,0.0,0.212,0.447093306,0.306963206,0.10575000000000001,0.9075
2025-12-18 14:00:00+01:00,0.254,0.0661472515,0.075,0.01953166875,0.179,0.45524102250000004,0.3151109225,0.91225,0.36875
2025-12-18 15:00:00+01:00,0.459,0.12245516415,0.0,0.0,0.459,0.46294218849999996,0.32281208850000004,0.9547500000000001,0.06125
2025-12-18 16:00:00+01:00,0.529,0.138622691075,0.0,0.0,0.529,0.45720657675,0.31707647675,0.60025,0.0
2025-12-18 17:00:00+01:00,1.149,0.29662532295,0.0,0.0,1.149,0.4525031555,0.3123730555,2.9055,0.0
2025-12-18 18:00:00+01:00,0.729,0.180027953325,0.0,0.0,0.729,0.43894192925,0.29881182925,0.7715000000000001,0.0
2025-12-18 19:00:00+01:00,0.793,0.1953027362,0.0,0.0,0.793,0.438133014,0.298002914,0.74875,0.0
2025-12-18 20:00:00+01:00,0.801,0.1883756556,0.0,0.0,0.801,0.424692576,0.284562476,0.8627499999999999,0.0
2025-12-18 21:00:00+01:00,0.539,0.11435173365,0.0,0.0,0.539,0.3968380735,0.25670797349999996,0.72925,0.0
2025-12-18 22:00:00+01:00,0.417,0.0863369727,0.0,0.0,0.417,0.390652251,0.250522151,1.6495,0.0
2025-12-18 23:00:00+01:00,0.196,0.0331733479,0.0,0.0,0.196,0.3449247477499999,0.20479464774999998,0.47600000000000003,0.0
2025-12-19 00:00:00+01:00,0.163,0.02556593875,0.0,0.0,0.163,0.3299140625,0.1897839625,0.392,0.0
2025-12-19 01:00:00+01:00,0.852,0.130359834,0.0,0.0,0.852,0.32526554499999993,0.18513544499999998,0.517,0.0
2025-12-19 02:00:00+01:00,1.011,0.154580509875,0.0,0.0,1.011,0.32513743625,0.18500733625000002,0.62375,0.0
2025-12-19 03:00:00+01:00,0.598,0.09015625905,0.0,0.0,0.598,0.32255329974999997,0.18242319975,0.7855,0.0
2025-12-19 04:00:00+01:00,0.337,0.050930473,0.0,0.0,0.337,0.32299619,0.18286609,0.602,0.0
2025-12-19 05:00:00+01:00,0.173,0.027468805925,0.0,0.0,0.173,0.33225296225,0.19212286225,1.56275,0.0
2025-12-19 06:00:00+01:00,1.796,0.3495038899,0.0,0.0,1.796,0.37559764274999996,0.23546754274999998,0.67025,0.0
2025-12-19 07:00:00+01:00,0.217,0.051807030275,0.0,0.0,0.217,0.42900801074999995,0.28887791074999997,0.7825,0.0
2025-12-19 08:00:00+01:00,0.221,0.0565491927,0.0,0.0,0.221,0.44974332699999997,0.309613227,0.8555,0.0
2025-12-19 09:00:00+01:00,0.493,0.12612135525,0.0,0.0,0.493,0.4496774424999999,0.30954734249999993,0.44999999999999996,0.1515
2025-12-19 10:00:00+01:00,0.192,0.0491246448,0.006,0.00153514515,0.186,0.44971770525,0.30958760524999995,1.51525,0.442
2025-12-19 11:00:00+01:00,0.076,0.0192683788,0.19,0.048170947,-0.114,0.446902973,0.306772873,2.34175,0.68475
2025-12-19 12:00:00+01:00,0.02,0.004990766,0.812,0.2026250996,-0.792,0.44207144299999995,0.301941343,1.97725,0.875
2025-12-19 13:00:00+01:00,0.03,0.007554393,0.651,0.1639303281,-0.621,0.44482395099999994,0.304693851,2.61125,0.7882499999999999
2025-12-19 14:00:00+01:00,0.017,0.00437883875,0.239,0.06156132125,-0.22199999999999998,0.45180038750000007,0.31167028750000003,0.9339999999999999,0.27025
2025-12-19 15:00:00+01:00,0.407,0.106669002,0.033,0.008648838,0.374,0.45725416,0.31712406,0.7932500000000001,0.17625
2025-12-19 16:00:00+01:00,1.38,0.3644463735,0.0,0.0,1.38,0.45968090575,0.31955080575,1.152,0.02975
2025-12-19 17:00:00+01:00,1.23,0.336519513,0.0,0.0,1.23,0.471177751,0.33104765099999994,0.962,0.0
2025-12-19 18:00:00+01:00,1.488,0.4091545788,0.0,0.0,1.488,0.47284316475,0.33271306475,1.4269999999999998,0.0
2025-12-19 19:00:00+01:00,0.947,0.257835073375,0.0,0.0,0.947,0.46957090124999995,0.32944080124999997,0.808,0.0
2025-12-19 20:00:00+01:00,5.039,1.353012189925,0.0,0.0,5.039,0.46502487075000004,0.32489477075,2.3,0.0
2025-12-19 21:00:00+01:00,1.444,0.3792209696,0.0,0.0,1.444,0.457898364,0.31776826399999997,2.71875,0.0
2025-12-19 22:00:00+01:00,0.962,0.25115186525,0.0,0.0,0.962,0.45602797625,0.31589787625,0.77875,0.0
2025-12-19 23:00:00+01:00,3.81,0.9777330585,0.0,0.0,3.81,0.45064374850000005,0.3105136485,2.231,0.0
2025-12-20 00:00:00+01:00,4.337,1.080450245875,0.0,0.0,4.337,0.4415699887499999,0.30143988875,0.53,0.0
2025-12-20 01:00:00+01:00,0.817,0.202857035425,0.0,0.0,0.817,0.44056708024999996,0.30043698025,0.4105,0.0
2025-12-20 02:00:00+01:00,0.751,0.1870670406,0.0,0.0,0.751,0.441529726,0.301399626,0.435,0.0
2025-12-20 03:00:00+01:00,1.146,0.28643195625,0.0,0.0,1.146,0.44255825625,0.30242815624999997,0.5515,0.0
2025-12-20 04:00:00+01:00,0.907,0.226657735425,0.0,0.0,0.907,0.44250701275000004,0.30237691275,1.1917499999999999,0.0
2025-12-20 05:00:00+01:00,0.682,0.17160243595,0.0,0.0,0.682,0.44458603475,0.30445593475,1.769,0.0
2025-12-20 06:00:00+01:00,0.714,0.18427624215,0.0,0.0,0.714,0.45241896975000007,0.31228886975000003,0.70875,0.0
2025-12-20 07:00:00+01:00,0.729,0.195054356475,0.0,0.0,0.729,0.46388287274999995,0.32375277275000003,1.203,0.0
2025-12-20 08:00:00+01:00,0.747,0.204638427675,0.0,0.0,0.747,0.47160600024999993,0.33147590025,0.7032499999999999,0.0
2025-12-20 09:00:00+01:00,0.574,0.1608346278,0.0,0.0,0.574,0.479171737,0.339041637,0.718,0.0
2025-12-20 10:00:00+01:00,0.264,0.0731309964,0.0,0.0,0.264,0.47531383349999995,0.33518373349999997,0.6944999999999999,0.19725
2025-12-20 11:00:00+01:00,0.241,0.065916253425,0.015,0.004102671375,0.22599999999999998,0.47107892425,0.33094882424999994,0.35924999999999996,0.51275
2025-12-20 12:00:00+01:00,0.551,0.150101422625,0.026,0.00708282575,0.525,0.46975391375,0.32962381375,0.7364999999999999,0.891
2025-12-20 13:00:00+01:00,0.281,0.077250272,0.028,0.007697536,0.253,0.47277362,0.33264351999999997,0.2965,1.04875
2025-12-20 14:00:00+01:00,0.871,0.24347955775,0.004,0.001118161,0.867,0.4783738025,0.33824370249999997,0.47375,0.29974999999999996
2025-12-20 15:00:00+01:00,1.779,0.5008431153,0.0,0.0,1.779,0.480782247,0.340652147,1.986,0.022
2025-12-20 16:00:00+01:00,1.698,0.4810079967,0.0,0.0,1.698,0.48289787149999996,0.3427677715,0.79725,0.0
2025-12-20 17:00:00+01:00,1.478,0.4243915159,0.0,0.0,1.478,0.4875683505,0.3474382505,0.845,0.0
2025-12-20 18:00:00+01:00,1.1,0.3102061875,0.0,0.0,1.1,0.48135690625,0.34122680624999996,1.084,0.0
2025-12-20 19:00:00+01:00,0.864,0.2305796328,0.0,0.0,0.864,0.46304833574999993,0.32291823575,0.743,0.0
2025-12-20 20:00:00+01:00,5.659,1.466317213075,0.0,0.0,5.659,0.4536561342499999,0.31352603425,0.98675,0.0
2025-12-20 21:00:00+01:00,5.097,1.300127851275,0.0,0.0,5.097,0.4487733607499999,0.30864326075,0.8054999999999999,0.0
2025-12-20 22:00:00+01:00,0.701,0.179084697825,0.0,0.0,0.701,0.44924919324999996,0.30911909325,1.40475,0.0
2025-12-20 23:00:00+01:00,0.47,0.11870901625,0.0,0.0,0.47,0.44574267375000004,0.30561257375,0.662,0.0
2025-12-21 00:00:00+01:00,0.446,0.11365914175,0.0,0.0,0.446,0.44848786124999995,0.30835776125,3.6942499999999994,0.0
2025-12-21 01:00:00+01:00,0.44,0.109995171,0.0,0.0,0.44,0.44261682025,0.30248672025,2.5735,0.0
2025-12-21 02:00:00+01:00,0.434,0.1064826378,0.0,0.0,0.434,0.43700565700000005,0.296875557,1.1605,0.0
2025-12-21 03:00:00+01:00,0.429,0.10442793075,0.0,0.0,0.429,0.43467041749999996,0.2945403175,0.95475,0.0
2025-12-21 04:00:00+01:00,0.437,0.106373982825,0.0,0.0,0.437,0.43466675725000004,0.29453665725,1.0190000000000001,0.0
2025-12-21 05:00:00+01:00,0.442,0.10798951735,0.0,0.0,0.442,0.43575751175,0.29562741175,0.66125,0.0
2025-12-21 06:00:00+01:00,0.436,0.1075971809,0.0,0.0,0.436,0.43873695525,0.29860685524999997,0.71875,0.0
2025-12-21 07:00:00+01:00,0.44,0.111182423,0.0,0.0,0.44,0.44588176324999995,0.30575166325,0.6605,0.0
2025-12-21 08:00:00+01:00,0.461,0.121852199975,0.0,0.0,0.461,0.45995908474999997,0.31982898474999993,1.7502499999999999,0.0
2025-12-21 09:00:00+01:00,0.839,0.226131034525,0.0,0.0,0.839,0.4662547147499999,0.32612461475,1.31075,0.03875
2025-12-21 10:00:00+01:00,0.565,0.1495347645,0.0,0.0,0.565,0.460372693,0.32024259299999996,1.23775,0.3995
2025-12-21 11:00:00+01:00,0.632,0.1663093938,0.002,0.00052629555,0.63,0.4585389077499999,0.31840880774999997,0.6385,0.39775
2025-12-21 12:00:00+01:00,0.093,0.024251621625,0.87,0.22687000875,-0.777,0.45566195125000003,0.31553185125,0.57275,0.692
2025-12-21 13:00:00+01:00,0.075,0.019211094375,1.584,0.4057383132,-1.5090000000000001,0.45006908925,0.30993898924999996,0.8007500000000001,0.305
2025-12-21 14:00:00+01:00,0.122,0.03172021655,0.722,0.18772128155,-0.6,0.45473224774999993,0.31460214775,0.45399999999999996,0.05125
2025-12-21 15:00:00+01:00,0.799,0.209650828475,0.0,0.0,0.799,0.45762384525000005,0.31749374525,0.9837499999999999,0.0015
2025-12-21 16:00:00+01:00,1.141,0.296199520925,0.0,0.0,1.141,0.45424177424999995,0.31411167425000003,0.65025,0.0
2025-12-21 17:00:00+01:00,2.119,0.55127066995,0.0,0.0,2.119,0.45491892050000005,0.3147888205,0.9875,0.0
2025-12-21 18:00:00+01:00,0.655,0.167713486875,0.0,0.0,0.655,0.44995196125000003,0.30982186125,0.79425,0.0
2025-12-21 19:00:00+01:00,0.298,0.0746544832,0.0,0.0,0.298,0.443257364,0.30312726399999995,0.71475,0.0
2025-12-21 20:00:00+01:00,0.526,0.1296437197,0.0,0.0,0.526,0.43835994949999996,0.2982298495,0.8022500000000001,0.0
2025-12-21 21:00:00+01:00,0.398,0.09625219065,0.0,0.0,0.398,0.43275610675,0.29262600675,1.267,0.0
2025-12-21 22:00:00+01:00,0.326,0.07811589995,0.0,0.0,0.326,0.43006948325,0.28993938324999996,0.7757499999999999,0.0
2025-12-21 23:00:00+01:00,0.302,0.0705059619,0.0,0.0,0.302,0.42262087449999997,0.2824907745,1.6604999999999999,0.0
2025-12-22 00:00:00+01:00,0.93,0.21635861775,0.0,0.0,0.93,0.42162894675,0.28149884675,1.0425,0.0
2025-12-22 01:00:00+01:00,0.995,0.22979191675,0.0,0.0,0.995,0.4195755465,0.27944544649999997,1.2537500000000001,0.0
2025-12-22 02:00:00+01:00,0.909,0.20878661925,0.0,0.0,0.909,0.4180528825,0.2779227825,0.73675,0.0
2025-12-22 03:00:00+01:00,0.71,0.161777121,0.0,0.0,0.71,0.415834771,0.275704671,4.2755,0.0
2025-12-22 04:00:00+01:00,0.674,0.15293209965,0.0,0.0,0.674,0.41468179224999996,0.27455169225000003,1.525,0.0
2025-12-22 05:00:00+01:00,0.691,0.15922460785,0.0,0.0,0.691,0.41894598349999995,0.2788158835,2.00725,0.0
2025-12-22 06:00:00+01:00,0.67,0.159643044,0.0,0.0,0.67,0.42844067199999997,0.288310572,0.5375,0.0
2025-12-22 07:00:00+01:00,0.67,0.17110431525,0.0,0.0,0.67,0.44913938575000006,0.30900928575000003,0.68575,0.0
2025-12-22 08:00:00+01:00,0.876,0.2270540316,0.0,0.0,0.876,0.4537549609999999,0.313624861,0.7905,0.0
2025-12-22 09:00:00+01:00,0.518,0.13354644765,0.0,0.0,0.518,0.45208222675,0.31195212675,0.9344999999999999,0.00675
2025-12-22 10:00:00+01:00,0.099,0.025274192625,0.028,0.0071482565,0.07100000000000001,0.44903689874999997,0.30890679875,0.69025,0.011
2025-12-22 11:00:00+01:00,0.026,0.00651072565,0.94,0.2353877735,-0.9139999999999999,0.44312925524999996,0.30299915525,0.38125000000000003,0.06125
2025-12-22 12:00:00+01:00,0.025,0.006320208125,1.095,0.276825115875,-1.07,0.44602817325,0.30589807325,0.49200000000000005,0.375
2025-12-22 13:00:00+01:00,0.063,0.0160837677,0.055,0.0140413845,0.008,0.44904055900000006,0.308910459,0.43374999999999997,0.08750000000000001
2025-12-22 14:00:00+01:00,0.375,0.097162621875,0.032,0.0082912104,0.34299999999999997,0.45364149324999997,0.31351139325,0.6717500000000001,0.04175
2025-12-22 15:00:00+01:00,1.715,0.4566367575,0.0,0.0,1.715,0.46230530499999994,0.322175205,0.8645,0.00275
2025-12-22 16:00:00+01:00,1.07,0.28748489825,0.0,0.0,1.07,0.46522984475,0.32509974475,0.65275,0.0
2025-12-22 17:00:00+01:00,1.665,0.460453294125,0.0,0.0,1.665,0.47475381525,0.33462371524999995,1.034,0.0
2025-12-22 18:00:00+01:00,0.641,0.1735892741,0.0,0.0,0.641,0.46781032100000003,0.327680221,0.95275,0.0
2025-12-22 19:00:00+01:00,0.64,0.168290672,0.0,0.0,0.64,0.45830465175,0.31817455175,0.718,0.0
2025-12-22 20:00:00+01:00,0.611,0.15621250645,0.0,0.0,0.611,0.44948710950000004,0.3093570095,0.94475,0.0
2025-12-22 21:00:00+01:00,0.69,0.17277211875,0.0,0.0,0.69,0.44310729375,0.30297719375,2.48,0.0
2025-12-22 22:00:00+01:00,0.682,0.1706885048,0.0,0.0,0.682,0.442964544,0.302834444,0.43875000000000003,0.0
2025-12-22 23:00:00+01:00,0.48,0.116350212,0.0,0.0,0.48,0.43342959275000004,0.29329949275,0.43174999999999997,0.0
2025-12-23 00:00:00+01:00,0.437,0.106635723975,0.0,0.0,0.437,0.43539148675,0.29526138674999997,0.47924999999999995,0.0
2025-12-23 01:00:00+01:00,0.437,0.1037711125,0.0,0.0,0.437,0.42745972499999996,0.287329625,1.2,0.0
2025-12-23 02:00:00+01:00,2.946,0.662848527,0.0,0.0,2.946,0.412379495,0.272249395,1.853,0.0
2025-12-23 03:00:00+01:00,0.814,0.17895621095,0.0,0.0,0.814,0.40614608925,0.26601598925,0.50125,0.0
2025-12-23 04:00:00+01:00,0.499,0.108849751725,0.0,0.0,0.499,0.40407438775,0.26394428775,1.888,0.0
2025-12-23 05:00:00+01:00,0.52,0.113661834,0.0,0.0,0.52,0.4046124445,0.2644823445,0.5575,0.0
2025-12-23 06:00:00+01:00,0.529,0.121873136,0.0,0.0,0.529,0.41889474,0.27876464,0.88475,0.0
2025-12-23 07:00:00+01:00,0.665,0.162851101875,0.0,0.0,0.665,0.43644563875,0.29631553875,0.8085,0.0
2025-12-23 08:00:00+01:00,0.66,0.167737944,0.0,0.0,0.66,0.447649664,0.30751956399999997,0.63375,0.0
2025-12-23 09:00:00+01:00,0.659,0.1709683899,0.0,0.0,0.659,0.45404778100000004,0.313917681,0.508,0.0
2025-12-23 10:00:00+01:00,0.646,0.16566697455,0.0,0.0,0.646,0.45043511425,0.31030501424999996,0.3635,0.02425
2025-12-23 11:00:00+01:00,1.394,0.3450057996,0.0,0.0,1.394,0.439597114,0.299467014,0.47175,0.017
2025-12-23 12:00:00+01:00,2.342,0.57676030005,0.0,0.0,2.342,0.43811471274999997,0.29798461275,0.21050000000000002,0.52275
2025-12-23 13:00:00+01:00,1.738,0.42449177045,0.0,0.0,1.738,0.43566234524999997,0.29553224525,0.23725000000000002,0.65425
2025-12-23 14:00:00+01:00,1.501,0.366679177425,0.0,0.0,1.501,0.43572090924999995,0.29559080925,0.38975000000000004,0.17550000000000002
2025-12-23 15:00:00+01:00,1.137,0.281382798675,0.0,0.0,1.137,0.43957881275,0.29944871275,0.68075,0.11875000000000001
2025-12-23 16:00:00+01:00,1.845,0.471136248,0.0,0.0,1.845,0.4491137639999999,0.308983664,1.258,0.004
2025-12-23 17:00:00+01:00,1.404,0.3600521496,0.0,0.0,1.404,0.45043145399999995,0.310301354,1.2742499999999999,0.0
2025-12-23 18:00:00+01:00,0.833,0.207631060175,0.0,0.0,0.833,0.44173103974999994,0.30160093974999996,0.988,0.0
2025-12-23 19:00:00+01:00,0.79,0.195538904,0.0,0.0,0.79,0.439626396,0.299496296,0.50725,0.0
2025-12-23 20:00:00+01:00,0.722,0.1747633129,0.0,0.0,0.722,0.4330159845,0.29288588449999997,0.643,0.0
2025-12-23 21:00:00+01:00,0.721,0.1674765477,0.0,0.0,0.721,0.421193377,0.281063277,0.5115000000000001,0.0
2025-12-23 22:00:00+01:00,0.651,0.1523824995,0.0,0.0,0.651,0.42336024499999997,0.283230145,1.33575,0.0
2025-12-23 23:00:00+01:00,0.716,0.1610866466,0.0,0.0,0.716,0.4123575335,0.2722274335,1.3215,0.0
2025-12-24 00:00:00+01:00,0.656,0.1434383852,0.0,0.0,0.656,0.40470395075000004,0.26457385075,1.021,0.0
2025-12-24 01:00:00+01:00,0.661,0.1400947196,0.0,0.0,0.661,0.39658185599999995,0.25645175600000003,0.524,0.0
2025-12-24 02:00:00+01:00,0.782,0.1647794819,0.0,0.0,0.782,0.3950957945,0.2549656945,0.587,0.0
2025-12-24 03:00:00+01:00,0.932,0.1941821068,0.0,0.0,0.932,0.392233479,0.252103379,0.523,0.0
2025-12-24 04:00:00+01:00,0.917,0.19013036735,0.0,0.0,0.917,0.3910109555,0.2508808555,0.41825,0.0
2025-12-24 05:00:00+01:00,0.848,0.175998372,0.0,0.0,0.848,0.39125985249999995,0.25112975249999997,0.92875,0.0
2025-12-24 06:00:00+01:00,0.846,0.17917888725,0.0,0.0,0.846,0.39640250374999997,0.25627240375,1.12025,0.0
2025-12-24 07:00:00+01:00,1.284,0.2929155174,0.0,0.0,1.284,0.4161641935,0.2760340935,0.829,0.0
2025-12-24 08:00:00+01:00,1.357,0.3333855888,0.0,0.0,1.357,0.43740096399999995,0.29727086399999997,0.94625,0.0
2025-12-24 09:00:00+01:00,0.402,0.0994777542,0.139,0.0343965369,0.263,0.439553191,0.29942309100000003,1.05,0.0
2025-12-24 10:00:00+01:00,0.053,0.0125996211,1.326,0.3152282562,-1.2730000000000001,0.42778182699999995,0.28765172699999997,1.44775,0.003
2025-12-24 11:00:00+01:00,0.431,0.0964219839,1.358,0.3038075502,-0.927,0.41082754899999996,0.270697449,0.441,0.0205
2025-12-24 12:00:00+01:00,0.088,0.0195159206,2.463,0.546224004975,-2.375,0.40847400824999996,0.26834390825,0.251,0.25075
2025-12-24 13:00:00+01:00,0.01,0.00221045825,2.438,0.53890972135,-2.4280000000000004,0.40759554825,0.26746544825,0.487,0.4415
2025-12-24 14:00:00+01:00,0.125,0.02841458125,0.873,0.19844743545,-0.748,0.41518324649999994,0.2750531465,0.5277499999999999,0.30300000000000005
2025-12-24 15:00:00+01:00,0.935,0.223840425875,0.0,0.0,0.935,0.42980594524999993,0.28967584525,0.35875,0.0795
2025-12-24 16:00:00+01:00,1.335,0.336319908375,0.0,0.0,1.335,0.44495938025,0.30482928025,0.5045,0.0
2025-12-24 17:00:00+01:00,0.978,0.24988547925,0.0,0.0,0.978,0.44929311624999996,0.30916301625,1.02625,0.0
2025-12-24 18:00:00+01:00,1.095,0.266245390125,0.0,0.0,1.095,0.43433733474999997,0.29420723475,0.7615,0.0
2025-12-24 19:00:00+01:00,0.939,0.220207824375,0.0,0.0,0.939,0.4238909812499999,0.28376088125,0.697,0.0
2025-12-24 20:00:00+01:00,1.076,0.2476295371,0.0,0.0,1.076,0.41859825975,0.27846815975,0.76025,0.0
2025-12-24 21:00:00+01:00,0.863,0.1954172022,0.0,0.0,0.863,0.41412177400000005,0.273991674,1.10825,0.0
2025-12-24 22:00:00+01:00,0.758,0.1735671432,0.0,0.0,0.758,0.417196384,0.277066284,1.2134999999999998,0.0
2025-12-24 23:00:00+01:00,0.817,0.182003151275,0.0,0.0,0.817,0.40968189074999994,0.26955179075,0.6,0.0
2025-12-25 00:00:00+01:00,0.859,0.187331858175,0.0,0.0,0.859,0.40400850324999993,0.26387840325,0.84575,0.0
2025-12-25 01:00:00+01:00,0.885,0.1868954505,0.0,0.0,0.885,0.395659473,0.255529373,1.1545,0.0
2025-12-25 02:00:00+01:00,0.924,0.1950560535,0.0,0.0,0.924,0.39556064625,0.25543054625,1.3247499999999999,0.0
2025-12-25 03:00:00+01:00,0.882,0.1830762549,0.0,0.0,0.882,0.3912891345,0.2511590345,1.0710000000000002,0.0
2025-12-25 04:00:00+01:00,1.385,0.285049516125,0.0,0.0,1.385,0.38916252924999994,0.24903242925,0.891,0.0
2025-12-25 05:00:00+01:00,1.194,0.24406354005,0.0,0.0,1.194,0.38746417325000004,0.24733407325,0.857,0.0
2025-12-25 06:00:00+01:00,1.01,0.204139584,0.0,0.0,1.01,0.384693364,0.244563264,0.6982499999999999,0.0
2025-12-25 07:00:00+01:00,1.027,0.2148452163,0.0,0.0,1.027,0.39325834899999995,0.25312824899999997,0.5805,0.0
2025-12-25 08:00:00+01:00,1.164,0.2573114247,0.0,0.0,1.164,0.4076101892499999,0.26748008925,0.5455,0.0
2025-12-25 09:00:00+01:00,0.186,0.0418127721,0.069,0.01551118965,0.11699999999999999,0.4121379185,0.2720078185,0.7765000000000001,0.0
2025-12-25 10:00:00+01:00,0.012,0.0025064424,0.804,0.1679316408,-0.792,0.39286304199999994,0.252732942,0.5685,0.04
2025-12-25 11:00:00+01:00,0.004,0.0008062472,1.965,0.396068937,-1.961,0.384019878,0.243889778,0.3475,0.38425
2025-12-25 12:00:00+01:00,0.0,0.0,3.162,0.63897403515,-3.162,0.38464578074999994,0.24451568075,0.7105,0.5912499999999999
2025-12-25 13:00:00+01:00,0.0,0.0,3.113,0.6261435279,-3.113,0.38350744299999995,0.243377343,0.13824999999999998,0.8434999999999999
2025-12-25 14:00:00+01:00,0.006,0.00133357125,1.326,0.29471924625,-1.32,0.40906696875000004,0.26893686875,0.17725000000000002,0.38749999999999996
2025-12-25 15:00:00+01:00,0.102,0.02530634535,0.001,0.000248101425,0.10099999999999999,0.4403328242499999,0.30020272425,1.0322500000000001,0.04225
2025-12-25 16:00:00+01:00,0.556,0.1418749926,0.0,0.0,0.556,0.4488868285,0.3087567285,0.6137499999999999,0.0
2025-12-25 17:00:00+01:00,0.763,0.19921918555,0.0,0.0,0.763,0.45606091849999997,0.31593081850000004,2.9062500000000004,0.0
2025-12-25 18:00:00+01:00,0.943,0.24681049415,0.0,0.0,0.943,0.45682225049999997,0.3166921505,0.7452500000000001,0.0
2025-12-25 19:00:00+01:00,0.885,0.229351975875,0.0,0.0,0.885,0.45370737775000003,0.31357727775,0.706,0.0
2025-12-25 20:00:00+01:00,0.907,0.2340135281,0.0,0.0,0.907,0.45232014300000006,0.31219004300000003,0.79175,0.0
2025-12-25 21:00:00+01:00,0.946,0.24494865505,0.0,0.0,0.946,0.45343651925,0.31330641924999997,0.6234999999999999,0.0
2025-12-25 22:00:00+01:00,1.003,0.263463902625,0.0,0.0,1.003,0.45796790874999993,0.31783780875,1.59625,0.0
2025-12-25 23:00:00+01:00,0.928,0.2391987048,0.0,0.0,0.928,0.4520163422499999,0.31188624224999995,0.338,0.0
2025-12-26 00:00:00+01:00,0.915,0.242620851,0.0,0.0,0.915,0.460972974,0.320842874,0.3025,0.0
2025-12-26 01:00:00+01:00,0.965,0.248817457625,0.0,0.0,0.965,0.45211882924999997,0.31198872925000004,0.6034999999999999,0.0
2025-12-26 02:00:00+01:00,0.954,0.23980547745,0.0,0.0,0.954,0.44428589425,0.30415579425,0.71675,0.0
2025-12-26 03:00:00+01:00,0.962,0.23827198395,0.0,0.0,0.962,0.43982770975,0.29969760975,0.80175,0.0
2025-12-26 04:00:00+01:00,0.968,0.2378166912,0.0,0.0,0.968,0.43740096399999995,0.29727086399999997,0.51325,0.0
2025-12-26 05:00:00+01:00,0.989,0.24358026605,0.0,0.0,0.989,0.43814033449999995,0.29801023449999997,0.932,0.0
2025-12-26 06:00:00+01:00,0.946,0.23666703995,0.0,0.0,0.946,0.44284375574999996,0.30271365575000003,0.87625,0.0
2025-12-26 07:00:00+01:00,1.124,0.2921739931,0.0,0.0,1.124,0.4546590427500001,0.31452894275000004,0.55075,0.0
2025-12-26 08:00:00+01:00,1.053,0.28050609015,0.0,0.0,1.053,0.4624590355,0.32232893549999997,0.6155,0.0
2025-12-26 09:00:00+01:00,0.505,0.133409018875,0.077,0.020341573175,0.428,0.45978339275,0.31965329275,0.5575,0.0
2025-12-26 10:00:00+01:00,0.144,0.0368151696,0.862,0.2203796958,-0.718,0.449479789,0.30934968900000004,1.562,0.0025
2025-12-26 11:00:00+01:00,0.032,0.0080162984,1.812,0.4539228969,-1.78,0.44324638324999993,0.30311628325,2.36075,0.0485
2025-12-26 12:00:00+01:00,0.0,0.0,3.014,0.74526130635,-3.014,0.43932259524999995,0.29919249524999997,1.98225,0.20725000000000002
2025-12-26 13:00:00+01:00,0.0,0.0,2.751,0.681694842675,-2.751,0.43996679924999993,0.29983669925,2.6182499999999997,0.16325
2025-12-26 14:00:00+01:00,0.12,0.030882225,1.105,0.284373821875,-0.985,0.45152586874999995,0.31139576875,0.841,0.067
2025-12-26 15:00:00+01:00,0.613,0.168608209275,0.0,0.0,0.613,0.47294565175000003,0.33281555175,0.8447500000000001,0.00825
2025-12-26 16:00:00+01:00,1.204,0.3414687276,0.0,0.0,1.204,0.483300499,0.34317039899999996,1.4532500000000002,0.0
2025-12-26 17:00:00+01:00,1.974,0.5699773002,0.0,0.0,1.974,0.48950828299999993,0.349378183,1.09925,0.0
2025-12-26 18:00:00+01:00,1.246,0.35649751445,0.0,0.0,1.246,0.48632752574999993,0.34619742575,1.6945,0.0
2025-12-26 19:00:00+01:00,0.798,0.22768617795,0.0,0.0,0.798,0.48536854025,0.34523844025,0.77425,0.0
2025-12-26 20:00:00+01:00,0.912,0.2568277272,0.0,0.0,0.912,0.4808774134999999,0.3407473135,3.1937499999999996,0.0
2025-12-26 21:00:00+01:00,0.836,0.2333719498,0.0,0.0,0.836,0.47790529049999997,0.3377751905,2.9709999999999996,0.0
2025-12-26 22:00:00+01:00,0.79,0.21822958025,0.0,0.0,0.79,0.47438046975000003,0.33425036975,0.8755,0.0
2025-12-26 23:00:00+01:00,0.796,0.2120709767,0.0,0.0,0.796,0.4624992982499999,0.32236919824999993,2.93375,0.0
2025-12-27 00:00:00+01:00,0.769,0.202863103575,0.0,0.0,0.769,0.45932952174999997,0.31919942175,1.391,0.0
2025-12-27 01:00:00+01:00,0.718,0.185223896,0.0,0.0,0.718,0.45227621999999995,0.31214611999999997,0.47674999999999995,0.0
2025-12-27 02:00:00+01:00,1.211,0.301960094975,0.0,0.0,1.211,0.44184084724999995,0.30171074724999997,0.47000000000000003,0.0
2025-12-27 03:00:00+01:00,0.95,0.233245045,0.0,0.0,0.95,0.437210631,0.297080531,0.67525,0.0
2025-12-27 04:00:00+01:00,0.74,0.1823594025,0.0,0.0,0.74,0.43831236625,0.29818226625,0.53225,0.0
2025-12-27 05:00:00+01:00,0.706,0.17342545825,0.0,0.0,0.706,0.43736070125,0.29723060125,1.782,0.0
2025-12-27 06:00:00+01:00,0.735,0.18416215125,0.0,0.0,0.735,0.44330860749999995,0.30317850749999997,0.723,0.0
2025-12-27 07:00:00+01:00,0.777,0.204296590575,0.0,0.0,0.777,0.45827536975,0.31814526974999996,1.18825,0.0
2025-12-27 08:00:00+01:00,1.0,0.268514125,0.0,0.0,1.0,0.46503219125,0.32490209124999997,0.7669999999999999,0.0
2025-12-27 09:00:00+01:00,1.272,0.330891561,0.0,0.0,1.272,0.45489329874999995,0.31476319875,0.7497499999999999,0.0
2025-12-27 10:00:00+01:00,0.833,0.203271762925,0.0,0.0,0.833,0.43539880724999996,0.29526870725,0.7132499999999999,0.18825
2025-12-27 11:00:00+01:00,1.092,0.2599498902,0.0,0.0,1.092,0.4281698135,0.28803971349999996,0.4135,0.32299999999999995
2025-12-27 12:00:00+01:00,0.887,0.2105863067,0.001,0.0002374141,0.886,0.427401161,0.287271061,0.87125,0.52625
2025-12-27 13:00:00+01:00,0.337,0.082919010075,0.0,0.0,0.337,0.43785117474999996,0.29772107475,0.35874999999999996,0.771
2025-12-27 14:00:00+01:00,0.299,0.07547120295,0.001,0.00025241205,0.298,0.44554868049999996,0.3054185805,0.5782499999999999,0.26425
2025-12-27 15:00:00+01:00,0.503,0.1296077585,0.0,0.0,0.503,0.45191019499999996,0.311780095,2.268,0.022
2025-12-27 16:00:00+01:00,0.597,0.1603227978,0.0,0.0,0.597,0.4650724539999999,0.324942354,0.8995,0.0
2025-12-27 17:00:00+01:00,7.653,2.090312295225,0.0,0.0,7.653,0.47062505325000004,0.33049495325,0.9652499999999999,0.0
2025-12-27 18:00:00+01:00,3.141,0.868676923125,0.0,0.0,3.141,0.47476845624999997,0.33463835625,1.0157500000000002,0.0
2025-12-27 19:00:00+01:00,3.473,0.950094283875,0.0,0.0,3.473,0.47114480875000003,0.33101470875,0.72,0.0
2025-12-27 20:00:00+01:00,11.182,3.01659637455,0.0,0.0,11.182,0.46655485525,0.32642475525,2.1550000000000002,0.0
2025-12-27 21:00:00+01:00,5.932,1.5420613648,0.0,0.0,5.932,0.45467734399999993,0.31454724399999995,1.8372500000000003,0.0
2025-12-27 22:00:00+01:00,3.04,0.795095356,0.0,0.0,3.04,0.45659897525,0.31646887525,1.342,0.0
2025-12-27 23:00:00+01:00,0.487,0.1248898838,0.0,0.0,0.487,0.45043145399999995,0.310301354,0.5802499999999999,0.0
2025-12-28 00:00:00+01:00,0.445,0.111222232,0.0,0.0,0.445,0.44255459599999997,0.302424496,3.63575,0.0
2025-12-28 01:00:00+01:00,0.447,0.111158250225,0.0,0.0,0.447,0.44102827175000003,0.30089817175,2.51325,0.0
2025-12-28 02:00:00+01:00,0.431,0.105188567,0.0,0.0,0.431,0.43543907,0.29530897,1.0975000000000001,0.0
2025-12-28 03:00:00+01:00,0.949,0.22950298085,0.0,0.0,0.949,0.43275244649999994,0.29262234649999996,0.73675,0.0
2025-12-28 04:00:00+01:00,1.372,0.3330283726,0.0,0.0,1.372,0.4338358805,0.2937057805,0.8370000000000001,0.0
2025-12-28 05:00:00+01:00,0.907,0.223365325425,0.0,0.0,0.907,0.43811471274999997,0.29798461275,0.5795,0.0
2025-12-28 06:00:00+01:00,0.531,0.1326911652,0.0,0.0,0.531,0.442496032,0.302365932,0.6094999999999999,0.0
2025-12-28 07:00:00+01:00,0.581,0.14855655815,0.0,0.0,0.581,0.44951639149999995,0.30938629149999997,0.48,0.0
2025-12-28 08:00:00+01:00,0.723,0.1898731032,0.0,0.0,0.723,0.457898364,0.31776826399999997,0.5705,0.0
2025-12-28 09:00:00+01:00,0.547,0.1432683802,0.0,0.0,0.547,0.457049186,0.316919086,0.594,0.03875
2025-12-28 10:00:00+01:00,0.139,0.03546202055,0.616,0.1571554292,-0.477,0.44882826449999996,0.3086981645,0.40974999999999995,0.3995
2025-12-28 11:00:00+01:00,0.0,0.0,2.287,0.582254362525,-2.287,0.44818772075,0.30805762075,0.4995,0.39825
2025-12-28 12:00:00+01:00,0.0,0.0,2.87,0.70170244375,-2.87,0.4359698062499999,0.29583970625,0.402,0.9095
2025-12-28 13:00:00+01:00,0.0,0.0,2.837,0.69364267005,-2.837,0.4359734665,0.2958433665,0.52825,0.7010000000000001
2025-12-28 14:00:00+01:00,0.158,0.03970856395,1.183,0.297311589575,-1.0250000000000001,0.44422733025,0.30409723025,0.28575,0.23174999999999998
2025-12-28 15:00:00+01:00,0.209,0.055732530425,0.004,0.0010666513,0.205,0.46279211825,0.32266201824999996,0.899,0.0015
2025-12-28 16:00:00+01:00,0.565,0.157417249,0.0,0.0,0.565,0.477253766,0.337123666,0.6515,0.0
2025-12-28 17:00:00+01:00,1.266,0.35791525935,0.0,0.0,1.266,0.48221340474999996,0.34208330475,1.21875,0.0
2025-12-28 18:00:00+01:00,0.613,0.1758196792,0.0,0.0,0.613,0.487180364,0.34705026399999994,0.7727499999999999,0.0
2025-12-28 19:00:00+01:00,0.819,0.233727468975,0.0,0.0,0.819,0.48544174525,0.34531164525,0.609,0.0
2025-12-28 20:00:00+01:00,0.7,0.19231135,0.0,0.0,0.7,0.47255400499999994,0.33242390499999996,0.7195,0.0
2025-12-28 21:00:00+01:00,0.656,0.1754745388,0.0,0.0,0.656,0.46379502675,0.32366492674999997,1.13475,0.0
2025-12-28 22:00:00+01:00,0.718,0.19141178155,0.0,0.0,0.718,0.46270427225000005,0.32257417225,0.55225,0.0
2025-12-28 23:00:00+01:00,1.182,0.3148057242,0.0,0.0,1.182,0.46239315099999995,0.32226305099999997,0.56325,0.0
2025-12-29 00:00:00+01:00,1.051,0.2728708147,0.0,0.0,1.051,0.454282037,0.314151937,0.5425,0.0
2025-12-29 01:00:00+01:00,0.663,0.173436109275,0.0,0.0,0.663,0.4566575392499999,0.31652743925,1.269,0.0
2025-12-29 02:00:00+01:00,0.778,0.19604944535,0.0,0.0,0.778,0.44503990574999996,0.30490980575000004,0.752,0.0
2025-12-29 03:00:00+01:00,0.677,0.1672990891,0.0,0.0,0.677,0.43914324299999996,0.299013143,2.3235,0.0
2025-12-29 04:00:00+01:00,0.634,0.15778343735,0.0,0.0,0.634,0.44126252774999997,0.30113242775,0.733,0.0
2025-12-29 05:00:00+01:00,0.44,0.113312023,0.0,0.0,0.44,0.45173816324999994,0.31160806324999996,1.331,0.0
2025-12-29 06:00:00+01:00,0.437,0.115468826825,0.0,0.0,0.437,0.45984927724999997,0.31971917725,0.554,0.0
2025-12-29 07:00:00+01:00,0.43,0.11796631825,0.0,0.0,0.43,0.47208183275,0.33195173275,0.71425,0.0
2025-12-29 08:00:00+01:00,0.693,0.197823901275,0.0,0.0,0.693,0.4855369117499999,0.34540681175,0.834,0.0
2025-12-29 09:00:00+01:00,0.624,0.1759507464,0.0,0.0,0.624,0.4813166434999999,0.3411865435,0.90725,0.0
2025-12-29 10:00:00+01:00,0.399,0.1091298516,0.0,0.0,0.399,0.47107526399999994,0.33094516399999996,0.5549999999999999,0.01625
2025-12-29 11:00:00+01:00,0.721,0.19141111605,0.0,0.0,0.721,0.46136096050000003,0.3212308605,0.31825000000000003,0.259
2025-12-29 12:00:00+01:00,0.905,0.239610628125,0.0,0.0,0.905,0.46049348124999995,0.32036338124999997,0.49375,0.3015
2025-12-29 13:00:00+01:00,0.846,0.22278168495,0.0,0.0,0.846,0.45876584324999997,0.31863574325,0.44225000000000003,0.01625
2025-12-29 14:00:00+01:00,0.919,0.2426139782,0.002,0.0005279956,0.917,0.459567438,0.319437338,0.6990000000000001,0.04975
2025-12-29 15:00:00+01:00,0.447,0.12141720195,0.001,0.00027162685,0.446,0.4687985884999999,0.32866848849999997,1.20575,0.00275
2025-12-29 16:00:00+01:00,0.745,0.206465854375,0.0,0.0,0.745,0.47546390375,0.33533380375,0.746,0.0
2025-12-29 17:00:00+01:00,1.483,0.4107629713,0.0,0.0,1.483,0.4752772309999999,0.335147131,0.9505,0.0
2025-12-29 18:00:00+01:00,0.601,0.16450581015,0.0,0.0,0.601,0.4713314815,0.3312013815,0.8505,0.0
2025-12-29 19:00:00+01:00,0.75,0.19832505,0.0,0.0,0.75,0.460094514,0.319964414,0.6555,0.0
2025-12-29 20:00:00+01:00,0.55,0.14199274375,0.0,0.0,0.55,0.45251413625,0.31238403625,0.85025,0.0
2025-12-29 21:00:00+01:00,0.617,0.1539651311,0.0,0.0,0.617,0.44207144299999995,0.301941343,2.437,0.0
2025-12-29 22:00:00+01:00,0.648,0.1648449792,0.0,0.0,0.648,0.447942484,0.307812384,0.47475,0.0
2025-12-29 23:00:00+01:00,0.572,0.1421822116,0.0,0.0,0.572,0.44090016299999996,0.300770063,0.4325,0.0
2025-12-30 00:00:00+01:00,0.569,0.137710048575,0.0,0.0,0.569,0.43297572175,0.29284562175,0.45224999999999993,0.0
2025-12-30 01:00:00+01:00,0.987,0.2334081288,0.0,0.0,0.987,0.426273804,0.286143704,0.8157500000000001,0.0
2025-12-30 02:00:00+01:00,0.696,0.1635664206,0.0,0.0,0.696,0.42449126224999995,0.28436116224999997,1.184,0.0
2025-12-30 03:00:00+01:00,0.763,0.176888559925,0.0,0.0,0.763,0.42064799974999995,0.28051789974999997,0.53375,0.0
2025-12-30 04:00:00+01:00,0.634,0.1464355189,0.0,0.0,0.634,0.4196048285,0.2794747285,1.8195,0.0
2025-12-30 05:00:00+01:00,0.564,0.1326219774,0.0,0.0,0.564,0.4246559735,0.28452587349999997,0.47625000000000006,0.0
2025-12-30 06:00:00+01:00,0.602,0.14731019765,0.0,0.0,0.602,0.43621870325,0.29608860324999997,0.42674999999999996,0.0
2025-12-30 07:00:00+01:00,0.687,0.1746581397,0.0,0.0,0.687,0.44775215099999993,0.30762205099999995,0.53225,0.0
2025-12-30 08:00:00+01:00,1.63,0.42782638525,0.0,0.0,1.63,0.45771901174999996,0.31758891175,0.60175,0.0
2025-12-30 09:00:00+01:00,0.388,0.1016107301,0.063,0.016498649475,0.325,0.4570089232499999,0.31687882325,0.5505,0.0
2025-12-30 10:00:00+01:00,0.014,0.0035211484,0.937,0.2356654322,-0.923,0.444457926,0.30432782599999997,0.464,0.02375
2025-12-30 11:00:00+01:00,0.157,0.0382637574,0.849,0.2069167518,-0.692,0.43502912199999993,0.294899022,0.6699999999999999,0.01525
2025-12-30 12:00:00+01:00,0.106,0.0254204907,1.435,0.34413588825,-1.329,0.43030739949999997,0.2901772995,0.7260000000000001,0.13675
2025-12-30 13:00:00+01:00,0.011,0.0026387075,1.835,0.4401843875,-1.824,0.43038792499999995,0.29025782499999997,0.668,0.09799999999999999
2025-12-30 14:00:00+01:00,0.007,0.0017665879,1.141,0.2879538277,-1.1340000000000001,0.445497437,0.30536733699999996,0.733,0.010249999999999999
2025-12-30 15:00:00+01:00,0.05,0.0133342,0.071,0.018934564,-0.02099999999999999,0.46281774,0.32268763999999994,0.95675,0.00175
2025-12-30 16:00:00+01:00,0.46,0.1268700125,0.0,0.0,0.46,0.47385339374999996,0.33372329375,1.40225,0.0
2025-12-30 17:00:00+01:00,0.546,0.15269008755,0.0,0.0,0.546,0.47850923175000004,0.33837913175,1.2635,0.0
2025-12-30 18:00:00+01:00,0.554,0.1545401836,0.0,0.0,0.554,0.47766371399999996,0.33753361400000004,1.11775,0.0
2025-12-30 19:00:00+01:00,0.538,0.14821675385,0.0,0.0,0.538,0.47348004825,0.33334994825,0.635,0.0
2025-12-30 20:00:00+01:00,0.901,0.24277341385,0.0,0.0,0.901,0.46616320850000004,0.3260331085,0.67825,0.0
2025-12-30 21:00:00+01:00,1.091,0.28386985385,0.0,0.0,1.091,0.45496284350000005,0.3148327435,0.569,0.0
2025-12-30 22:00:00+01:00,0.819,0.212170959,0.0,0.0,0.819,0.45359390999999993,0.31346380999999995,1.202,0.0
2025-12-30 23:00:00+01:00,0.657,0.165232527075,0.0,0.0,0.657,0.44443962475,0.30430952475,0.76475,0.0
2025-12-31 00:00:00+01:00,0.605,0.153834817125,0.0,0.0,0.605,0.44779973424999997,0.30766963425000005,1.02975,0.0
2025-12-31 01:00:00+01:00,0.638,0.15933474205,0.0,0.0,0.638,0.44231667975,0.30218657975,0.5345,0.0
2025-12-31 02:00:00+01:00,0.597,0.146101138425,0.0,0.0,0.597,0.43624798524999997,0.29611788525,0.61575,0.0
2025-12-31 03:00:00+01:00,0.563,0.1353059026,0.0,0.0,0.563,0.430929642,0.29079954199999997,0.595,0.0
2025-12-31 04:00:00+01:00,1.261,0.300542610225,0.0,0.0,1.261,0.42851753724999997,0.28838743725,0.51525,0.0
2025-12-31 05:00:00+01:00,0.859,0.207272555325,0.0,0.0,0.859,0.43209726174999996,0.29196716175,1.01975,0.0
2025-12-31 06:00:00+01:00,0.728,0.179743564,0.0,0.0,0.728,0.43887970499999995,0.298749605,1.0317500000000002,0.0
2025-12-31 07:00:00+01:00,0.764,0.1916941895,0.0,0.0,0.764,0.44372953624999995,0.30359943624999997,0.849,0.0
2025-12-31 08:00:00+01:00,0.632,0.1665904284,0.0,0.0,0.632,0.4590769644999999,0.3189468645,1.036,0.0
2025-12-31 09:00:00+01:00,0.787,0.21202767685,0.0,0.0,0.787,0.4661192854999999,0.32598918549999994,0.71425,0.03475
2025-12-31 10:00:00+01:00,0.133,0.034207683125,0.284,0.0730449775,-0.15099999999999997,0.45134285625000004,0.31121275625,1.29725,0.3345
2025-12-31 11:00:00+01:00,0.212,0.0527199904,1.114,0.2770286288,-0.9020000000000001,0.44103193199999996,0.300901832,0.5125,0.34550000000000003
2025-12-31 12:00:00+01:00,0.017,0.004218649875,0.748,0.1856205945,-0.731,0.44039870875,0.30026860875,0.26625,0.7575000000000001
2025-12-31 13:00:00+01:00,0.104,0.0260753064,0.784,0.1965676944,-0.68,0.44350626099999996,0.303376161,0.39975000000000005,0.75925
2025-12-31 14:00:00+01:00,0.942,0.2369058879,0.007,0.00176044715,0.9349999999999999,0.44443596449999995,0.30430586449999997,0.55575,0.25175000000000003
2025-12-31 15:00:00+01:00,1.819,0.471622634725,0.0,0.0,1.819,0.4538537877499999,0.31372368775,0.5727500000000001,0.0235
2025-12-31 16:00:00+01:00,1.497,0.40611821085,0.0,0.0,1.497,0.46838864049999995,0.3282585405,0.71075,0.0
2025-12-31 17:00:00+01:00,0.565,0.159138337875,0.0,0.0,0.565,0.4809396377499999,0.34080953774999995,0.8475,0.0
2025-12-31 18:00:00+01:00,1.03,0.28610997525,0.0,0.0,1.03,0.47623987674999996,0.33610977675,0.8262500000000002,0.0
2025-12-31 19:00:00+01:00,0.704,0.1857522304,0.0,0.0,0.704,0.45939174599999993,0.31926164599999995,0.62425,0.0
2025-12-31 20:00:00+01:00,0.589,0.146128175875,0.0,0.0,0.589,0.44032550374999996,0.30019540375,0.75225,0.0
2025-12-31 21:00:00+01:00,0.592,0.1442614756,0.0,0.0,0.592,0.43498885925,0.29485875925,1.1230000000000002,0.0
2025-12-31 22:00:00+01:00,0.514,0.12693017975,0.0,0.0,0.514,0.43893460875,0.29880450875,1.233,0.0
2025-12-31 23:00:00+01:00,0.445,0.104807946375,0.0,0.0,0.445,0.42511350475,0.28498340475,0.61775,0.0
2026-01-01 00:00:00+01:00,0.444,0.0943138251,0.0,0.0,0.444,0.36714246525000005,0.22701236525,0.862,0.0
2026-01-01 01:00:00+01:00,0.433,0.092773594925,0.0,0.0,0.433,0.3693678972499999,0.22923779724999999,0.924,0.0
2026-01-01 02:00:00+01:00,0.447,0.090542990175,0.0,0.0,0.447,0.35521005025,0.21507995025,0.892,0.0
2026-01-01 03:00:00+01:00,0.465,0.08584069725,0.0,0.0,0.465,0.3334864665,0.1933563665,0.77775,0.0
2026-01-01 04:00:00+01:00,0.491,0.08141386385,0.0,0.0,0.491,0.3107489935,0.1706188935,1.10725,0.0
2026-01-01 05:00:00+01:00,0.494,0.0784085445,0.0,0.0,0.494,0.3021693675,0.1620392675,1.04175,0.0
2026-01-01 06:00:00+01:00,0.467,0.066734767,0.0,0.0,0.467,0.28302626,0.14289616,0.81275,0.0
2026-01-01 07:00:00+01:00,0.534,0.0821308554,0.0,0.0,0.534,0.296217801,0.156087701,0.67475,0.0
2026-01-01 08:00:00+01:00,0.662,0.1066998691,0.0,0.0,0.662,0.30514149049999995,0.1650113905,0.6885,0.0
2026-01-01 09:00:00+01:00,0.693,0.1194989103,0.0,0.0,0.693,0.318764941,0.178634841,0.669,0.01725
2026-01-01 10:00:00+01:00,0.546,0.0924428505,0.0,0.0,0.546,0.31498024249999995,0.1748501425,0.35825,0.24100000000000002
2026-01-01 11:00:00+01:00,0.512,0.0911375872,0.0,0.0,0.512,0.325499801,0.185369701,0.17149999999999999,0.8755
2026-01-01 12:00:00+01:00,1.258,0.24880412645,0.0,0.0,1.258,0.34942685525,0.20929675524999997,0.14825,1.3817499999999998
2026-01-01 13:00:00+01:00,0.694,0.1306467492,0.0,0.0,0.694,0.337900728,0.197770628,0.05925,1.62175
2026-01-01 14:00:00+01:00,0.341,0.06185642815,0.0,0.0,0.341,0.3296066015,0.1894765015,0.0855,0.7190000000000001
2026-01-01 15:00:00+01:00,0.486,0.09815456475,0.0,0.0,0.486,0.35449264124999996,0.21436254124999998,0.95125,0.0425
2026-01-01 16:00:00+01:00,0.661,0.145467443275,0.0,0.0,0.661,0.37640289774999997,0.23627279774999999,0.60225,0.0
2026-01-01 17:00:00+01:00,0.892,0.2133896589,0.0,0.0,0.892,0.39957960075,0.25944950075,2.903,0.0
2026-01-01 18:00:00+01:00,0.839,0.1929571633,0.0,0.0,0.839,0.38839753699999996,0.24826743699999998,0.7565000000000001,0.0
2026-01-01 19:00:00+01:00,0.996,0.2240512956,0.0,0.0,0.996,0.38230688099999993,0.24217678099999998,0.65325,0.0
2026-01-01 20:00:00+01:00,1.21,0.26307314825,0.0,0.0,1.21,0.37318919825,0.23305909825,0.69025,0.0
2026-01-01 21:00:00+01:00,1.359,0.2849892309,0.0,0.0,1.359,0.36385922099999995,0.223729121,0.71975,0.0
2026-01-01 22:00:00+01:00,1.366,0.2874571469,0.0,0.0,1.366,0.36474500149999994,0.2246149015,0.8452500000000001,0.0
2026-01-01 23:00:00+01:00,0.906,0.17528923335,0.0,0.0,0.906,0.34422197975,0.20409187974999998,0.442,0.0
2026-01-02 00:00:00+01:00,0.918,0.1557424638,0.0,0.0,0.918,0.315397511,0.175267411,0.42525,0.0
2026-01-02 01:00:00+01:00,0.81,0.1261731735,0.0,0.0,0.81,0.2985969635,0.1584668635,0.7394999999999999,0.0
2026-01-02 02:00:00+01:00,0.872,0.1341110276,0.0,0.0,0.872,0.2962104805,0.1560803805,0.85175,0.0
2026-01-02 03:00:00+01:00,3.087,0.451696862925,0.0,0.0,3.087,0.28716600275,0.14703590274999997,0.7132499999999999,0.0
2026-01-02 04:00:00+01:00,4.408,0.651308999,0.0,0.0,4.408,0.28890096125,0.14877086125,0.6485,0.0
2026-01-02 05:00:00+01:00,4.358,0.6732005247,0.0,0.0,4.358,0.29703037649999997,0.1569002765,1.07525,0.0
2026-01-02 06:00:00+01:00,0.71,0.1219535405,0.0,0.0,0.71,0.3179523655,0.1778222655,1.00725,0.0
2026-01-02 07:00:00+01:00,0.815,0.16351846225,0.0,0.0,0.815,0.3528857915,0.21275569149999998,0.613,0.0
2026-01-02 08:00:00+01:00,0.981,0.22455261675,0.0,0.0,0.981,0.3870871675,0.2469570675,0.73775,0.0
2026-01-02 09:00:00+01:00,0.868,0.2143726508,0.0,0.0,0.868,0.408953501,0.268823401,0.57425,0.01925
2026-01-02 10:00:00+01:00,0.971,0.215140707375,0.0,0.0,0.971,0.37821106125,0.23808096125,0.57,0.217
2026-01-02 11:00:00+01:00,0.573,0.1243279356,0.001,0.0001921722,0.572,0.37265846199999997,0.232528362,0.42125,0.5005000000000001
2026-01-02 12:00:00+01:00,0.243,0.050018178375,0.591,0.106989394875,-0.348,0.35917776124999995,0.21904766124999997,0.38325000000000004,0.9564999999999999
2026-01-02 13:00:00+01:00,0.448,0.0979240416,0.116,0.0224779522,0.332,0.3745983945,0.23446829449999998,0.6735,0.8505
2026-01-02 14:00:00+01:00,0.421,0.093816766175,0.002,0.00039607535,0.419,0.37975568675,0.23962558674999998,0.74875,0.33599999999999997
2026-01-02 15:00:00+01:00,4.777,1.113448597525,0.0,0.0,4.777,0.39214929325000003,0.25201919325,0.8662500000000001,0.00825
2026-01-02 16:00:00+01:00,1.369,0.328295611875,0.0,0.0,1.369,0.40028236874999995,0.26015226875,1.10225,0.0
2026-01-02 17:00:00+01:00,4.601,1.22587180595,0.0,0.0,4.601,0.4325035495,0.2923734495,1.29975,0.0
2026-01-02 18:00:00+01:00,8.942,2.41511907175,0.0,0.0,8.942,0.43692147124999997,0.29679137125,1.8612499999999998,0.0
2026-01-02 19:00:00+01:00,3.617,0.9462581997,0.0,0.0,3.617,0.42666911099999993,0.286539011,0.8355,0.0
2026-01-02 20:00:00+01:00,0.814,0.1997606061,0.0,0.0,0.814,0.4070574915,0.2669273915,2.6545,0.0
2026-01-02 21:00:00+01:00,0.748,0.1780858035,0.0,0.0,0.748,0.39819602625,0.25806592624999997,0.89925,0.0
2026-01-02 22:00:00+01:00,0.677,0.1623840691,0.0,0.0,0.677,0.40034459299999997,0.260214493,0.7557499999999999,0.0
2026-01-02 23:00:00+01:00,0.811,0.190342247425,0.0,0.0,0.811,0.39410386675000003,0.25397376675,1.42475,0.0
2026-01-03 00:00:00+01:00,0.801,0.1870672221,0.0,0.0,0.801,0.392701991,0.252571891,1.5290000000000001,0.0
2026-01-03 01:00:00+01:00,0.589,0.135762099825,0.0,0.0,0.589,0.38901611924999996,0.24888601924999998,0.6147499999999999,0.0
2026-01-03 02:00:00+01:00,0.596,0.1356357728,0.0,0.0,0.596,0.385483978,0.245353878,0.73075,0.0
2026-01-03 03:00:00+01:00,0.711,0.160974754875,0.0,0.0,0.711,0.38406746125,0.24393736124999998,0.86975,0.0
2026-01-03 04:00:00+01:00,0.64,0.143500192,0.0,0.0,0.64,0.38142110049999994,0.2412910005,0.676,0.0
2026-01-03 05:00:00+01:00,0.665,0.150588235875,0.0,0.0,0.665,0.38411870475,0.24398860474999998,0.591,0.0
2026-01-03 06:00:00+01:00,1.046,0.23817506295,0.0,0.0,1.046,0.38563404824999997,0.24550394825,0.61225,0.0
2026-01-03 07:00:00+01:00,0.912,0.2113075272,0.0,0.0,0.912,0.3904692384999999,0.2503391385,1.106,0.0
2026-01-03 08:00:00+01:00,2.01,0.49322988,0.0,0.0,2.01,0.40703553,0.26690543,0.67375,0.0
2026-01-03 09:00:00+01:00,1.12,0.27944224,0.0,0.0,1.12,0.41201347,0.27188337,0.72075,0.0
2026-01-03 10:00:00+01:00,0.558,0.1386954756,0.0,0.0,0.558,0.410871472,0.27074137200000004,0.66375,0.18825
2026-01-03 11:00:00+01:00,0.551,0.133887035425,0.0,0.0,0.551,0.40413295174999997,0.26400285175,0.4447500000000001,0.32299999999999995
2026-01-03 12:00:00+01:00,0.96,0.231765336,0.0,0.0,0.96,0.40223694225,0.26210684224999997,0.41825000000000007,0.5242500000000001
2026-01-03 13:00:00+01:00,0.673,0.16181958595,0.878,0.1893320517,-0.20499999999999996,0.4010546815,0.2609245815,0.403,0.76375
2026-01-03 14:00:00+01:00,0.12,0.029300271,0.067,0.014697382975,0.05299999999999999,0.40556044924999995,0.26543034925,0.46725,0.26375
2026-01-03 15:00:00+01:00,3.361,0.840070774675,0.023,0.005178258525,3.338,0.41255152675,0.27242142675000003,0.746,0.022
2026-01-03 16:00:00+01:00,0.698,0.17854632345,0.0,0.0,0.698,0.41963045025,0.27950035025,0.89625,0.0
2026-01-03 17:00:00+01:00,1.002,0.26876017245,0.0,0.0,1.002,0.43466675725000004,0.29453665725,2.51675,0.0
2026-01-03 18:00:00+01:00,0.744,0.200562219,0.0,0.0,0.744,0.43629922875,0.29616912875,1.65675,0.0
2026-01-03 19:00:00+01:00,1.052,0.2753835128,0.0,0.0,1.052,0.426859444,0.286729344,1.4357499999999999,0.0
2026-01-03 20:00:00+01:00,0.933,0.235706472375,0.0,0.0,0.933,0.41580182875,0.27567172875,4.80325,0.0
2026-01-03 21:00:00+01:00,0.802,0.1965197542,0.0,0.0,0.802,0.406610941,0.26648084099999997,3.191,0.0
2026-01-03 22:00:00+01:00,0.761,0.186498555375,0.0,0.0,0.761,0.40665120375,0.26652110375,1.98425,0.0
2026-01-03 23:00:00+01:00,0.611,0.14647579375,0.0,0.0,0.611,0.4001908625,0.2600607625,0.59325,0.0
2026-01-04 00:00:00+01:00,0.686,0.16678603095,0.0,0.0,0.686,0.40430132325,0.26417122325000003,3.6265,0.0
2026-01-04 01:00:00+01:00,0.731,0.1746376544,0.0,0.0,0.731,0.39918795399999996,0.259057854,2.4827500000000002,0.0
2026-01-04 02:00:00+01:00,1.207,0.287935311675,0.0,0.0,1.207,0.39876702524999996,0.25863692525,1.0235,0.0
2026-01-04 03:00:00+01:00,0.873,0.20688751215,0.0,0.0,0.873,0.39686735549999996,0.2567372555,0.78875,0.0
2026-01-04 04:00:00+01:00,0.664,0.1564036562,0.0,0.0,0.664,0.39512873674999993,0.25499863675,0.8575,0.0
2026-01-04 05:00:00+01:00,0.606,0.14336516205,0.0,0.0,0.606,0.39637322175,0.25624312175,0.61025,0.0
2026-01-04 06:00:00+01:00,0.62,0.146971682,0.0,0.0,0.62,0.39694788099999995,0.25681778099999997,0.5022500000000001,0.0
2026-01-04 07:00:00+01:00,0.68,0.163414251,0.0,0.0,0.68,0.40089729074999997,0.26076719075,0.49149999999999994,0.0
2026-01-04 08:00:00+01:00,1.088,0.2636152464,0.0,0.0,1.088,0.40329109425,0.26316099425,0.5874999999999999,0.0
2026-01-04 09:00:00+01:00,1.126,0.2812253686,0.0,0.0,1.126,0.41232093099999995,0.27219083099999997,0.6275000000000001,0.00125
2026-01-04 10:00:00+01:00,0.55,0.1376686575,0.03,0.0067650495,0.52,0.41298709649999993,0.2728569965,0.44225,0.154
2026-01-04 11:00:00+01:00,0.113,0.027754480875,1.521,0.335851819875,-1.408,0.40731004875,0.26717994874999995,0.4925,0.5722499999999999
2026-01-04 12:00:00+01:00,0.399,0.097355810475,1.156,0.2533888709,-0.7569999999999999,0.40535547525,0.26522537525,0.392,0.935
2026-01-04 13:00:00+01:00,1.513,0.364109312875,0.402,0.08677124775,1.1109999999999998,0.40130723875,0.26117713875,0.42875,1.10525
2026-01-04 14:00:00+01:00,1.515,0.37384344525,0.098,0.0217517223,1.4169999999999998,0.40869728349999995,0.2685671835,0.187,0.5275
2026-01-04 15:00:00+01:00,0.77,0.191026451,0.002,0.0004465626,0.768,0.41030047299999994,0.27017037299999996,0.5,0.0025
2026-01-04 16:00:00+01:00,0.749,0.191533062875,0.0,0.0,0.749,0.41953528375,0.27940518375,0.67075,0.0
2026-01-04 17:00:00+01:00,1.791,0.49959470385,0.0,0.0,1.791,0.44764234350000004,0.3075122435,1.2902500000000001,0.0
2026-01-04 18:00:00+01:00,0.929,0.2622389561,0.0,0.0,0.929,0.4516759389999999,0.311545839,0.7797499999999999,0.0
2026-01-04 19:00:00+01:00,1.004,0.281630283,0.0,0.0,1.004,0.4495310325,0.3094009325,0.662,0.0
2026-01-04 20:00:00+01:00,0.843,0.2290579368,0.0,0.0,0.843,0.438894346,0.298764246,0.6385,0.0
2026-01-04 21:00:00+01:00,0.807,0.206813904825,0.0,0.0,0.807,0.42020876974999993,0.28007866975,0.4895,0.0
2026-01-04 22:00:00+01:00,0.826,0.2076078312,0.0,0.0,0.826,0.41423890199999996,0.274108802,0.408,0.0
2026-01-04 23:00:00+01:00,0.728,0.1773387616,0.0,0.0,0.728,0.40486866199999993,0.26473856199999996,0.517,0.0
2026-01-05 00:00:00+01:00,0.751,0.185887989375,0.0,0.0,0.751,0.40961600625,0.26948590625,0.64225,0.0
2026-01-05 01:00:00+01:00,0.768,0.1867457856,0.0,0.0,0.768,0.40433792575,0.26420782574999996,1.17025,0.0
2026-01-05 02:00:00+01:00,0.806,0.19370370305,0.0,0.0,0.806,0.40091193175,0.26078183175,0.58275,0.0
2026-01-05 03:00:00+01:00,1.217,0.292191020825,0.0,0.0,1.217,0.40062643225,0.26049633224999996,2.32425,0.0
2026-01-05 04:00:00+01:00,1.407,0.33982152435,0.0,0.0,1.407,0.40235773049999995,0.2622276305,0.7110000000000001,0.0
2026-01-05 05:00:00+01:00,1.12,0.275061556,0.0,0.0,1.12,0.40728076674999997,0.26715066675,1.07675,0.0
2026-01-05 06:00:00+01:00,0.707,0.189172219775,0.0,0.0,0.707,0.43387614325,0.29374604325,0.479,0.0
2026-01-05 07:00:00+01:00,0.725,0.211787888125,0.0,0.0,0.725,0.46358273225,0.32345263225000004,0.638,0.0
2026-01-05 08:00:00+01:00,0.747,0.23797541295,0.0,0.0,0.747,0.49559161849999994,0.35546151849999996,0.85175,0.0
2026-01-05 09:00:00+01:00,0.852,0.2724309192,0.0,0.0,0.852,0.497019116,0.35688901599999995,0.89775,0.0
2026-01-05 10:00:00+01:00,1.268,0.3934047348,0.0,0.0,1.268,0.485525931,0.345395831,0.5535,0.01625
2026-01-05 11:00:00+01:00,1.483,0.44377151115,0.0,0.0,1.483,0.4721953004999999,0.3320652005,0.477,0.235
2026-01-05 12:00:00+01:00,1.408,0.4168138304,0.0,0.0,1.408,0.46831543549999993,0.32818533549999995,0.6275,0.27375
2026-01-05 13:00:00+01:00,0.767,0.2262356239,0.0,0.0,0.767,0.467019707,0.326889607,0.57625,0.01375
2026-01-05 14:00:00+01:00,0.667,0.20073041505,0.0,0.0,0.667,0.4742596815,0.33412958149999994,0.66,0.05025
2026-01-05 15:00:00+01:00,0.554,0.17370352835,0.0,0.0,0.554,0.48950462275000006,0.34937452275,0.91725,0.003
2026-01-05 16:00:00+01:00,1.025,0.3573284275,0.0,0.0,1.025,0.531937901,0.39180780099999996,0.7515000000000001,0.0
2026-01-05 17:00:00+01:00,1.758,0.70879232985,0.0,0.0,1.758,0.59796515075,0.45783505074999997,1.188,0.0
2026-01-05 18:00:00+01:00,1.457,0.57419051415,0.0,0.0,1.457,0.5869660994999999,0.44683599949999997,0.7115,0.0
2026-01-05 19:00:00+01:00,0.965,0.3443516615,0.0,0.0,0.965,0.541893781,0.401763681,0.68875,0.0
2026-01-05 20:00:00+01:00,0.804,0.2521041897,0.0,0.0,0.804,0.48952658424999995,0.34939648425000003,0.7242500000000001,0.0
2026-01-05 21:00:00+01:00,0.788,0.2299912945,0.0,0.0,0.788,0.46327527125,0.32314517125,2.4255,0.0
2026-01-05 22:00:00+01:00,0.683,0.1950044228,0.0,0.0,0.683,0.455585086,0.315454986,0.523,0.0
2026-01-05 23:00:00+01:00,0.67,0.181118487,0.0,0.0,0.67,0.437210631,0.297080531,0.464,0.0
2026-01-06 00:00:00+01:00,0.643,0.16868079415,0.0,0.0,0.643,0.4275402505,0.28741015049999996,0.48549999999999993,0.0
2026-01-06 01:00:00+01:00,0.728,0.1908955048,0.0,0.0,0.728,0.427401161,0.287271061,0.9510000000000001,0.0
2026-01-06 02:00:00+01:00,0.812,0.2099203106,0.0,0.0,0.812,0.42292833550000003,0.2827982355,1.2445000000000002,0.0
2026-01-06 03:00:00+01:00,0.763,0.195907097925,0.0,0.0,0.763,0.42079440975,0.28066430975,0.54725,0.0
2026-01-06 04:00:00+01:00,0.908,0.2357355275,0.0,0.0,0.908,0.42425700624999996,0.28412690625,0.4295,0.0
2026-01-06 05:00:00+01:00,0.922,0.2444434982,0.0,0.0,0.922,0.43091500099999996,0.290784901,0.42400000000000004,0.0
2026-01-06 06:00:00+01:00,0.695,0.196275627625,0.0,0.0,0.695,0.45183332975,0.31170322975,0.433,0.0
2026-01-06 07:00:00+01:00,1.165,0.353268862375,0.0,0.0,1.165,0.47703049075000004,0.33690039075,0.5102500000000001,0.0
2026-01-06 08:00:00+01:00,1.251,0.41823050445,0.0,0.0,1.251,0.5146395595,0.3745094595,0.8254999999999999,0.0
2026-01-06 09:00:00+01:00,1.447,0.4918719091,0.0,0.0,1.447,0.5214256629999999,0.381295563,0.47100000000000003,0.01575
2026-01-06 10:00:00+01:00,0.587,0.189608352175,0.0,0.0,0.587,0.50096120525,0.36083110524999995,0.28049999999999997,0.258
2026-01-06 11:00:00+01:00,0.105,0.03295359375,0.426,0.1231305075,-0.321,0.48986698749999996,0.3497368875,0.5994999999999999,0.2275
2026-01-06 12:00:00+01:00,0.113,0.0336287435,1.282,0.349722549,-1.169,0.470211445,0.33008134499999997,0.6975,0.49225
2026-01-06 13:00:00+01:00,0.003,0.00086334105,2.376,0.6248294316,-2.3729999999999998,0.4583302735,0.31820017349999996,0.5792499999999999,0.5559999999999999
2026-01-06 14:00:00+01:00,0.183,0.0525741249,0.29,0.076120737,-0.10699999999999998,0.457737313,0.31760721299999994,0.47874999999999995,0.2955
2026-01-06 15:00:00+01:00,0.309,0.091942355175,0.178,0.04854826735,0.131,0.47014922075000004,0.33001912075,0.61825,0.0195
2026-01-06 16:00:00+01:00,0.398,0.12380338245,0.001,0.000286258775,0.397,0.48650321775000005,0.34637311775,1.19625,0.0
2026-01-06 17:00:00+01:00,0.867,0.278111079675,0.0,0.0,0.867,0.49825262024999994,0.35812252024999996,1.0825,0.0
2026-01-06 18:00:00+01:00,1.05,0.33080961375,0.0,0.0,1.05,0.4913347477499999,0.35120464775,1.1027500000000001,0.0
2026-01-06 19:00:00+01:00,1.094,0.33255989085,0.0,0.0,1.094,0.4779382327499999,0.33780813275,0.625,0.0
2026-01-06 20:00:00+01:00,3.43,0.96995623725,0.0,0.0,3.43,0.45228720074999995,0.31215710074999997,0.67125,0.0
2026-01-06 21:00:00+01:00,0.891,0.2144576412,0.0,0.0,0.891,0.401354822,0.261224722,0.67125,0.0
2026-01-06 22:00:00+01:00,4.867,1.173691651,0.0,0.0,4.867,0.40191118,0.26178108,1.20625,0.0
2026-01-06 23:00:00+01:00,3.096,0.7095133386,0.0,0.0,3.096,0.38741292974999997,0.24728282975,0.5125,0.0
2026-01-07 00:00:00+01:00,2.75,0.66644001875,0.0,0.0,2.75,0.40334965825,0.26321955825,0.47475000000000006,0.0
2026-01-07 01:00:00+01:00,0.911,0.214840219,0.0,0.0,0.911,0.39546913999999994,0.25533903999999996,0.49449999999999994,0.0
2026-01-07 02:00:00+01:00,1.268,0.2941176403,0.0,0.0,1.268,0.39078035975000003,0.25065025975,0.62325,0.0
2026-01-07 03:00:00+01:00,1.026,0.23727714615,0.0,0.0,1.026,0.38994582275,0.24981572275,0.5805,0.0
2026-01-07 04:00:00+01:00,0.688,0.157952674,0.0,0.0,0.688,0.38791072375,0.24778062375,0.7072499999999999,0.0
2026-01-07 05:00:00+01:00,0.676,0.1559727026,0.0,0.0,0.676,0.3892979585,0.24916785849999998,0.58125,0.0
2026-01-07 06:00:00+01:00,0.673,0.164211680325,0.0,0.0,0.673,0.40535547525,0.26522537525,0.7035,0.0
2026-01-07 07:00:00+01:00,0.749,0.187210059575,0.0,0.0,0.749,0.41255152675,0.27242142675000003,0.88225,0.0
2026-01-07 08:00:00+01:00,0.853,0.2238483544,0.0,0.0,0.853,0.427650058,0.28751995799999996,0.9597499999999999,0.0
2026-01-07 09:00:00+01:00,1.029,0.278081513325,0.0,0.0,1.029,0.43711180425,0.29698170425,0.67875,0.03475
2026-01-07 10:00:00+01:00,1.467,0.390173699025,0.0,0.0,1.467,0.43193621075,0.29180611075,0.39925,0.4055
2026-01-07 11:00:00+01:00,1.22,0.3118952265,0.0,0.0,1.22,0.41945475825,0.27932465825,0.444,0.6180000000000001
2026-01-07 12:00:00+01:00,1.173,0.294493233375,0.0,0.0,1.173,0.41389849874999995,0.27376839875,0.25925,0.8965000000000001
2026-01-07 13:00:00+01:00,0.759,0.187073747025,0.0,0.0,0.759,0.40834955975,0.26821945975,0.358,0.9537500000000001
2026-01-07 14:00:00+01:00,0.725,0.18084070125,0.0,0.0,0.725,0.4119329445,0.27180284450000003,0.725,0.2535
2026-01-07 15:00:00+01:00,1.314,0.3378701997,0.0,0.0,1.314,0.4212446205,0.2811145205,0.9842500000000001,0.0
2026-01-07 16:00:00+01:00,2.85,0.77191224,0.0,0.0,2.85,0.43784019399999996,0.297710094,0.9495,0.0
2026-01-07 17:00:00+01:00,5.286,1.5118047219,0.0,0.0,5.286,0.4561780465,0.31604794649999995,0.8507499999999999,0.0
2026-01-07 18:00:00+01:00,3.652,0.9879158498,0.0,0.0,3.652,0.4374375665,0.2973074665,0.8102499999999999,0.0
2026-01-07 19:00:00+01:00,3.522,0.8905081152,0.0,0.0,3.522,0.416054386,0.275924286,0.64525,0.0
2026-01-07 20:00:00+01:00,7.988,1.9594827604,0.0,0.0,7.988,0.406933043,0.266802943,0.71075,0.0
2026-01-07 21:00:00+01:00,1.212,0.3004312872,0.0,0.0,1.212,0.410051576,0.269921476,0.6715,0.0
2026-01-07 22:00:00+01:00,0.819,0.2012601591,0.0,0.0,0.819,0.40746011899999995,0.267330019,0.56975,0.0
2026-01-07 23:00:00+01:00,0.857,0.206810704375,0.0,0.0,0.857,0.40211249375,0.26198239375,0.53925,0.0
2026-01-08 00:00:00+01:00,0.812,0.1921956498,0.0,0.0,0.812,0.3965159715,0.2563858715,0.7925,0.0
2026-01-08 01:00:00+01:00,0.752,0.1769703408,0.0,0.0,0.752,0.39486885899999996,0.254738759,0.8525,0.0
2026-01-08 02:00:00+01:00,0.78,0.1855817535,0.0,0.0,0.78,0.39800569324999996,0.25787559325,0.81725,0.0
2026-01-08 03:00:00+01:00,0.793,0.186707746225,0.0,0.0,0.793,0.39500428824999995,0.25487418825,0.724,0.0
2026-01-08 04:00:00+01:00,0.804,0.1918124307,0.0,0.0,0.804,0.39878898675,0.25865888675,0.89325,0.0
2026-01-08 05:00:00+01:00,0.821,0.197954327175,0.0,0.0,0.821,0.40186359675000005,0.26173349675,0.8,0.0
2026-01-08 06:00:00+01:00,0.806,0.203634288,0.0,0.0,0.806,0.41582012999999995,0.27569003,0.8005,0.0
2026-01-08 07:00:00+01:00,0.723,0.207159744,0.0,0.0,0.723,0.45681493,0.31668483,0.66675,0.0
2026-01-08 08:00:00+01:00,1.039,0.35191891075,0.0,0.0,1.039,0.5199542425,0.37982414249999996,0.715,0.0
2026-01-08 09:00:00+01:00,0.764,0.2810413155,0.0,0.0,0.764,0.5552207512499999,0.41509065124999994,0.68725,0.01725
2026-01-08 10:00:00+01:00,0.574,0.2206970304,0.0,0.0,0.574,0.575348466,0.435218366,0.46499999999999997,0.20125
2026-01-08 11:00:00+01:00,0.417,0.1614169887,0.0,0.0,0.417,0.5784962810000001,0.43836618099999997,0.27475,0.497
2026-01-08 12:00:00+01:00,0.39,0.1540965855,0.0,0.0,0.39,0.5882105845000001,0.4480804845,0.448,0.80475
2026-01-08 13:00:00+01:00,0.484,0.1974251004,0.0,0.0,0.484,0.6036788009999999,0.463548701,0.23274999999999998,0.9097500000000001
2026-01-08 14:00:00+01:00,0.763,0.333394509525,0.0,0.0,0.763,0.6388281817499999,0.49869808174999997,0.1525,0.5015000000000001
2026-01-08 15:00:00+01:00,0.541,0.23530938365,0.0,0.0,0.541,0.6364087565,0.49627865649999997,0.27049999999999996,0.017750000000000002
2026-01-08 16:00:00+01:00,0.817,0.3562509709,0.0,0.0,0.817,0.6377337670000001,0.497603667,0.69575,0.0
2026-01-08 17:00:00+01:00,1.247,0.5086551657,0.0,0.0,1.247,0.6036788009999999,0.463548701,2.75125,0.0
2026-01-08 18:00:00+01:00,1.001,0.37090278225,0.0,0.0,1.001,0.5584600725,0.4183299725,0.87475,0.0
2026-01-08 19:00:00+01:00,0.817,0.24499236025,0.0,0.0,0.817,0.4729566324999999,0.3328265325,0.8165,0.0
2026-01-08 20:00:00+01:00,1.18,0.301629889,0.0,0.0,1.18,0.4194144955,0.2792843955,0.892,0.0
2026-01-08 21:00:00+01:00,0.885,0.217818921375,0.0,0.0,0.885,0.40792497074999995,0.26779487074999997,0.855,0.0
2026-01-08 22:00:00+01:00,0.717,0.173928264675,0.0,0.0,0.717,0.40363515775,0.26350505775,0.84825,0.0
2026-01-08 23:00:00+01:00,0.596,0.137290835,0.0,0.0,0.596,0.38884408750000005,0.24871398749999998,0.6235,0.0
2026-01-09 00:00:00+01:00,0.617,0.142585537875,0.0,0.0,0.617,0.38974084875000004,0.24961074875,0.6095,0.0
2026-01-09 01:00:00+01:00,0.663,0.146629593825,0.0,0.0,0.663,0.37772058774999995,0.23759048775,0.7605,0.0
2026-01-09 02:00:00+01:00,0.63,0.1266675795,0.0,0.0,0.63,0.3533982265,0.21326812650000002,0.816,0.0
2026-01-09 03:00:00+01:00,2.436,0.4677409275,0.0,0.0,2.436,0.34245041875,0.20232031875,1.2750000000000001,0.0
2026-01-09 04:00:00+01:00,2.532,0.4900573326,0.0,0.0,2.532,0.3443061654999999,0.20417606549999998,1.5405,0.0
2026-01-09 05:00:00+01:00,0.676,0.1388671141,0.0,0.0,0.676,0.35867996724999995,0.21854986725,1.4954999999999998,0.0
2026-01-09 06:00:00+01:00,0.569,0.1306960567,0.0,0.0,0.569,0.388046153,0.247916053,0.995,0.0
2026-01-09 07:00:00+01:00,0.702,0.170988246,0.0,0.0,0.702,0.40483937999999997,0.26470928,0.66925,0.0
2026-01-09 08:00:00+01:00,0.756,0.1872788148,0.0,0.0,0.756,0.409861243,0.269731143,0.7595,0.0
2026-01-09 09:00:00+01:00,0.964,0.2384086716,0.0,0.0,0.964,0.40936344900000005,0.269233349,0.63675,0.01925
2026-01-09 10:00:00+01:00,1.075,0.279879125625,0.0,0.0,1.075,0.42514278675000006,0.28501268675,0.68575,0.217
2026-01-09 11:00:00+01:00,0.351,0.091532437425,0.003,0.000707913525,0.348,0.42565522175,0.28552512175,0.3215,0.50075
2026-01-09 12:00:00+01:00,0.178,0.04473496445,0.005,0.001132575125,0.173,0.41421328025,0.27408318025,0.176,1.10425
2026-01-09 13:00:00+01:00,0.362,0.0901751774,0.0,0.0,0.362,0.411530317,0.271400217,0.33575,0.8795
2026-01-09 14:00:00+01:00,1.321,0.329508225475,0.0,0.0,1.321,0.41193660475,0.27180650475,0.51725,0.3365
2026-01-09 15:00:00+01:00,1.218,0.2992805046,0.0,0.0,1.218,0.40743083699999993,0.26730073699999995,1.84075,0.00825
2026-01-09 16:00:00+01:00,1.395,0.34381009575,0.0,0.0,1.395,0.4083312585,0.2682011585,1.181,0.0
2026-01-09 17:00:00+01:00,2.145,0.5349481995,0.0,0.0,2.145,0.41188170100000004,0.271751601,2.12125,0.0
2026-01-09 18:00:00+01:00,1.539,0.379863482625,0.0,0.0,1.539,0.40877414875,0.26864404875,3.93475,0.0
2026-01-09 19:00:00+01:00,8.593,2.075684907725,0.0,0.0,8.593,0.40239799325,0.26226789325,1.49075,0.0
2026-01-09 20:00:00+01:00,4.96,1.184175696,0.0,0.0,4.96,0.39899762099999997,0.258867521,2.54325,0.0
2026-01-09 21:00:00+01:00,1.123,0.2686542793,0.0,0.0,1.123,0.39958326099999997,0.259453161,0.90575,0.0
2026-01-09 22:00:00+01:00,0.817,0.1948570327,0.0,0.0,0.817,0.39870480099999994,0.258574701,0.7320000000000001,0.0
2026-01-09 23:00:00+01:00,4.104,0.945185571,0.0,0.0,4.104,0.38878918375,0.24865908374999998,1.46825,0.0
2026-01-10 00:00:00+01:00,1.291,0.29254415025,0.0,0.0,1.291,0.38430537749999993,0.24417527749999998,1.59,0.0
2026-01-10 01:00:00+01:00,1.277,0.2811436815,0.0,0.0,1.277,0.37650904499999993,0.23637894499999998,0.6425,0.0
2026-01-10 02:00:00+01:00,3.083,0.665312864425,0.0,0.0,3.083,0.37123462474999996,0.23110452474999998,0.7494999999999999,0.0
2026-01-10 03:00:00+01:00,1.448,0.3130003316,0.0,0.0,1.448,0.3716701945,0.23154009450000002,0.91475,0.0
2026-01-10 04:00:00+01:00,1.179,0.254821072275,0.0,0.0,1.179,0.37163725225,0.23150715225,0.72425,0.0
2026-01-10 05:00:00+01:00,0.885,0.193917549375,0.0,0.0,0.885,0.37524625874999995,0.23511615875,0.62225,0.0
2026-01-10 06:00:00+01:00,0.873,0.1940900742,0.0,0.0,0.873,0.379129784,0.23899968400000002,0.73375,0.0
2026-01-10 07:00:00+01:00,1.077,0.2477456487,0.0,0.0,1.077,0.388456101,0.248326001,1.197,0.0
2026-01-10 08:00:00+01:00,1.199,0.287492173375,0.0,0.0,1.199,0.40024576624999997,0.26011566625,1.0485,0.0
2026-01-10 09:00:00+01:00,2.597,0.638537439925,0.0,0.0,2.597,0.40762483025,0.26749473025,0.8635,0.0
2026-01-10 10:00:00+01:00,1.107,0.27487933605,0.0,0.0,1.107,0.4105713315,0.2704412315,0.45825,0.18825
2026-01-10 11:00:00+01:00,0.837,0.2097649224,0.0,0.0,0.837,0.413360442,0.27323034199999996,0.4940000000000001,0.32299999999999995
2026-01-10 12:00:00+01:00,0.92,0.231659703,0.0,0.0,0.92,0.41479892025,0.27466882025,0.6005,0.5205000000000001
2026-01-10 13:00:00+01:00,0.575,0.146427545,0.0,0.0,0.575,0.418250536,0.27812043599999997,0.32275,0.9832500000000001
2026-01-10 14:00:00+01:00,0.155,0.040600355125,0.253,0.059994592075,-0.098,0.42706075774999996,0.28693065775,0.342,0.2805
2026-01-10 15:00:00+01:00,0.258,0.06962004225,0.061,0.014947447625,0.197,0.43662865125,0.29649855124999996,1.4447500000000002,0.027749999999999997
2026-01-10 16:00:00+01:00,1.04,0.29298698,0.0,0.0,1.04,0.45099513249999995,0.31086503249999997,0.941,0.0
2026-01-10 17:00:00+01:00,2.759,0.81712102835,0.0,0.0,2.759,0.4684764864999999,0.3283463865,2.6207499999999997,0.0
2026-01-10 18:00:00+01:00,1.39,0.413848314,0.0,0.0,1.39,0.47037249600000003,0.330242396,1.5872499999999998,0.0
2026-01-10 19:00:00+01:00,1.444,0.4195341645,0.0,0.0,1.444,0.46166476125000006,0.32153466125,1.43275,0.0
2026-01-10 20:00:00+01:00,1.284,0.359356932,0.0,0.0,1.284,0.44876238,0.30863228000000004,4.6245,0.0
2026-01-10 21:00:00+01:00,1.28,0.345874144,0.0,0.0,1.28,0.43707520175,0.29694510175,3.13725,0.0
2026-01-10 22:00:00+01:00,1.032,0.273017019,0.0,0.0,1.032,0.43022321375000006,0.29009311375,2.048,0.0
2026-01-10 23:00:00+01:00,0.883,0.224698842225,0.0,0.0,0.883,0.41802726075,0.27789716075,0.6094999999999999,0.0
2026-01-11 00:00:00+01:00,0.971,0.245570876375,0.0,0.0,0.971,0.41613125124999994,0.27600115124999997,1.70325,0.0
2026-01-11 01:00:00+01:00,0.954,0.23647520655,0.0,0.0,0.954,0.41004791574999994,0.26991781575,0.59775,0.0
2026-01-11 02:00:00+01:00,0.987,0.23902716915,0.0,0.0,0.987,0.4031483444999999,0.2630182445,0.80025,0.0
2026-01-11 03:00:00+01:00,0.998,0.2378570326,0.0,0.0,0.998,0.398499827,0.258369727,0.8585,0.0
2026-01-11 04:00:00+01:00,0.987,0.2326318533,0.0,0.0,0.987,0.3953080889999999,0.255177989,0.9175,0.0
2026-01-11 05:00:00+01:00,0.993,0.23353537845,0.0,0.0,0.993,0.3946858465,0.2545557465,0.6557499999999999,0.0
2026-01-11 06:00:00+01:00,1.06,0.2484556525,0.0,0.0,1.06,0.39373052125,0.25360042125,0.55375,0.0
2026-01-11 07:00:00+01:00,1.078,0.2561411006,0.0,0.0,1.078,0.39762136699999995,0.257491267,0.5525,0.0
2026-01-11 08:00:00+01:00,1.045,0.2578845775,0.0,0.0,1.045,0.40871924499999995,0.268589145,0.709,0.0
2026-01-11 09:00:00+01:00,0.707,0.182200139275,0.0,0.0,0.707,0.42194372825000004,0.28181362825,0.77225,0.0
2026-01-11 10:00:00+01:00,1.126,0.28667861475,0.0,0.0,1.126,0.41818099124999997,0.27805089125,0.4285,0.1615
2026-01-11 11:00:00+01:00,1.427,0.36222946595,0.0,0.0,1.427,0.4172622685,0.2771321685,0.2675,0.9524999999999999
2026-01-11 12:00:00+01:00,0.999,0.25200249525,0.0,0.0,0.999,0.41534429749999996,0.2752141975,0.20124999999999998,1.224
2026-01-11 13:00:00+01:00,1.065,0.266115889875,0.0,0.0,1.065,0.41246368075,0.27233358075,0.475,1.20575
2026-01-11 14:00:00+01:00,1.007,0.25311886545,0.0,0.0,1.007,0.41426086349999997,0.2741307635,0.46375,0.552
2026-01-11 15:00:00+01:00,0.724,0.1839552594,0.0,0.0,0.724,0.4175550885,0.27742498849999997,0.592,0.003
2026-01-11 16:00:00+01:00,0.978,0.2601128409,0.0,0.0,0.978,0.4319325505,0.29180245050000003,0.753,0.0
2026-01-11 17:00:00+01:00,1.837,0.499284154325,0.0,0.0,1.837,0.43898585225000003,0.29885575225,1.6327500000000001,0.0
2026-01-11 18:00:00+01:00,0.983,0.250544508775,0.0,0.0,0.983,0.41851773425,0.27838763425,0.9077500000000001,0.0
2026-01-11 19:00:00+01:00,0.919,0.22611760655,0.0,0.0,0.919,0.40783346449999996,0.2677033645,0.80825,0.0
2026-01-11 20:00:00+01:00,0.999,0.2443448106,0.0,0.0,0.999,0.40606922399999995,0.26593912399999997,0.71,0.0
2026-01-11 21:00:00+01:00,0.972,0.2358238212,0.0,0.0,0.972,0.403682741,0.263552641,0.613,0.0
2026-01-11 22:00:00+01:00,1.116,0.2745146844,0.0,0.0,1.116,0.407752939,0.267622839,0.5765,0.0
2026-01-11 23:00:00+01:00,1.246,0.28812513345,0.0,0.0,1.246,0.38991654075,0.24978644074999998,0.6619999999999999,0.0
2026-01-12 00:00:00+01:00,1.035,0.237116818125,0.0,0.0,1.035,0.38732508374999997,0.24719498374999999,0.791,0.0
2026-01-12 01:00:00+01:00,1.034,0.2378104355,0.0,0.0,1.034,0.38840485750000003,0.2482747575,0.71425,0.0
2026-01-12 02:00:00+01:00,0.779,0.17889886905,0.0,0.0,0.779,0.3879949095,0.2478648095,0.7455,0.0
2026-01-12 03:00:00+01:00,0.884,0.1959740926,0.0,0.0,0.884,0.3783611315,0.2382310315,0.8605,0.0
2026-01-12 04:00:00+01:00,0.882,0.19747038465,0.0,0.0,0.882,0.38102213325,0.24089203325,0.831,0.0
2026-01-12 05:00:00+01:00,0.927,0.20973546495,0.0,0.0,0.927,0.3838807885,0.2437506885,0.6719999999999999,0.0
2026-01-12 06:00:00+01:00,0.584,0.1365034154,0.0,0.0,0.584,0.39293990724999994,0.25280980724999996,0.57625,0.0
2026-01-12 07:00:00+01:00,0.614,0.14822953145,0.0,0.0,0.614,0.40222962175,0.26209952174999995,0.5867500000000001,0.0
2026-01-12 08:00:00+01:00,0.812,0.2065453544,0.0,0.0,0.812,0.417899152,0.27776905199999996,0.71,0.0
2026-01-12 09:00:00+01:00,0.836,0.2053163332,0.0,0.0,0.836,0.407284427,0.267154327,0.79775,0.0
2026-01-12 10:00:00+01:00,0.726,0.1806465144,0.0,0.0,0.726,0.411193574,0.271063474,0.66,0.007
2026-01-12 11:00:00+01:00,0.473,0.11852668135,0.0,0.0,0.473,0.4133238395,0.2731937395,0.71775,0.235
2026-01-12 12:00:00+01:00,0.547,0.13536896175,0.0,0.0,0.547,0.40956110249999994,0.26943100249999996,0.8599999999999999,0.27375
2026-01-12 13:00:00+01:00,0.428,0.1056980133,0.0,0.0,0.428,0.40893519975,0.26880509975,0.65625,0.01375
2026-01-12 14:00:00+01:00,0.598,0.1491153664,0.0,0.0,0.598,0.411837778,0.271707678,0.6917500000000001,0.05025
2026-01-12 15:00:00+01:00,0.713,0.172237574025,0.0,0.0,0.713,0.40241263425,0.26228253425,0.919,0.003
2026-01-12 16:00:00+01:00,1.379,0.3405759049,0.0,0.0,1.379,0.408953501,0.268823401,0.87225,0.0
2026-01-12 17:00:00+01:00,1.046,0.27219600375,0.0,0.0,1.046,0.42498905625,0.28485895624999996,1.4307500000000002,0.0
2026-01-12 18:00:00+01:00,1.777,0.479568541375,0.0,0.0,1.777,0.43666525375000004,0.29653515375,0.8202499999999999,0.0
2026-01-12 19:00:00+01:00,1.346,0.3482400812,0.0,0.0,1.346,0.423169912,0.283039812,0.7757499999999999,0.0
2026-01-12 20:00:00+01:00,0.817,0.203435348875,0.0,0.0,0.817,0.4114095287499999,0.27127942875,0.80775,0.0
2026-01-12 21:00:00+01:00,0.707,0.17422929755,0.0,0.0,0.707,0.40830197649999994,0.2681718765,2.5577499999999995,0.0
2026-01-12 22:00:00+01:00,0.608,0.1486864456,0.0,0.0,0.608,0.40602164075,0.26589154075,0.63225,0.0
2026-01-12 23:00:00+01:00,0.442,0.10519775695,0.0,0.0,0.442,0.39810085975000004,0.25797075975,0.58875,0.0
2026-01-13 00:00:00+01:00,0.503,0.1163761423,0.0,0.0,0.503,0.39006661099999995,0.249936511,0.5855,0.0
2026-01-13 01:00:00+01:00,0.634,0.14759198245,0.0,0.0,0.634,0.39179790924999996,0.25166780925,0.709,0.0
2026-01-13 02:00:00+01:00,0.66,0.153818346,0.0,0.0,0.66,0.392116351,0.251986251,1.2445000000000002,0.0
2026-01-13 03:00:00+01:00,0.849,0.196892969625,0.0,0.0,0.849,0.39072911624999995,0.25059901625,0.6955,0.0
2026-01-13 04:00:00+01:00,0.619,0.144751679875,0.0,0.0,0.619,0.39307167625,0.25294157625,0.6174999999999999,0.0
2026-01-13 05:00:00+01:00,0.423,0.09961491375,0.0,0.0,0.423,0.39506651249999997,0.2549364125,0.6182500000000001,0.0
2026-01-13 06:00:00+01:00,0.42,0.102712302,0.0,0.0,0.42,0.40602530099999995,0.26589520099999997,0.56575,0.0
2026-01-13 07:00:00+01:00,0.862,0.2203066844,0.0,0.0,0.862,0.419363252,0.279233152,0.7505000000000001,0.0
2026-01-13 08:00:00+01:00,1.486,0.41560808355,0.0,0.0,1.486,0.44853178424999995,0.30840168425,1.06125,0.0
2026-01-13 09:00:00+01:00,1.399,0.410488879075,0.0,0.0,1.399,0.46514931925,0.32501921925,0.7797499999999999,0.01575
2026-01-13 10:00:00+01:00,0.575,0.167381795625,0.0,0.0,0.575,0.46234556775,0.32221546775,0.40499999999999997,0.23425
2026-01-13 11:00:00+01:00,0.69,0.194732076,0.0,0.0,0.69,0.45160273400000006,0.311472634,0.45175,0.32399999999999995
2026-01-13 12:00:00+01:00,0.44,0.12029578,0.0,0.0,0.44,0.44092944500000003,0.300799345,0.643,0.80925
2026-01-13 13:00:00+01:00,0.558,0.15045204735,0.0,0.0,0.558,0.43636511324999994,0.29623501325,0.45225,1.139
2026-01-13 14:00:00+01:00,0.383,0.101012678525,0.0,0.0,0.383,0.42924226675,0.28911216674999995,0.44449999999999995,0.36525
2026-01-13 15:00:00+01:00,0.387,0.100180513125,0.0,0.0,0.387,0.42334194374999995,0.28321184374999997,0.43075,0.064
2026-01-13 16:00:00+01:00,0.738,0.1970003178,0.0,0.0,0.738,0.4331111509999999,0.292981051,0.9325000000000001,0.00025
2026-01-13 17:00:00+01:00,1.058,0.2813451586,0.0,0.0,1.058,0.431881307,0.29175120699999996,0.9457500000000001,0.0
2026-01-13 18:00:00+01:00,0.823,0.209131768725,0.0,0.0,0.823,0.41758803075,0.27745793074999997,0.91425,0.0
2026-01-13 19:00:00+01:00,0.714,0.17486361585,0.0,0.0,0.714,0.40645355025,0.26632345025,0.80425,0.0
2026-01-13 20:00:00+01:00,0.495,0.119647749375,0.0,0.0,0.495,0.40258832625,0.26245822625,1.3970000000000002,0.0
2026-01-13 21:00:00+01:00,0.432,0.1051987068,0.0,0.0,0.432,0.40476983524999993,0.26463973524999995,0.81325,0.0
2026-01-13 22:00:00+01:00,0.422,0.1028414211,0.0,0.0,0.422,0.4049931105,0.2648630105,2.35375,0.0
2026-01-13 23:00:00+01:00,0.408,0.0960281652,0.0,0.0,0.408,0.39490546149999994,0.2547753615,1.2297500000000001,0.0
2026-01-14 00:00:00+01:00,0.411,0.098304510975,0.0,0.0,0.411,0.39952835724999997,0.25939825725,1.115,0.0
2026-01-14 01:00:00+01:00,1.209,0.28731891045,0.0,0.0,1.209,0.39767261049999997,0.2575425105,0.67775,0.0
2026-01-14 02:00:00+01:00,0.814,0.19501073295,0.0,0.0,0.814,0.39999686925,0.25986676924999996,0.8960000000000001,0.0
2026-01-14 03:00:00+01:00,0.416,0.0998062208,0.0,0.0,0.416,0.400417798,0.260287698,0.79225,0.0
2026-01-14 04:00:00+01:00,0.481,0.11625940755,0.0,0.0,0.481,0.40257734549999996,0.2624472455,0.8374999999999999,0.0
2026-01-14 05:00:00+01:00,0.564,0.1376925066,0.0,0.0,0.564,0.4055201865,0.26539008649999996,0.70825,0.0
2026-01-14 06:00:00+01:00,0.563,0.13987354975,0.0,0.0,0.563,0.4107323825,0.2706022825,0.67275,0.0
2026-01-14 07:00:00+01:00,0.569,0.1492370924,0.0,0.0,0.569,0.427474366,0.287344266,0.8134999999999999,0.0
2026-01-14 08:00:00+01:00,0.739,0.2145877162,0.0,0.0,0.739,0.4614707679999999,0.321340668,0.8589999999999999,0.0
2026-01-14 09:00:00+01:00,0.302,0.08857872155,0.112,0.0300722268,0.19,0.4650175502499999,0.32488745025,0.6925,0.03475
2026-01-14 10:00:00+01:00,0.025,0.0068664475,1.173,0.2930774517,-1.1480000000000001,0.442452109,0.302322009,0.5405,0.4025
2026-01-14 11:00:00+01:00,0.006,0.0015640944,2.192,0.5170432608,-2.1860000000000004,0.425541754,0.28541165399999996,0.58675,0.6180000000000001
2026-01-14 12:00:00+01:00,0.014,0.00355922105,2.525,0.579298314375,-2.511,0.41773444075,0.27760434075,0.339,0.8965000000000001
2026-01-14 13:00:00+01:00,0.002,0.00051398985,3.03,0.70353547275,-3.028,0.42107990925,0.28094980924999996,0.30075,0.9447500000000001
2026-01-14 14:00:00+01:00,0.002,0.0005477065,1.983,0.49386267975,-1.981,0.4414784825,0.3013483825,0.756,0.22
2026-01-14 15:00:00+01:00,0.017,0.0051515508,0.587,0.1633194838,-0.57,0.476785254,0.336655154,1.1237499999999998,0.0
2026-01-14 16:00:00+01:00,0.234,0.07360578225,0.18,0.0521549325,0.05400000000000002,0.49072714624999997,0.35059704625,1.50025,0.0
2026-01-14 17:00:00+01:00,0.517,0.19099590455,0.0,0.0,0.517,0.5571277415,0.4169976415,1.9679999999999997,0.0
2026-01-14 18:00:00+01:00,0.554,0.19645486795,0.0,0.0,0.554,0.53919617675,0.39906607675,1.5735000000000001,0.0
2026-01-14 19:00:00+01:00,1.003,0.3278985534,0.0,0.0,1.003,0.505686588,0.365556488,1.37575,0.0
2026-01-14 20:00:00+01:00,0.871,0.254730047,0.0,0.0,0.871,0.46398902,0.32385892,2.4890000000000003,0.0
2026-01-14 21:00:00+01:00,1.156,0.2964112316,0.0,0.0,1.156,0.420373481,0.280243381,0.75525,0.0
2026-01-14 22:00:00+01:00,0.948,0.2345979339,0.0,0.0,0.948,0.40955012175,0.26942002174999996,0.5927500000000001,0.0
2026-01-14 23:00:00+01:00,0.416,0.1027408096,0.0,0.0,0.416,0.408953501,0.268823401,0.61125,0.0
2026-01-15 00:00:00+01:00,0.508,0.1291150707,0.0,0.0,0.508,0.41765391525,0.27752381525,0.74475,0.0
2026-01-15 01:00:00+01:00,0.441,0.10943540685,0.0,0.0,0.441,0.4103809985,0.2702508985,0.7130000000000001,0.0
2026-01-15 02:00:00+01:00,0.442,0.10698672985,0.0,0.0,0.442,0.40299827424999995,0.26286817425,0.7060000000000001,0.0
2026-01-15 03:00:00+01:00,0.436,0.102821444,0.0,0.0,0.436,0.39546913999999994,0.25533903999999996,0.7825,0.0
2026-01-15 04:00:00+01:00,0.428,0.099743688,0.0,0.0,0.428,0.39210170999999994,0.25197161,0.9542499999999999,0.0
2026-01-15 05:00:00+01:00,0.423,0.09893417985,0.0,0.0,0.423,0.3931192595,0.2529891595,0.843,0.0
2026-01-15 06:00:00+01:00,0.435,0.106292434875,0.0,0.0,0.435,0.40578006424999996,0.26564996425,0.6807500000000001,0.0
2026-01-15 07:00:00+01:00,0.597,0.150724306425,0.0,0.0,0.597,0.41560417525,0.27547407525,0.6809999999999999,0.0
2026-01-15 08:00:00+01:00,0.586,0.14756070395,0.0,0.0,0.586,0.41480624074999994,0.27467614075,0.8485,0.0
2026-01-15 09:00:00+01:00,0.545,0.140695306125,0.0,0.0,0.545,0.42248544525,0.28235534525,0.7765,0.01725
2026-01-15 10:00:00+01:00,0.544,0.1383571112,0.0,0.0,0.544,0.41785888925,0.27772878925,0.457,0.201
2026-01-15 11:00:00+01:00,0.606,0.15236226225,0.0,0.0,0.606,0.41433772874999997,0.27420762875,0.3175,0.49125
2026-01-15 12:00:00+01:00,0.594,0.14821317225,0.0,0.0,0.594,0.41203177125,0.27190167125000003,0.52275,0.7905
2026-01-15 13:00:00+01:00,0.683,0.173201133325,0.0,0.0,0.683,0.41695846774999995,0.27682836774999997,0.3475,0.77825
2026-01-15 14:00:00+01:00,0.864,0.2241083592,0.0,0.0,0.864,0.42397150674999995,0.28384140674999997,0.341,0.35025
2026-01-15 15:00:00+01:00,1.757,0.487957949325,0.0,0.0,1.757,0.44615994225,0.30602984225,0.3970000000000001,0.00025
2026-01-15 16:00:00+01:00,0.198,0.0581209101,0.0,0.0,0.198,0.4652993895,0.32516928949999996,0.6407499999999999,0.0
2026-01-15 17:00:00+01:00,0.66,0.199594098,0.0,0.0,0.66,0.4760385629999999,0.33590846299999993,1.01275,0.0
2026-01-15 18:00:00+01:00,0.321,0.086280426375,0.0,0.0,0.321,0.43534756375,0.29521746374999996,0.878,0.0
2026-01-15 19:00:00+01:00,0.327,0.083528904525,0.0,0.0,0.327,0.41919854074999996,0.27906844075,0.87275,0.0
2026-01-15 20:00:00+01:00,0.44,0.109602526,0.0,0.0,0.44,0.4115229965,0.2713928965,1.0245,0.0
2026-01-15 21:00:00+01:00,0.255,0.06237183975,0.0,0.0,0.255,0.40607654449999997,0.2659464445,0.9322499999999999,0.0
2026-01-15 22:00:00+01:00,0.202,0.04895671495,0.0,0.0,0.202,0.40337161975,0.26324151975,0.87575,0.0
2026-01-15 23:00:00+01:00,0.226,0.0528502469,0.0,0.0,0.226,0.3930753365,0.2529452365,0.6565000000000001,0.0
2026-01-16 00:00:00+01:00,0.152,0.0355085148,0.0,0.0,0.152,0.39278251649999996,0.2526524165,0.65325,0.0
2026-01-16 01:00:00+01:00,0.163,0.0369037053,0.0,0.0,0.163,0.3840638009999999,0.243933701,0.8225,0.0
2026-01-16 02:00:00+01:00,1.49,0.329263627,0.0,0.0,1.49,0.3775046329999999,0.237374533,0.8667499999999999,0.0
2026-01-16 03:00:00+01:00,0.162,0.0351542268,0.0,0.0,0.162,0.372687744,0.23255764399999998,1.7707499999999998,0.0
2026-01-16 04:00:00+01:00,1.628,0.3603255249,0.0,0.0,1.628,0.37792556174999997,0.23779546175,2.0612500000000002,0.0
2026-01-16 05:00:00+01:00,1.091,0.255239968225,0.0,0.0,1.091,0.39319612475,0.25306602475,1.549,0.0
2026-01-16 06:00:00+01:00,0.162,0.03975922665,0.0,0.0,0.162,0.40708311324999996,0.26695301325,1.00525,0.0
2026-01-16 07:00:00+01:00,0.238,0.0606802658,0.0,0.0,0.238,0.418616561,0.278486461,0.7145,0.0
2026-01-16 08:00:00+01:00,1.007,0.2647857157,0.0,0.0,1.007,0.428279621,0.28814952099999996,0.75275,0.0
2026-01-16 09:00:00+01:00,0.94,0.2565434135,0.0,0.0,0.94,0.44034746525,0.30021736525,0.7074999999999999,0.01925
2026-01-16 10:00:00+01:00,1.033,0.270359859,0.008,0.001895344,1.025,0.42680088,0.28667077999999996,0.5955,0.217
2026-01-16 11:00:00+01:00,0.204,0.0507904155,0.849,0.190318313625,-0.645,0.41137292625,0.27124282625,0.258,0.5015000000000001
2026-01-16 12:00:00+01:00,0.061,0.015262616325,2.088,0.4706390106,-2.027,0.41286630825000004,0.27273620825,0.11025,1.1055
2026-01-16 13:00:00+01:00,0.212,0.0530072928,2.414,0.5437037716,-2.202,0.412657674,0.272527574,0.21000000000000002,0.8795
2026-01-16 14:00:00+01:00,0.455,0.120522276875,1.256,0.301539381,-0.8009999999999999,0.43062584125000003,0.29049574125,0.46975,0.3365
2026-01-16 15:00:00+01:00,0.448,0.1305166016,0.432,0.1151395344,0.016000000000000014,0.46262740699999993,0.322497307,1.7537500000000001,0.00825
2026-01-16 16:00:00+01:00,0.962,0.31375286085,0.0,0.0,0.962,0.50475322425,0.36462312425,1.337,0.0
2026-01-16 17:00:00+01:00,1.203,0.40602615405,0.0,0.0,1.203,0.5185047835,0.37837468350000003,2.4875000000000003,0.0
2026-01-16 18:00:00+01:00,0.714,0.2360456868,0.0,0.0,0.714,0.510137452,0.37000735199999996,3.30375,0.0
2026-01-16 19:00:00+01:00,0.713,0.2288995236,0.0,0.0,0.713,0.498571062,0.358440962,3.48875,0.0
2026-01-16 20:00:00+01:00,1.198,0.3553065538,0.0,0.0,1.198,0.46898160099999997,0.328851501,2.93125,0.0
2026-01-16 21:00:00+01:00,0.898,0.248500846,0.0,0.0,0.898,0.44495571999999994,0.30482561999999996,1.03775,0.0
2026-01-16 22:00:00+01:00,0.506,0.1396932416,0.0,0.0,0.506,0.44416510600000003,0.304035006,0.8114999999999999,0.0
2026-01-16 23:00:00+01:00,2.925,0.759992000625,0.0,0.0,2.925,0.42450590325000004,0.28437580325,2.38025,0.0
2026-01-17 00:00:00+01:00,0.581,0.152280753625,0.0,0.0,0.581,0.42725841124999997,0.28712831125,1.7995,0.0
2026-01-17 01:00:00+01:00,0.539,0.13914799745,0.0,0.0,0.539,0.4224891055,0.2823590055,0.85025,0.0
2026-01-17 02:00:00+01:00,0.563,0.143233716725,0.0,0.0,0.563,0.41795405575,0.27782395575,1.4102500000000002,0.0
2026-01-17 03:00:00+01:00,0.485,0.1221293535,0.0,0.0,0.485,0.414809901,0.274679801,1.06375,0.0
2026-01-17 04:00:00+01:00,0.447,0.1118789595,0.0,0.0,0.447,0.41296513500000004,0.272835035,0.8665,0.0
2026-01-17 05:00:00+01:00,0.428,0.1069331571,0.0,0.0,0.428,0.41242707825,0.27229697825,0.7345,0.0
2026-01-17 06:00:00+01:00,6.548,1.6350067888,0.0,0.0,6.548,0.41224772600000004,0.272117626,0.842,0.0
2026-01-17 07:00:00+01:00,3.017,0.7605962595,0.0,0.0,3.017,0.415161285,0.27503118499999996,0.87375,0.0
2026-01-17 08:00:00+01:00,0.599,0.1568155644,0.0,0.0,0.599,0.426888726,0.28675862599999996,1.2389999999999999,0.0
2026-01-17 09:00:00+01:00,0.559,0.153153296725,0.243,0.060548862825,0.31600000000000006,0.44162855275,0.30149845275,1.39075,0.0
2026-01-17 10:00:00+01:00,0.022,0.0059194894,1.391,0.3397694157,-1.369,0.435687967,0.295557867,0.6905000000000001,0.0
2026-01-17 11:00:00+01:00,0.005,0.001274598875,2.023,0.465522189825,-2.0180000000000002,0.41856897774999996,0.27843887775,0.68025,0.00375
2026-01-17 12:00:00+01:00,0.0,0.0,2.888,0.6795540532,-2.888,0.4248463065,0.2847162065,0.8295,0.00675
2026-01-17 13:00:00+01:00,0.0,0.0,3.163,0.743755173975,-3.163,0.42465231325,0.28452221325,0.4665,0.2265
2026-01-17 14:00:00+01:00,0.002,0.0005316256,2.245,0.541062511,-2.2430000000000003,0.43174953799999993,0.291619438,0.36125,0.08125
2026-01-17 15:00:00+01:00,0.007,0.001986363225,0.731,0.189300618925,-0.724,0.45347312175,0.31334302174999995,1.47525,0.020999999999999998
2026-01-17 16:00:00+01:00,0.026,0.0077452947,0.186,0.0507949167,-0.16,0.47057014950000003,0.3304400495,1.0082499999999999,0.0
2026-01-17 17:00:00+01:00,0.153,0.046707836175,0.0,0.0,0.153,0.47950481975000003,0.33937471975,3.223,0.0
2026-01-17 18:00:00+01:00,0.647,0.199598578025,0.0,0.0,0.647,0.48339932575,0.34326922574999996,1.59375,0.0
2026-01-17 19:00:00+01:00,1.237,0.375236497075,0.0,0.0,1.237,0.47716225975,0.33703215975,1.7082499999999998,0.0
2026-01-17 20:00:00+01:00,0.656,0.1838824416,0.0,0.0,0.656,0.44928945600000003,0.309159356,4.7645,0.0
2026-01-17 21:00:00+01:00,0.623,0.16564283505,0.0,0.0,0.623,0.4318300634999999,0.2916999635,3.27775,0.0
2026-01-17 22:00:00+01:00,0.899,0.240513088475,0.0,0.0,0.899,0.43383222025,0.29370212025,1.3835,0.0
2026-01-17 23:00:00+01:00,0.795,0.210794508375,0.0,0.0,0.795,0.43094794325,0.29081784325,0.6127499999999999,0.0
2026-01-18 00:00:00+01:00,0.811,0.21866040075,0.0,0.0,0.811,0.4363541325,0.2962240325,0.637,0.0
2026-01-18 01:00:00+01:00,0.792,0.212076216,0.0,0.0,0.792,0.43412137999999995,0.29399127999999997,0.643,0.0
2026-01-18 02:00:00+01:00,0.849,0.225490155,0.0,0.0,0.849,0.43148600000000004,0.2913559,0.76475,0.0
2026-01-18 03:00:00+01:00,0.773,0.2007685845,0.0,0.0,0.773,0.424385115,0.284255015,0.8122499999999999,0.0
2026-01-18 04:00:00+01:00,0.772,0.2002239514,0.0,0.0,0.772,0.4239385645,0.28380846449999997,0.865,0.0
2026-01-18 05:00:00+01:00,0.816,0.2114826384,0.0,0.0,0.816,0.4237116289999999,0.283581529,0.7370000000000001,0.0
2026-01-18 06:00:00+01:00,0.774,0.19963052505,0.0,0.0,0.774,0.42219994574999997,0.28206984575,0.6617500000000001,0.0
2026-01-18 07:00:00+01:00,0.772,0.1984374469,0.0,0.0,0.772,0.42113847325,0.28100837325,0.69475,0.0
2026-01-18 08:00:00+01:00,0.778,0.2047925121,0.0,0.0,0.778,0.42862368449999994,0.2884935845,0.8292499999999999,0.0
2026-01-18 09:00:00+01:00,0.281,0.074638145175,0.03,0.00722433525,0.251,0.43151162175,0.29138152175,0.80475,0.0
2026-01-18 10:00:00+01:00,0.008,0.0020717136,0.857,0.2006744344,-0.849,0.42346273199999995,0.28333263200000003,0.595,0.1615
2026-01-18 11:00:00+01:00,0.001,0.000254768525,2.15,0.49442157875,-2.149,0.41838596525,0.27825586525,0.543,0.9524999999999999
2026-01-18 12:00:00+01:00,0.0,0.0,2.895,0.66018347175,-2.895,0.41606170649999996,0.2759316065,0.37275,1.224
2026-01-18 13:00:00+01:00,0.0,0.0,2.936,0.6699151206,-2.936,0.41621909724999995,0.27608899724999997,0.66325,1.20575
2026-01-18 14:00:00+01:00,0.009,0.002318399325,1.882,0.43812004885,-1.873,0.42181195925,0.28168185925,0.7004999999999999,0.50075
2026-01-18 15:00:00+01:00,0.018,0.0047322495,0.616,0.146668214,-0.598,0.4282283774999999,0.2880982775,0.6255000000000001,0.0015
2026-01-18 16:00:00+01:00,0.548,0.1500583194,0.104,0.0258985012,0.44400000000000006,0.4414492005,0.3013191005,0.85825,0.0
2026-01-18 17:00:00+01:00,1.592,0.4668292046,0.0,0.0,1.592,0.46492970424999996,0.32479960425,1.75325,0.0
2026-01-18 18:00:00+01:00,1.422,0.4363922475,0.0,0.0,1.422,0.48144841250000003,0.3413183125,0.7949999999999999,0.0
2026-01-18 19:00:00+01:00,1.4,0.39960613,0.0,0.0,1.4,0.4554899195,0.31535981949999997,0.76,0.0
2026-01-18 20:00:00+01:00,0.766,0.2113518858,0.0,0.0,0.766,0.443974773,0.30384467299999995,0.7669999999999999,0.0
2026-01-18 21:00:00+01:00,0.772,0.2046633567,0.0,0.0,0.772,0.43089669975,0.29076659975,0.70825,0.0
2026-01-18 22:00:00+01:00,0.681,0.180291327975,0.0,0.0,0.681,0.43045746975,0.29032736975,0.7465,0.0
2026-01-18 23:00:00+01:00,0.604,0.1577664308,0.0,0.0,0.604,0.426171317,0.28604121699999996,0.8644999999999999,0.0
2026-01-19 00:00:00+01:00,0.572,0.1476015112,0.0,0.0,0.572,0.42235001599999994,0.28221991599999996,0.94175,0.0
2026-01-19 01:00:00+01:00,1.047,0.2692732185,0.0,0.0,1.047,0.42131050499999995,0.28118040499999997,0.865,0.0
2026-01-19 02:00:00+01:00,0.738,0.19015339365,0.0,0.0,0.738,0.42188516424999994,0.28175506425,0.8180000000000001,0.0
2026-01-19 03:00:00+01:00,0.563,0.144793733425,0.0,0.0,0.563,0.42130684475,0.28117674475,0.872,0.0
2026-01-19 04:00:00+01:00,0.594,0.1525489713,0.0,0.0,0.594,0.42086395449999997,0.2807338545,0.89925,0.0
2026-01-19 05:00:00+01:00,0.579,0.149966543925,0.0,0.0,0.579,0.42351763574999995,0.28338753575,0.7945,0.0
2026-01-19 06:00:00+01:00,0.614,0.1766228409,0.0,0.0,0.614,0.45818386349999995,0.31805376350000003,0.5995,0.0
2026-01-19 07:00:00+01:00,0.851,0.2810181561,0.0,0.0,0.851,0.509683581,0.369553481,0.60975,0.0
2026-01-19 08:00:00+01:00,0.863,0.300599879525,0.0,0.0,0.863,0.5315828567499999,0.39145275674999996,0.782,0.0
2026-01-19 09:00:00+01:00,0.602,0.19962167995,0.002,0.00061358495,0.6,0.5113489947500001,0.37121889475,0.7075,0.0
2026-01-19 10:00:00+01:00,0.046,0.0138081328,0.71,0.195513978,-0.6639999999999999,0.47332997800000004,0.333199878,0.623,0.007
2026-01-19 11:00:00+01:00,0.011,0.0030893841,0.803,0.2056066243,-0.792,0.44994830099999994,0.309818201,0.67575,0.235
2026-01-19 12:00:00+01:00,0.013,0.0035851816,0.876,0.2198569032,-0.863,0.443813722,0.303683622,0.7212500000000001,0.27375
2026-01-19 13:00:00+01:00,0.203,0.058241943375,0.014,0.00366941575,0.189,0.45727246125,0.31714236125,0.526,0.01375
2026-01-19 14:00:00+01:00,0.635,0.1966130815,0.08,0.022785752,0.555,0.484764599,0.344634499,0.63975,0.0085
2026-01-19 15:00:00+01:00,0.149,0.05017019975,0.233,0.07267450575,-0.08400000000000002,0.5175384775,0.37740837749999995,0.8572500000000001,0.00025
2026-01-19 16:00:00+01:00,1.186,0.4319674106,0.0,0.0,1.186,0.5508247909999999,0.410694691,1.05475,0.0
2026-01-19 17:00:00+01:00,0.715,0.27196422825,0.0,0.0,0.715,0.5703632055,0.43023310549999993,1.4880000000000002,0.0
2026-01-19 18:00:00+01:00,1.449,0.5461147692,0.0,0.0,1.449,0.5661539179999999,0.426023818,1.119,0.0
2026-01-19 19:00:00+01:00,0.536,0.190222648,0.0,0.0,0.536,0.53953658,0.39940647999999995,0.92525,0.0
2026-01-19 20:00:00+01:00,0.592,0.1924966736,0.0,0.0,0.592,0.503563643,0.363433543,0.6955,0.0
2026-01-19 21:00:00+01:00,0.494,0.14775086755,0.0,0.0,0.494,0.47201594824999993,0.33188584824999995,0.7005,0.0
2026-01-19 22:00:00+01:00,0.439,0.126687487025,0.0,0.0,0.439,0.45930023975000006,0.31917013975,0.65525,0.0
2026-01-19 23:00:00+01:00,0.512,0.1376015872,0.0,0.0,0.512,0.4353073009999999,0.295177201,0.541,0.0
2026-01-20 00:00:00+01:00,0.6,0.14844159,0.0,0.0,0.6,0.4094732565,0.2693431565,0.5379999999999999,0.0
2026-01-20 01:00:00+01:00,0.633,0.1567475745,0.0,0.0,0.633,0.40974411499999996,0.269614015,0.6965,0.0
2026-01-20 02:00:00+01:00,0.662,0.1622225704,0.0,0.0,0.662,0.40662558199999993,0.266495482,1.2785000000000002,0.0
2026-01-20 03:00:00+01:00,0.71,0.174663621,0.0,0.0,0.71,0.40778222099999994,0.267652121,0.79725,0.0
2026-01-20 04:00:00+01:00,0.752,0.1876459772,0.0,0.0,0.752,0.41204641224999994,0.27191631225,0.665,0.0
2026-01-20 05:00:00+01:00,6.841,1.7077537191,0.0,0.0,6.841,0.412174521,0.272044421,0.60725,0.0
2026-01-20 06:00:00+01:00,0.691,0.173862803675,0.0,0.0,0.691,0.41456466424999994,0.27443456425,0.5615,0.0
2026-01-20 07:00:00+01:00,0.761,0.24491243975,0.0,0.0,0.761,0.4995300475,0.3593999475,0.8447500000000001,0.0
2026-01-20 08:00:00+01:00,0.762,0.2754719154,0.0,0.0,0.762,0.547545207,0.407415107,1.25675,0.0
2026-01-20 09:00:00+01:00,0.183,0.06128185965,0.155,0.04806062525,0.027999999999999997,0.5153130454999999,0.3751829455,0.97325,0.01575
2026-01-20 10:00:00+01:00,0.05,0.0140598975,0.817,0.20947304015,-0.7669999999999999,0.4503655695,0.3102354695,0.4555,0.23425
2026-01-20 11:00:00+01:00,0.051,0.012808064775,1.627,0.368244645175,-1.576,0.41399366525,0.27386356525,0.5865,0.31875
2026-01-20 12:00:00+01:00,0.154,0.0375866414,1.379,0.3023651939,-1.225,0.40543966099999995,0.26530956099999997,0.7502500000000001,0.67925
2026-01-20 13:00:00+01:00,0.071,0.0174869805,1.53,0.338880465,-1.459,0.408133605,0.268003505,0.5775,1.05275
2026-01-20 14:00:00+01:00,0.555,0.1445377065,1.792,0.4222369536,-1.237,0.425234293,0.285104193,0.5185,0.35775
2026-01-20 15:00:00+01:00,0.013,0.0037748854,0.924,0.2453874192,-0.911,0.4614707679999999,0.321340668,0.47075,0.06225
2026-01-20 16:00:00+01:00,0.058,0.0197984798,0.254,0.0804032174,-0.196,0.5231533009999999,0.383023201,0.86025,0.00025
2026-01-20 17:00:00+01:00,1.137,0.47605081425,0.0,0.0,1.137,0.6167312525,0.4766011525,0.96875,0.0
2026-01-20 18:00:00+01:00,0.462,0.16273770975,0.0,0.0,0.462,0.5363338612499999,0.39620376125,0.815,0.0
2026-01-20 19:00:00+01:00,0.464,0.1383374124,0.0,0.0,0.464,0.47086662975000004,0.33073652975,0.784,0.0
2026-01-20 20:00:00+01:00,1.111,0.3187493441,0.0,0.0,1.111,0.45726880099999995,0.31713870099999997,1.387,0.0
2026-01-20 21:00:00+01:00,3.25,0.888784325,0.0,0.0,3.25,0.441017291,0.300887191,0.78375,0.0
2026-01-20 22:00:00+01:00,1.326,0.35286487665,0.0,0.0,1.326,0.43211190275,0.29198180274999996,1.6897499999999999,0.0
2026-01-20 23:00:00+01:00,0.699,0.178324249125,0.0,0.0,0.699,0.41880323374999995,0.27867313375,1.21925,0.0
2026-01-21 00:00:00+01:00,0.641,0.163907722275,0.0,0.0,0.641,0.41952064274999995,0.27939054274999997,1.1055,0.0
2026-01-21 01:00:00+01:00,0.652,0.1657303967,0.0,0.0,0.652,0.41768319724999997,0.27755309725,0.85475,0.0
2026-01-21 02:00:00+01:00,2.964,0.7405460634,0.0,0.0,2.964,0.41243073849999995,0.27230063849999997,0.86525,0.0
2026-01-21 03:00:00+01:00,0.544,0.1362951744,0.0,0.0,0.544,0.413272596,0.273142496,0.73425,0.0
2026-01-21 04:00:00+01:00,2.951,0.726969775675,0.0,0.0,2.951,0.40819582925,0.26806572925,0.8367499999999999,0.0
2026-01-21 05:00:00+01:00,0.534,0.13228262685,0.0,0.0,0.534,0.40985758275,0.26972748274999997,0.73675,0.0
2026-01-21 06:00:00+01:00,2.848,0.7402438296,0.0,0.0,2.848,0.42461571075,0.28448561075,0.7025,0.0
2026-01-21 07:00:00+01:00,0.483,0.128625737625,0.0,0.0,0.483,0.43234615875000004,0.29221605875,0.8414999999999999,0.0
2026-01-21 08:00:00+01:00,0.679,0.211241058875,0.0,0.0,0.679,0.48655446125,0.34642436125,0.8952500000000001,0.0
2026-01-21 09:00:00+01:00,1.841,0.5396830747,0.0,0.0,1.841,0.46482355699999994,0.324693457,0.63,0.06275
2026-01-21 10:00:00+01:00,1.061,0.286755011125,0.0,0.0,1.061,0.43714108625,0.29701098625,0.4195,0.6957500000000001
2026-01-21 11:00:00+01:00,0.724,0.1832763284,0.0,0.0,0.724,0.416420411,0.27629031099999996,0.46725,1.166
2026-01-21 12:00:00+01:00,1.185,0.29517953025,0.017,0.00381295805,1.1680000000000001,0.4115229965,0.2713928965,0.323,1.434
2026-01-21 13:00:00+01:00,0.149,0.037674750575,0.209,0.047661546075,-0.06,0.41606536675,0.27593526675,0.21875,1.5630000000000002
2026-01-21 14:00:00+01:00,0.019,0.004947448,0.554,0.130515198,-0.535,0.42519036999999993,0.28506027,0.4485,0.71575
2026-01-21 15:00:00+01:00,0.026,0.00739852685,0.728,0.1891007118,-0.702,0.45443210725,0.31430200724999996,1.02125,0.14675
2026-01-21 16:00:00+01:00,0.407,0.1194781467,0.0,0.0,0.407,0.46532135100000005,0.325191251,1.479,0.045
2026-01-21 17:00:00+01:00,1.514,0.4417540116,0.0,0.0,1.514,0.46316912400000004,0.323039024,1.8365,0.0
2026-01-21 18:00:00+01:00,0.668,0.1876906988,0.0,0.0,0.668,0.450094711,0.30996461099999995,1.58275,0.0
2026-01-21 19:00:00+01:00,0.615,0.1630060575,0.0,0.0,0.615,0.43082715499999996,0.290697055,1.5419999999999998,0.0
2026-01-21 20:00:00+01:00,0.798,0.2080583505,0.0,0.0,0.798,0.4255929975,0.2854628975,2.6310000000000002,0.0
2026-01-21 21:00:00+01:00,0.635,0.161655077375,0.0,0.0,0.635,0.41815170925,0.27802160925,0.95575,0.0
2026-01-21 22:00:00+01:00,0.775,0.2011567525,0.0,0.0,0.775,0.42418014099999996,0.284050041,0.7597499999999999,0.0
2026-01-21 23:00:00+01:00,0.64,0.161261056,0.0,0.0,0.64,0.41500023399999997,0.274870134,0.63375,0.0
2026-01-22 00:00:00+01:00,1.128,0.2700892788,0.0,0.0,1.128,0.39983947849999996,0.2597093785,0.65575,0.0
2026-01-22 01:00:00+01:00,1.218,0.2949696981,0.0,0.0,1.218,0.4031483444999999,0.2630182445,0.62775,0.0
2026-01-22 02:00:00+01:00,1.181,0.28696664315,0.0,0.0,1.181,0.4041292915,0.2639991915,0.64825,0.0
2026-01-22 03:00:00+01:00,0.766,0.18185224915,0.0,0.0,0.766,0.39737613024999996,0.25724603025,0.644,0.0
2026-01-22 04:00:00+01:00,6.697,1.594196238525,0.0,0.0,6.697,0.39815210325,0.25802200325,0.7769999999999999,0.0
2026-01-22 05:00:00+01:00,1.975,0.473750014375,0.0,0.0,1.975,0.40036289424999993,0.26023279425,0.733,0.0
2026-01-22 06:00:00+01:00,0.821,0.207381788075,0.0,0.0,0.821,0.41575790575,0.27562780575,0.6795,0.0
2026-01-22 07:00:00+01:00,0.918,0.2432996973,0.0,0.0,0.918,0.4308051935,0.2906750935,0.72025,0.0
2026-01-22 08:00:00+01:00,0.963,0.28483464735,0.0,0.0,0.963,0.46800797450000003,0.3278778745,0.8627499999999999,0.0
2026-01-22 09:00:00+01:00,0.317,0.08670791635,0.089,0.02213621795,0.228,0.44108317550000004,0.3009530755,0.547,0.01725
2026-01-22 10:00:00+01:00,0.017,0.0043645426,1.089,0.2525748192,-1.072,0.420768788,0.28063868799999997,0.419,0.201
2026-01-22 11:00:00+01:00,0.001,0.000244138675,2.31,0.50666078925,-2.309,0.40552384674999997,0.26539374675,0.38475,0.49125
2026-01-22 12:00:00+01:00,0.0,0.0,2.713,0.588092872675,-2.713,0.40241995475,0.26228985475,0.5605,0.7905
2026-01-22 13:00:00+01:00,0.003,0.000734503275,2.62,0.5764770935,-2.617,0.40636570424999996,0.26623560425,0.46525,0.77825
2026-01-22 14:00:00+01:00,0.015,0.003786816,1.195,0.272041033,-1.1800000000000002,0.41558587399999997,0.275455774,0.4935,0.3315
2026-01-22 15:00:00+01:00,0.023,0.00604091895,0.499,0.11868398135,-0.476,0.42792091649999997,0.2877908165,0.7214999999999999,0.00025
2026-01-22 16:00:00+01:00,0.37,0.1059056735,0.003,0.00078427965,0.367,0.4564562255,0.31632612549999994,0.558,0.0
2026-01-22 17:00:00+01:00,1.615,0.476622070375,0.0,0.0,1.615,0.4672137002499999,0.32708360025,0.8905,0.0
2026-01-22 18:00:00+01:00,4.672,1.3562400192,0.0,0.0,4.672,0.461368281,0.321238181,0.7759999999999999,0.0
2026-01-22 19:00:00+01:00,0.676,0.1907012393,0.0,0.0,0.676,0.45145998425000006,0.31132988425,0.7562499999999999,0.0
2026-01-22 20:00:00+01:00,1.02,0.273652995,0.0,0.0,1.02,0.4347436225,0.2946135225,0.93425,0.0
2026-01-22 21:00:00+01:00,1.404,0.3720841839,0.0,0.0,1.404,0.43078689225,0.29065679225,0.8612500000000001,0.0
2026-01-22 22:00:00+01:00,0.709,0.184577178225,0.0,0.0,0.709,0.42512082524999995,0.28499072524999997,0.8220000000000001,0.0
2026-01-22 23:00:00+01:00,0.63,0.1596218085,0.0,0.0,0.63,0.4166912695,0.2765611695,0.664,0.0
2026-01-23 00:00:00+01:00,0.613,0.1553701831,0.0,0.0,0.613,0.41680107699999996,0.276670977,0.6505000000000001,0.0
2026-01-23 01:00:00+01:00,0.573,0.14526996825,0.0,0.0,0.573,0.41688160250000006,0.2767515025,0.65025,0.0
2026-01-23 02:00:00+01:00,0.627,0.157027619925,0.0,0.0,0.627,0.41315180775,0.27302170775,0.9864999999999999,0.0
2026-01-23 03:00:00+01:00,0.537,0.1331508684,0.0,0.0,0.537,0.410139422,0.270009322,1.66175,0.0
2026-01-23 04:00:00+01:00,6.693,1.6610894883,0.0,0.0,6.693,0.41041760099999997,0.270287501,2.3840000000000003,0.0
2026-01-23 05:00:00+01:00,11.04,2.776476648,0.0,0.0,11.04,0.4144219145,0.2742918145,1.7785,0.0
2026-01-23 06:00:00+01:00,11.02,2.922989982,0.0,0.0,11.02,0.43106141099999995,0.29093131099999997,0.5967499999999999,0.0
2026-01-23 07:00:00+01:00,1.654,0.478720528,0.0,0.0,1.654,0.46032877,0.32019867,0.71975,0.0
2026-01-23 08:00:00+01:00,3.781,1.185167778025,0.0,0.0,3.781,0.48939481525,0.34926471524999997,0.9492499999999999,0.0
2026-01-23 09:00:00+01:00,0.587,0.179561583025,0.001,0.000281092075,0.586,0.48025151074999994,0.34012141074999996,0.8192499999999999,0.01925
2026-01-23 10:00:00+01:00,0.393,0.10847077065,0.0,0.0,0.393,0.44408458050000005,0.3039544805,0.80575,0.2175
2026-01-23 11:00:00+01:00,0.302,0.0784538469,0.186,0.0437055267,0.11599999999999999,0.4244509995,0.2843208995,0.29,0.66625
2026-01-23 12:00:00+01:00,0.322,0.08234326485,0.42,0.0969861585,-0.09799999999999998,0.41954260425,0.27941250425,0.1205,1.4245
2026-01-23 13:00:00+01:00,0.559,0.141411166325,0.515,0.117505837625,0.04400000000000004,0.41621177675,0.27608167675,0.2555,1.3202500000000001
2026-01-23 14:00:00+01:00,0.376,0.095052518,0.118,0.0269033215,0.258,0.41600314250000003,0.2758730425,0.57925,0.59075
2026-01-23 15:00:00+01:00,0.088,0.0233518626,0.025,0.006013926875,0.063,0.43120416074999995,0.29107406075000003,1.7639999999999998,0.108
2026-01-23 16:00:00+01:00,0.088,0.0248063794,0.135,0.034706566125,-0.047000000000000014,0.45120376674999996,0.31107366675000003,1.2325,0.0
2026-01-23 17:00:00+01:00,4.255,1.263904668125,0.0,0.0,4.255,0.4695342987499999,0.32940419875,2.48075,0.0
2026-01-23 18:00:00+01:00,0.531,0.153641810025,0.0,0.0,0.531,0.46022262275000003,0.32009252275,3.11025,0.0
2026-01-23 19:00:00+01:00,0.935,0.258295690125,0.0,0.0,0.935,0.44438106075000006,0.30425096075,3.4302499999999996,0.0
2026-01-23 20:00:00+01:00,1.026,0.272252178,0.0,0.0,1.026,0.43119318,0.29106308000000003,1.9709999999999999,0.0
2026-01-23 21:00:00+01:00,6.211,1.62837979425,0.0,0.0,6.211,0.42734991749999995,0.2872198175,0.90125,0.0
2026-01-23 22:00:00+01:00,6.843,1.796373208575,0.0,0.0,6.843,0.42775620524999997,0.28762610525,0.6975,0.0
2026-01-23 23:00:00+01:00,9.829,2.487826298925,0.0,0.0,9.829,0.41638014824999997,0.27625004825,2.159,0.0
2026-01-24 00:00:00+01:00,0.954,0.2447027649,0.0,0.0,0.954,0.42048328850000005,0.2803531885,0.8605,0.0
2026-01-24 01:00:00+01:00,0.795,0.2030965035,0.0,0.0,0.795,0.41923148299999996,0.279101383,0.7807499999999999,0.0
2026-01-24 02:00:00+01:00,1.136,0.2880699756,0.0,0.0,1.136,0.41695114725,0.27682104724999995,1.36325,0.0
2026-01-24 03:00:00+01:00,0.942,0.2390316522,0.0,0.0,0.942,0.417152461,0.277022361,0.8984999999999999,0.0
2026-01-24 04:00:00+01:00,0.757,0.191614054225,0.0,0.0,0.757,0.41639478925,0.27626468925,0.7515000000000001,0.0
2026-01-24 05:00:00+01:00,0.764,0.1945414647,0.0,0.0,0.764,0.41822491425,0.27809481425,0.671,0.0
2026-01-24 06:00:00+01:00,0.816,0.2089155024,0.0,0.0,0.816,0.41990496899999996,0.279774869,2.3005,0.0
2026-01-24 07:00:00+01:00,0.943,0.246408281075,0.0,0.0,0.943,0.42629210524999994,0.28616200524999996,1.4457499999999999,0.0
2026-01-24 08:00:00+01:00,0.94,0.2540525075,0.0,0.0,0.94,0.43714108625,0.29701098625,1.202,0.0
2026-01-24 09:00:00+01:00,1.077,0.306156986025,0.003,0.000778389975,1.074,0.45408072325,0.31395062325,1.387,0.06075
2026-01-24 10:00:00+01:00,0.058,0.01626895215,0.877,0.224243791475,-0.819,0.44952005175,0.30938995175,0.63,0.34775
2026-01-24 11:00:00+01:00,0.01,0.002698058,2.252,0.5517418016,-2.242,0.43658106799999996,0.296450968,0.6212500000000001,0.50575
2026-01-24 12:00:00+01:00,0.59,0.15635302375,2.049,0.492170056125,-1.459,0.43077225124999996,0.29064215125,0.69175,0.72225
2026-01-24 13:00:00+01:00,0.674,0.1746275025,2.473,0.57938989625,-1.799,0.42361646249999996,0.2834863625,0.39625,1.0102499999999999
2026-01-24 14:00:00+01:00,0.002,0.00052339155,2.449,0.580145507975,-2.447,0.42676793774999994,0.28663783775,0.14400000000000002,0.6415000000000001
2026-01-24 15:00:00+01:00,0.435,0.12033150525,0.83,0.2090098945,-0.39499999999999996,0.44483127149999996,0.3047011715,1.0322500000000001,0.20375000000000001
2026-01-24 16:00:00+01:00,1.178,0.34205200205,0.09,0.02390055525,1.0879999999999999,0.46145978725000003,0.32132968725,0.5902499999999999,0.0465
2026-01-24 17:00:00+01:00,1.396,0.429004411,0.0,0.0,1.396,0.48196084750000007,0.34183074750000003,2.89175,0.0
2026-01-24 18:00:00+01:00,0.715,0.217879376,0.0,0.0,0.715,0.47883499399999996,0.338704894,1.4805,0.0
2026-01-24 19:00:00+01:00,0.519,0.153259389525,0.0,0.0,0.519,0.46742599475,0.32729589475,1.8014999999999999,0.0
2026-01-24 20:00:00+01:00,0.588,0.1640690667,0.0,0.0,0.588,0.44774117025000004,0.30761107025,3.51375,0.0
2026-01-24 21:00:00+01:00,0.629,0.169313984125,0.0,0.0,0.629,0.43582339625000005,0.29569329625,2.15925,0.0
2026-01-24 22:00:00+01:00,0.711,0.1912125006,0.0,0.0,0.711,0.43552691600000004,0.295396816,1.433,0.0
2026-01-24 23:00:00+01:00,0.756,0.1976659146,0.0,0.0,0.756,0.4264860985,0.2863559985,0.694,0.0
2026-01-25 00:00:00+01:00,0.788,0.2028433352,0.0,0.0,0.788,0.42158868399999994,0.281458584,0.72825,0.0
2026-01-25 01:00:00+01:00,0.784,0.202439776,0.0,0.0,0.784,0.42255498999999996,0.28242489,0.731,0.0
2026-01-25 02:00:00+01:00,1.633,0.418645228925,0.0,0.0,1.633,0.42031857725,0.28018847725,0.8685,0.0
2026-01-25 03:00:00+01:00,1.177,0.30005125645,0.0,0.0,1.177,0.41857995849999996,0.2784498585,0.89825,0.0
2026-01-25 04:00:00+01:00,1.095,0.2784647415,0.0,0.0,1.095,0.417825947,0.277695847,0.94875,0.0
2026-01-25 05:00:00+01:00,1.032,0.2604143124,0.0,0.0,1.032,0.4154467845,0.27531668449999996,0.8305,0.0
2026-01-25 06:00:00+01:00,0.991,0.25102768295,0.0,0.0,0.991,0.4166180645,0.27648796449999996,0.7462500000000001,0.0
2026-01-25 07:00:00+01:00,1.031,0.2655200284,0.0,0.0,1.031,0.421735094,0.281604994,0.77775,0.0
2026-01-25 08:00:00+01:00,0.977,0.2550058907,0.0,0.0,0.977,0.425937061,0.28580696099999997,0.9085,0.0
2026-01-25 09:00:00+01:00,0.818,0.21651190055,0.0,0.0,0.818,0.43038426475,0.29025416475,0.66525,0.0075
2026-01-25 10:00:00+01:00,0.319,0.08617805735,0.444,0.1089334686,-0.125,0.4369983365,0.2968682365,0.45575,0.37575000000000003
2026-01-25 11:00:00+01:00,0.003,0.000820134975,2.08,0.517032516,-2.077,0.44090382325000005,0.30077372325,0.38525,1.4895
2026-01-25 12:00:00+01:00,0.006,0.0016672227,2.696,0.6822644532,-2.6900000000000004,0.4463392945,0.3062091945,0.34950000000000003,1.73025
2026-01-25 13:00:00+01:00,0.0,0.0,2.921,0.722778008975,-2.921,0.43953488975,0.29940478975,0.6445,1.5437500000000002
2026-01-25 14:00:00+01:00,0.013,0.003515694325,1.907,0.468422178675,-1.8940000000000001,0.43734606025,0.29721596025,0.6722499999999999,0.7907500000000001
2026-01-25 15:00:00+01:00,0.016,0.004333978,1.165,0.286669948125,-1.149,0.43787313625,0.29774303625,0.43025,0.1555
2026-01-25 16:00:00+01:00,0.288,0.0798054048,0.049,0.0123625579,0.239,0.445409591,0.305279491,0.71,0.026
2026-01-25 17:00:00+01:00,1.891,0.554231724475,0.0,0.0,1.891,0.46475401225,0.32462391225,1.6215000000000002,0.0
2026-01-25 18:00:00+01:00,1.441,0.434634023725,0.0,0.0,1.441,0.47507591725,0.33494581724999994,0.9867499999999999,0.0
2026-01-25 19:00:00+01:00,1.457,0.43137231445,0.0,0.0,1.457,0.46835935849999993,0.32822925849999995,1.0354999999999999,0.0
2026-01-25 20:00:00+01:00,1.097,0.3132327726,0.0,0.0,1.097,0.455614368,0.31548426799999996,0.827,0.0
2026-01-25 21:00:00+01:00,1.04,0.284565138,0.0,0.0,1.04,0.44119664324999996,0.30106654325,0.8017500000000001,0.0
2026-01-25 22:00:00+01:00,0.885,0.239926619625,0.0,0.0,0.885,0.43815131525,0.29802121524999997,0.83525,0.0
2026-01-25 23:00:00+01:00,0.847,0.221986842,0.0,0.0,0.847,0.42724010999999995,0.28711000999999997,0.9400000000000001,0.0
2026-01-26 00:00:00+01:00,0.728,0.1903009108,0.0,0.0,0.728,0.4264128935,0.2862827935,0.85225,0.0
2026-01-26 01:00:00+01:00,0.658,0.1708681898,0.0,0.0,0.658,0.424326551,0.284196451,0.8780000000000001,0.0
2026-01-26 02:00:00+01:00,1.1,0.281659565,0.0,0.0,1.1,0.41994157149999994,0.27981147149999996,0.77525,0.0
2026-01-26 03:00:00+01:00,0.818,0.20781668325,0.0,0.0,0.818,0.41752214624999995,0.27739204625,0.83525,0.0
2026-01-26 04:00:00+01:00,0.689,0.173367919725,0.0,0.0,0.689,0.41457930525,0.27444920525,0.87925,0.0
2026-01-26 05:00:00+01:00,0.674,0.17060485145,0.0,0.0,0.674,0.41639478925,0.27626468925,0.7665000000000001,0.0
2026-01-26 06:00:00+01:00,0.664,0.1816959474,0.0,0.0,0.664,0.44121860474999997,0.30108850475,0.5854999999999999,0.0
2026-01-26 07:00:00+01:00,0.675,0.205639273125,0.0,0.0,0.675,0.47874348775000003,0.33861338775,0.655,0.0
2026-01-26 08:00:00+01:00,0.774,0.26790897375,0.0,0.0,0.774,0.5289401562499999,0.38881005625,0.77875,0.0
2026-01-26 09:00:00+01:00,0.837,0.29111567265,0.0,0.0,0.837,0.5309642745,0.3908341745,0.7285,0.0005
2026-01-26 10:00:00+01:00,0.625,0.215748671875,0.0,0.0,0.625,0.52780547875,0.38767537875,0.60975,0.1775
2026-01-26 11:00:00+01:00,0.434,0.14313609695,0.0,0.0,0.434,0.5091821267500001,0.36905202675000004,0.672,0.20075
2026-01-26 12:00:00+01:00,0.208,0.0660257312,0.002,0.0005852528,0.206,0.494208044,0.354077944,0.71825,0.219
2026-01-26 13:00:00+01:00,0.49,0.150620316,0.001,0.0002825834,0.489,0.482056014,0.341925914,0.561,0.0035
2026-01-26 14:00:00+01:00,0.334,0.10218376795,0.0,0.0,0.334,0.48030275425,0.34017265425000004,0.70475,0.0205
2026-01-26 15:00:00+01:00,1.427,0.4587071522,0.0,0.0,1.427,0.49906885599999995,0.358938756,0.46575,0.0585
2026-01-26 16:00:00+01:00,1.004,0.3338471433,0.0,0.0,1.004,0.5124617107499999,0.37233161074999993,1.08375,0.0
2026-01-26 17:00:00+01:00,1.68,0.591153486,0.0,0.0,1.68,0.53588731075,0.39575721075000003,1.2505000000000002,0.0
2026-01-26 18:00:00+01:00,0.727,0.25385077025,0.0,0.0,0.727,0.5326187075,0.3924886075,1.321,0.0
2026-01-26 19:00:00+01:00,0.732,0.2465379477,0.0,0.0,0.732,0.51764462475,0.37751452475,0.89925,0.0
2026-01-26 20:00:00+01:00,0.782,0.24830468685,0.0,0.0,0.782,0.49432151175,0.35419141175,0.69075,0.0
2026-01-26 21:00:00+01:00,0.761,0.22648703165,0.0,0.0,0.761,0.47023340649999995,0.33010330649999997,0.6515,0.0
2026-01-26 22:00:00+01:00,0.622,0.1744347374,0.0,0.0,0.622,0.449450507,0.30932040699999996,0.5945,0.0
2026-01-26 23:00:00+01:00,0.656,0.1766274752,0.0,0.0,0.656,0.43590758199999996,0.295777482,0.549,0.0
2026-01-27 00:00:00+01:00,0.706,0.19410709285,0.0,0.0,0.706,0.44279251225,0.30266241224999996,0.57875,0.0
2026-01-27 01:00:00+01:00,0.803,0.215344785975,0.0,0.0,0.803,0.43460819324999994,0.29447809325,0.7454999999999999,0.0
2026-01-27 02:00:00+01:00,1.036,0.2720350556,0.0,0.0,1.036,0.427840391,0.287710291,0.7075,0.0
2026-01-27 03:00:00+01:00,1.004,0.2564648724,0.0,0.0,1.004,0.41920220100000005,0.279072101,0.77125,0.0
2026-01-27 04:00:00+01:00,2.053,0.518804340175,0.0,0.0,2.053,0.41588967474999994,0.27575957474999996,0.72825,0.0
2026-01-27 05:00:00+01:00,0.765,0.194923377,0.0,0.0,0.765,0.41842622799999996,0.278296128,2.1875,0.0
2026-01-27 06:00:00+01:00,0.749,0.1950064193,0.0,0.0,0.749,0.4251464469999999,0.285016347,0.602,0.0
2026-01-27 07:00:00+01:00,0.835,0.23065785325,0.0,0.0,0.835,0.44436275950000004,0.3042326595,0.8687500000000001,0.0
2026-01-27 08:00:00+01:00,0.772,0.2373552214,0.0,0.0,0.772,0.4821365395,0.3420064395,1.28225,0.0
2026-01-27 09:00:00+01:00,0.583,0.180801709,0.0,0.0,0.583,0.48536488000000005,0.34523478,0.85425,0.0545
2026-01-27 10:00:00+01:00,0.357,0.1095519117,0.0,0.0,0.357,0.481426451,0.341296351,0.3065,0.4385
2026-01-27 11:00:00+01:00,0.311,0.0901751653,0.0,0.0,0.311,0.46095833299999994,0.32082823299999996,0.25075,0.7255
2026-01-27 12:00:00+01:00,1.392,0.3865640724,0.0,0.0,1.392,0.44613798074999994,0.30600788074999996,0.20325,1.024
2026-01-27 13:00:00+01:00,0.442,0.1171844102,0.0,0.0,0.442,0.43091500099999996,0.290784901,0.16075,1.43525
2026-01-27 14:00:00+01:00,0.105,0.027329407875,0.0,0.0,0.105,0.42505494075,0.28492484075,0.282,0.80575
2026-01-27 15:00:00+01:00,0.376,0.098572771,0.0,0.0,0.376,0.42733161624999993,0.28720151624999996,0.18975000000000003,0.29325
2026-01-27 16:00:00+01:00,0.545,0.1454812645,0.0,0.0,0.545,0.4331111509999999,0.292981051,0.4135,0.06375
2026-01-27 17:00:00+01:00,0.902,0.2583500282,0.0,0.0,0.902,0.45668316100000006,0.316553061,0.9020000000000001,0.0
2026-01-27 18:00:00+01:00,0.96,0.29376864,0.0,0.0,0.96,0.48038694,0.34025684,0.7222500000000001,0.0
2026-01-27 19:00:00+01:00,0.712,0.2147812436,0.0,0.0,0.712,0.4751235005,0.33499340050000004,0.7025000000000001,0.0
2026-01-27 20:00:00+01:00,0.761,0.215190994975,0.0,0.0,0.761,0.45227255975,0.31214245975,1.4842499999999998,0.0
2026-01-27 21:00:00+01:00,0.818,0.2284016328,0.0,0.0,0.818,0.447971766,0.30784166599999996,1.4160000000000001,0.0
2026-01-27 22:00:00+01:00,0.524,0.14678026,0.0,0.0,0.524,0.4490552,0.30892509999999995,1.8585,0.0
2026-01-27 23:00:00+01:00,0.49,0.13228933025,0.0,0.0,0.49,0.43678970225,0.29665960225,1.215,0.0
2026-01-28 00:00:00+01:00,0.473,0.1241841634,0.0,0.0,0.473,0.427796468,0.287666368,1.10175,0.0
2026-01-28 01:00:00+01:00,0.459,0.12012808005,0.0,0.0,0.459,0.4267935595,0.2866634595,0.8525,0.0
2026-01-28 02:00:00+01:00,0.94,0.245894506,0.0,0.0,0.94,0.42663982899999997,0.286509729,1.4107500000000002,0.0
2026-01-28 03:00:00+01:00,0.7,0.180449115,0.0,0.0,0.7,0.42203523449999997,0.2819051345,0.63725,0.0
2026-01-28 04:00:00+01:00,0.781,0.203207862825,0.0,0.0,0.781,0.42494513325,0.28481503325,1.34525,0.0
2026-01-28 05:00:00+01:00,3.443,0.909027746,0.0,0.0,3.443,0.42958266999999994,0.28945257,0.65825,0.0
2026-01-28 06:00:00+01:00,0.588,0.1614668286,0.0,0.0,0.588,0.4423862245,0.3022561245,1.2029999999999998,0.0
2026-01-28 07:00:00+01:00,0.938,0.2871839894,0.0,0.0,0.938,0.48057727299999997,0.340447173,0.6412500000000001,0.0
2026-01-28 08:00:00+01:00,0.776,0.265831313,0.0,0.0,0.776,0.52462106125,0.38449096125,0.72575,0.0
2026-01-28 09:00:00+01:00,0.99,0.34250057325,0.0,0.0,0.99,0.52872786175,0.38859776175,0.9897499999999999,0.028
2026-01-28 10:00:00+01:00,0.622,0.2133715331,0.0,0.0,0.622,0.5251957205,0.3850656205,0.6715,0.36425
2026-01-28 11:00:00+01:00,0.395,0.131215198125,0.0,0.0,0.395,0.51206640375,0.37193630375000003,0.5405,0.8265
2026-01-28 12:00:00+01:00,0.332,0.1069900876,0.0,0.0,0.332,0.500049803,0.359919703,0.59725,0.8225
2026-01-28 13:00:00+01:00,0.28,0.086886107,0.001,0.000285502525,0.279,0.48558815525000004,0.34545805525,0.2535,1.00575
2026-01-28 14:00:00+01:00,0.559,0.1716069069,0.0,0.0,0.559,0.481572861,0.341442761,0.422,0.636
2026-01-28 15:00:00+01:00,0.508,0.1553957141,0.0,0.0,0.508,0.48025151074999994,0.34012141074999996,0.794,0.32875
2026-01-28 16:00:00+01:00,1.246,0.39084200925,0.0,0.0,1.246,0.48966567375000003,0.34953557375,1.247,0.045
2026-01-28 17:00:00+01:00,2.838,0.9473835723,0.0,0.0,2.838,0.5140392785,0.37390917849999994,1.9705,0.0
2026-01-28 18:00:00+01:00,1.041,0.35588391135,0.0,0.0,1.041,0.5237755435,0.38364544349999996,1.4760000000000002,0.0
2026-01-28 19:00:00+01:00,0.971,0.32114402485,0.0,0.0,0.971,0.5103058235,0.3701757235,1.4609999999999999,0.0
2026-01-28 20:00:00+01:00,1.003,0.29859545705,0.0,0.0,1.003,0.4703358935,0.33020579349999996,2.5615,0.0
2026-01-28 21:00:00+01:00,5.725,1.59427195125,0.0,0.0,5.725,0.4470713444999999,0.3069412445,0.89875,0.0
2026-01-28 22:00:00+01:00,4.736,1.3085303968,0.0,0.0,4.736,0.44443230425,0.30430220425,0.764,0.0
2026-01-28 23:00:00+01:00,0.753,0.203115933075,0.0,0.0,0.753,0.43650420275,0.29637410275,0.5895,0.0
2026-01-29 00:00:00+01:00,0.773,0.196959453075,0.0,0.0,0.773,0.41842256775000003,0.27829246775,0.723,0.0
2026-01-29 01:00:00+01:00,0.773,0.2015262018,0.0,0.0,0.773,0.425571036,0.285440936,0.711,0.0
2026-01-29 02:00:00+01:00,1.018,0.2613713982,0.0,0.0,1.018,0.420783429,0.280653329,0.7125,0.0
2026-01-29 03:00:00+01:00,3.215,0.822737548875,0.0,0.0,3.215,0.41976221924999996,0.27963211925000003,0.615,0.0
2026-01-29 04:00:00+01:00,0.912,0.23401521,0.0,0.0,0.912,0.42059675625,0.28046665625,2.105,0.0
2026-01-29 05:00:00+01:00,0.675,0.17655276375,0.0,0.0,0.675,0.42660322650000004,0.2864731265,0.92825,0.0
2026-01-29 06:00:00+01:00,0.7,0.1851944325,0.0,0.0,0.7,0.43023785475,0.29010775475,0.6322500000000001,0.0
2026-01-29 07:00:00+01:00,0.806,0.23806340415,0.0,0.0,0.806,0.46750652025,0.32737642025,0.6930000000000001,0.0
2026-01-29 08:00:00+01:00,0.776,0.2527633372,0.0,0.0,0.776,0.5042444495,0.3641143495,0.8125,0.0
2026-01-29 09:00:00+01:00,0.797,0.26101156235,0.0,0.0,0.797,0.5063820354999999,0.3662519355,0.57975,0.02225
2026-01-29 10:00:00+01:00,0.525,0.165353986875,0.0,0.0,0.525,0.49121761974999995,0.35108751974999997,0.42025,0.27225
2026-01-29 11:00:00+01:00,0.555,0.169269214125,0.0,0.0,0.555,0.47915343575,0.33902333575,0.384,0.5775
2026-01-29 12:00:00+01:00,0.352,0.1033324512,0.0,0.0,0.352,0.46532135100000005,0.325191251,0.5605,0.67825
2026-01-29 13:00:00+01:00,0.206,0.06026919855,0.001,0.000267763925,0.205,0.46412444924999996,0.32399434925,0.46599999999999997,0.655
2026-01-29 14:00:00+01:00,1.358,0.4012152606,0.0,0.0,1.358,0.467605347,0.327475247,0.49574999999999997,0.29875
2026-01-29 15:00:00+01:00,0.708,0.2159369025,0.0,0.0,0.708,0.47916075625,0.33903065625,0.7017499999999999,0.12475
2026-01-29 16:00:00+01:00,0.796,0.2491863473,0.0,0.0,0.796,0.48890434175,0.34877424175,0.5115000000000001,0.00075
2026-01-29 17:00:00+01:00,0.897,0.290507420775,0.0,0.0,0.897,0.50199339575,0.36186329575,1.1035000000000001,0.0
2026-01-29 18:00:00+01:00,1.612,0.5199842505,0.0,0.0,1.612,0.50042680875,0.36029670875,1.70825,0.0
2026-01-29 19:00:00+01:00,0.759,0.23562673035,0.0,0.0,0.759,0.48575286649999994,0.34562276649999996,0.704,0.0
2026-01-29 20:00:00+01:00,0.729,0.206133406875,0.0,0.0,0.729,0.45225791874999993,0.31212781874999995,0.9624999999999999,0.0
2026-01-29 21:00:00+01:00,0.653,0.1765229433,0.0,0.0,0.653,0.437210631,0.297080531,0.9757499999999999,0.0
2026-01-29 22:00:00+01:00,0.606,0.16215494955,0.0,0.0,0.606,0.43389078424999994,0.29376068424999996,0.7485,0.0
2026-01-29 23:00:00+01:00,0.635,0.16493785275,0.0,0.0,0.635,0.42440707650000004,0.2842769765,0.5895,0.0
2026-01-30 00:00:00+01:00,0.622,0.1679659685,0.0,0.0,0.622,0.43686656749999997,0.2967364675,0.5750000000000001,0.0
2026-01-30 01:00:00+01:00,0.603,0.157178718675,0.0,0.0,0.603,0.42551613225,0.28538603225,0.55225,0.0
2026-01-30 02:00:00+01:00,0.63,0.16207450875,0.0,0.0,0.63,0.42140201125,0.28127191125,0.9047499999999999,0.0
2026-01-30 03:00:00+01:00,1.119,0.28273342185,0.0,0.0,1.119,0.4158420915,0.27571199150000003,1.5554999999999999,0.0
2026-01-30 04:00:00+01:00,0.85,0.21417484,0.0,0.0,0.85,0.41500023399999997,0.274870134,3.81525,0.0
2026-01-30 05:00:00+01:00,0.615,0.154453913625,0.0,0.0,0.615,0.41400098575,0.27387088574999996,4.29125,0.0
2026-01-30 06:00:00+01:00,0.589,0.1566278813,0.0,0.0,0.589,0.431881307,0.29175120699999996,3.1152500000000005,0.0
2026-01-30 07:00:00+01:00,0.858,0.24097455525,0.0,0.0,0.858,0.44995196125000003,0.30982186125,0.85225,0.0
2026-01-30 08:00:00+01:00,0.766,0.23378421495,0.0,0.0,0.766,0.47940965324999996,0.33927955325,1.63125,0.0
2026-01-30 09:00:00+01:00,0.843,0.255275257875,0.0,0.0,0.843,0.47652537624999997,0.33639527625,0.8397499999999999,0.00025
2026-01-30 10:00:00+01:00,1.455,0.408645661875,0.0,0.0,1.455,0.44995196125000003,0.30982186125,0.868,0.002
2026-01-30 11:00:00+01:00,1.175,0.326593746875,0.0,0.0,1.175,0.44643812125,0.30630802124999995,0.3575,0.2597499999999999
2026-01-30 12:00:00+01:00,0.257,0.0699620306,0.851,0.2105551008,-0.594,0.43950926799999995,0.299379168,0.20099999999999998,0.776
2026-01-30 13:00:00+01:00,0.875,0.23000285,0.926,0.2204393004,-0.051000000000000045,0.42817713399999996,0.288047034,0.39525,0.7612500000000001
2026-01-30 14:00:00+01:00,0.053,0.013825947025,0.65,0.15344025125,-0.597,0.42576502925,0.28563492925,0.64325,0.34400000000000003
2026-01-30 15:00:00+01:00,0.316,0.0849250237,0.0,0.0,0.316,0.43530364075000005,0.29517354075,1.6327500000000001,0.11425
2026-01-30 16:00:00+01:00,0.654,0.17967176865,0.0,0.0,0.654,0.44253629475,0.30240619475,0.9535,0.03375
2026-01-30 17:00:00+01:00,1.267,0.3632149444,0.0,0.0,1.267,0.45699062199999996,0.316860522,3.051,0.0
2026-01-30 18:00:00+01:00,6.215,1.756613038125,0.0,0.0,6.215,0.45211150875,0.31198140874999997,2.9314999999999998,0.0
2026-01-30 19:00:00+01:00,9.342,2.54559200445,0.0,0.0,9.342,0.43982770975,0.29969760975,3.4645,0.0
2026-01-30 20:00:00+01:00,0.772,0.2070803922,0.0,0.0,0.772,0.4346850585,0.2945549585,1.9995,0.0
2026-01-30 21:00:00+01:00,4.245,1.109357629875,0.0,0.0,4.245,0.4263287077499999,0.28619860775,2.2449999999999997,0.0
2026-01-30 22:00:00+01:00,0.57,0.148361367,0.0,0.0,0.57,0.425058601,0.284928501,2.21075,0.0
2026-01-30 23:00:00+01:00,1.602,0.39772016955,0.0,0.0,1.602,0.41051642774999997,0.27038632775,4.41725,0.0
2026-01-31 00:00:00+01:00,0.559,0.1416157743,0.0,0.0,0.559,0.416654667,0.276524567,0.90675,0.0
2026-01-31 01:00:00+01:00,0.569,0.144746416375,0.0,0.0,0.569,0.41792477375,0.27779467375,0.7999999999999999,0.0
2026-01-31 02:00:00+01:00,1.032,0.258719175,0.0,0.0,1.032,0.41345926875,0.27332916874999996,1.3445,0.0
2026-01-31 03:00:00+01:00,0.75,0.18785930625,0.0,0.0,0.75,0.41319573075,0.27306563075,0.8965,0.0
2026-01-31 04:00:00+01:00,0.609,0.15204619815,0.0,0.0,0.609,0.4122111235,0.27208102349999996,0.75575,0.0
2026-01-31 05:00:00+01:00,0.543,0.1366031073,0.0,0.0,0.543,0.41451708099999995,0.274386981,0.6855,0.0
2026-01-31 06:00:00+01:00,0.484,0.1223035935,0.0,0.0,0.484,0.41587503375,0.27574493375,2.32075,0.0
2026-01-31 07:00:00+01:00,0.864,0.2227597416,0.0,0.0,0.864,0.42208281774999995,0.28195271775,1.48725,0.0
2026-01-31 08:00:00+01:00,1.244,0.3283267119,0.0,0.0,1.244,0.42946920225,0.28933910225,1.1869999999999998,0.0
2026-01-31 09:00:00+01:00,2.387,0.6682590299,0.0,0.0,2.387,0.44886486699999995,0.308734767,1.3382500000000002,0.0615
2026-01-31 10:00:00+01:00,0.546,0.1520244726,0.0,0.0,0.546,0.447020101,0.306890001,0.43625,0.567
2026-01-31 11:00:00+01:00,0.218,0.0603502262,0.007,0.0017642163,0.211,0.445087489,0.30495738899999997,0.35075,1.06875
2026-01-31 12:00:00+01:00,0.337,0.092367040975,0.01,0.00249281175,0.327,0.44176032174999996,0.30163022175,0.6174999999999999,1.2342499999999998
2026-01-31 13:00:00+01:00,0.262,0.0703863655,0.0,0.0,0.262,0.43518285249999994,0.2950527525,0.48050000000000004,1.6284999999999998
2026-01-31 14:00:00+01:00,2.439,0.663951348225,0.066,0.01632957315,2.373,0.43950560775,0.29937550775,0.06975,1.2535
2026-01-31 15:00:00+01:00,7.435,2.059466932875,0.0,0.0,7.435,0.44528148224999997,0.30515138225,1.01525,0.41124999999999995
2026-01-31 16:00:00+01:00,1.72,0.488317159,0.0,0.0,1.72,0.45364149324999997,0.31351139325,0.7354999999999999,0.069
2026-01-31 17:00:00+01:00,1.713,0.528686059275,0.0,0.0,1.713,0.48356037674999997,0.34343027674999993,1.3275,0.0
2026-01-31 18:00:00+01:00,0.753,0.2367206853,0.0,0.0,0.753,0.490503871,0.350373771,0.8739999999999999,0.0
2026-01-31 19:00:00+01:00,0.63,0.192457881,0.0,0.0,0.63,0.47975737699999993,0.33962727699999995,1.0630000000000002,0.0
2026-01-31 20:00:00+01:00,0.979,0.2816599643,0.0,0.0,0.979,0.4582351069999999,0.318105007,0.8652500000000001,0.0
2026-01-31 21:00:00+01:00,1.444,0.4038046364,0.0,0.0,1.444,0.448484201,0.308354101,0.8335,0.0
2026-01-31 22:00:00+01:00,0.8,0.22304414,0.0,0.0,0.8,0.44747031175,0.30734021175,0.85075,0.0
2026-01-31 23:00:00+01:00,0.568,0.1534060506,0.0,0.0,0.568,0.43691415075,0.29678405075000003,0.76125,0.0
2026-02-01 00:00:00+01:00,0.607,0.167387549175,0.0,0.0,0.607,0.44378810025000004,0.30365800025,0.8140000000000001,0.0
2026-02-01 01:00:00+01:00,0.587,0.16271220295,0.0,0.0,0.587,0.44551939850000005,0.3053892985,0.81525,0.0
2026-02-01 02:00:00+01:00,0.509,0.132476399275,0.0,0.0,0.509,0.42504029974999996,0.28491019975,1.169,0.0
2026-02-01 03:00:00+01:00,3.439,0.870552156925,0.0,0.0,3.439,0.41641675075,0.27628665075,0.9552500000000002,0.0
2026-02-01 04:00:00+01:00,0.827,0.210563483075,0.0,0.0,0.827,0.41819563225,0.27806553224999997,0.8795000000000001,0.0
2026-02-01 05:00:00+01:00,0.52,0.132341209,0.0,0.0,0.52,0.41806386325,0.27793376325,0.8617499999999999,0.0
2026-02-01 06:00:00+01:00,0.528,0.1332192576,0.0,0.0,0.528,0.415410182,0.275280082,0.8612500000000001,0.0
2026-02-01 07:00:00+01:00,0.577,0.148785263275,0.0,0.0,0.577,0.42212674074999995,0.28199664074999997,0.8902500000000001,0.0
2026-02-01 08:00:00+01:00,0.989,0.262502926675,0.0,0.0,0.989,0.43127736575,0.29114726575,0.972,0.0
2026-02-01 09:00:00+01:00,0.801,0.217236306375,0.0,0.0,0.801,0.43827576375,0.29814566375,0.733,0.0075
2026-02-01 10:00:00+01:00,0.181,0.04922359255,0.127,0.03138786585,0.05399999999999999,0.4391798455,0.29904974549999996,0.50075,0.33275
2026-02-01 11:00:00+01:00,0.026,0.0069816032,0.74,0.180351468,-0.714,0.43502912199999993,0.294899022,0.386,1.43775
2026-02-01 12:00:00+01:00,0.019,0.005058202325,0.275,0.066389448125,-0.256,0.43224367174999995,0.29211357175,0.351,1.68675
2026-02-01 13:00:00+01:00,0.197,0.050787708125,0.156,0.0363480975,0.04100000000000001,0.42206085624999995,0.28193075624999997,0.6445,1.5647499999999999
2026-02-01 14:00:00+01:00,0.223,0.0583237545,0.013,0.0030775745,0.21,0.426581265,0.28645116499999995,0.6359999999999999,0.9717499999999999
2026-02-01 15:00:00+01:00,0.224,0.06054356,0.0,0.0,0.224,0.4371593875,0.29702928749999996,0.382,0.44575000000000004
2026-02-01 16:00:00+01:00,0.813,0.22482657285,0.0,0.0,0.813,0.44472878450000003,0.3045986845,0.64075,0.03825
2026-02-01 17:00:00+01:00,1.849,0.55018317035,0.0,0.0,1.849,0.47016020150000004,0.3300301015,1.7777500000000002,0.0
2026-02-01 18:00:00+01:00,0.576,0.1777387392,0.0,0.0,0.576,0.48349083200000004,0.343360732,1.19375,0.0
2026-02-01 19:00:00+01:00,0.51,0.15715222875,0.0,0.0,0.51,0.48296741624999995,0.34283731625,1.195,0.0
2026-02-01 20:00:00+01:00,10.923,3.240205000725,0.0,0.0,10.923,0.46905114574999995,0.32892104575,0.92625,0.0
2026-02-01 21:00:00+01:00,2.373,0.6487770135,0.0,0.0,2.373,0.44092944500000003,0.300799345,0.8977499999999999,0.0
2026-02-01 22:00:00+01:00,0.496,0.1355896476,0.0,0.0,0.496,0.44088918224999996,0.30075908225,0.8770000000000001,0.0
2026-02-01 23:00:00+01:00,0.493,0.132314827975,0.0,0.0,0.493,0.43486441075000004,0.29473431075,0.85625,0.0
2026-02-02 00:00:00+01:00,0.569,0.1476397956,0.0,0.0,0.569,0.42407765399999997,0.283947554,0.7715,0.0
2026-02-02 01:00:00+01:00,0.873,0.223516787175,0.0,0.0,0.873,0.41991594974999996,0.27978584975,0.8767499999999999,0.0
2026-02-02 02:00:00+01:00,4.52,1.139603531,0.0,0.0,4.52,0.41518690675000003,0.27505680675,0.85575,0.0
2026-02-02 03:00:00+01:00,0.574,0.1409707838,0.0,0.0,0.574,0.407284427,0.267154327,0.8704999999999999,0.0
2026-02-02 04:00:00+01:00,0.647,0.159817038975,0.0,0.0,0.647,0.40900108425,0.26887098425,0.893,0.0
2026-02-02 05:00:00+01:00,0.703,0.175937929475,0.0,0.0,0.703,0.41293951324999995,0.27280941324999997,0.8250000000000001,0.0
2026-02-02 06:00:00+01:00,0.675,0.1786150575,0.0,0.0,0.675,0.43030007899999995,0.29016997899999997,0.64225,0.0
2026-02-02 07:00:00+01:00,0.743,0.206576865825,0.0,0.0,0.743,0.44653328774999995,0.30640318775,0.71625,0.0
2026-02-02 08:00:00+01:00,0.893,0.26913300975,0.0,0.0,0.893,0.47478675749999993,0.3346566575,0.7989999999999999,0.0
2026-02-02 09:00:00+01:00,0.141,0.043044476475,0.272,0.0762891932,-0.13100000000000003,0.47950481975000003,0.33937471975,0.78175,0.0005
2026-02-02 10:00:00+01:00,0.005,0.001436375875,1.484,0.3895057397,-1.479,0.45771901174999996,0.31758891175,0.66625,0.1775
2026-02-02 11:00:00+01:00,0.0,0.0,2.23,0.56306100675,-2.23,0.44564750724999996,0.30551740725,0.60025,0.20075
2026-02-02 12:00:00+01:00,0.01,0.00274134575,1.885,0.469986248875,-1.875,0.44181888575,0.30168878574999997,0.544,0.2195
2026-02-02 13:00:00+01:00,0.012,0.0032422434,2.67,0.6551698065,-2.658,0.4370422595,0.2969121595,0.472,0.00375
2026-02-02 14:00:00+01:00,0.025,0.00660705375,0.658,0.1575759647,-0.633,0.42989745149999997,0.2897673515,0.5585,0.02
2026-02-02 15:00:00+01:00,0.01,0.002667808,0.413,0.0999360054,-0.40299999999999997,0.432920818,0.292790718,0.71075,0.05825
2026-02-02 16:00:00+01:00,0.032,0.008642304,0.675,0.165555225,-0.643,0.43690316999999995,0.29677307,1.1484999999999999,0.0
2026-02-02 17:00:00+01:00,0.456,0.1273296552,0.0,0.0,0.456,0.447986407,0.307856307,1.29975,0.0
2026-02-02 18:00:00+01:00,0.881,0.2473463003,0.0,0.0,0.881,0.4498311729999999,0.309701073,1.3525,0.0
2026-02-02 19:00:00+01:00,1.073,0.28047173825,0.0,0.0,1.073,0.42639825249999996,0.2862681525,0.8947499999999999,0.0
2026-02-02 20:00:00+01:00,1.258,0.3279841246,0.0,0.0,1.258,0.42558567699999994,0.285455577,0.74875,0.0
2026-02-02 21:00:00+01:00,1.114,0.28873211785,0.0,0.0,1.114,0.42372993024999994,0.28359983024999996,0.6875,0.0
2026-02-02 22:00:00+01:00,1.036,0.2659866286,0.0,0.0,1.036,0.42077610849999997,0.2806460085,0.5880000000000001,0.0
2026-02-02 23:00:00+01:00,0.999,0.245665413675,0.0,0.0,0.999,0.40766875325,0.26753865325,0.5700000000000001,0.0
2026-02-03 00:00:00+01:00,4.764,1.1621831595,0.0,0.0,4.764,0.40529691125,0.26516681124999997,0.613,0.0
2026-02-03 01:00:00+01:00,0.967,0.2327737258,0.0,0.0,0.967,0.40138410399999996,0.261254004,0.6995,0.0
2026-02-03 02:00:00+01:00,0.943,0.220757926675,0.0,0.0,0.943,0.39337913724999996,0.25324903725,0.7925,0.0
2026-02-03 03:00:00+01:00,7.253,1.638832575875,0.0,0.0,7.253,0.38351842374999995,0.24338832374999997,0.8314999999999999,0.0
2026-02-03 04:00:00+01:00,3.345,0.745165900875,0.0,0.0,3.345,0.37966784075,0.23953774074999998,1.083,0.0
2026-02-03 05:00:00+01:00,0.85,0.19636122,0.0,0.0,0.85,0.38964202200000003,0.249511922,2.23775,0.0
2026-02-03 06:00:00+01:00,0.833,0.2034607498,0.0,0.0,0.833,0.40565927599999996,0.265529176,0.6387499999999999,0.0
2026-02-03 07:00:00+01:00,1.548,0.3962453913,0.0,0.0,1.548,0.41984274474999994,0.27971264475,0.90575,0.0
2026-02-03 08:00:00+01:00,0.984,0.2611460478,0.0,0.0,0.984,0.43124076325,0.29111066324999996,1.06775,0.0
2026-02-03 09:00:00+01:00,1.3,0.34675212,0.0,0.0,1.3,0.43286225399999995,0.29273215399999997,0.903,0.03875
2026-02-03 10:00:00+01:00,0.099,0.025396378425,0.082,0.01900137415,0.017,0.42051623075,0.28038613075,0.39225,0.20425
2026-02-03 11:00:00+01:00,0.21,0.050926722,0.367,0.0798970744,-0.157,0.403550972,0.26342087200000003,0.28925,0.51325
2026-02-03 12:00:00+01:00,0.617,0.148196011425,0.001,0.000215383025,0.616,0.40074356025,0.26061346025,0.5247499999999999,0.66525
2026-02-03 13:00:00+01:00,1.209,0.293378932275,0.0,0.0,1.209,0.40373764474999996,0.26360754475,0.2685,0.9764999999999999
2026-02-03 14:00:00+01:00,1.746,0.4329051606,0.004,0.0008925444,1.742,0.41012478100000005,0.269994681,0.30650000000000005,0.5205
2026-02-03 15:00:00+01:00,0.681,0.174992943675,0.013,0.003018075775,0.668,0.42104330674999996,0.28091320675,0.27125,0.2755
2026-02-03 16:00:00+01:00,0.957,0.252637209825,0.0,0.0,0.957,0.42954240725000004,0.28941230725,0.4347500000000001,0.06375
2026-02-03 17:00:00+01:00,2.08,0.591454292,0.0,0.0,2.08,0.45418321025,0.31405311025,0.9910000000000001,0.0
2026-02-03 18:00:00+01:00,1.337,0.384895793975,0.0,0.0,1.337,0.45845106174999994,0.31832096174999996,0.82375,0.0
2026-02-03 19:00:00+01:00,0.759,0.216136198575,0.0,0.0,0.759,0.45468100424999996,0.31455090425000004,0.746,0.0
2026-02-03 20:00:00+01:00,1.009,0.2737357469,0.0,0.0,1.009,0.43838191099999996,0.298251811,1.4492500000000001,0.0
2026-02-03 21:00:00+01:00,5.653,1.474578125075,0.0,0.0,5.653,0.42574306775000004,0.28561296775,1.34775,0.0
2026-02-03 22:00:00+01:00,2.649,0.6838165686,0.0,0.0,2.649,0.42246714399999996,0.282337044,1.78475,0.0
2026-02-03 23:00:00+01:00,0.748,0.1873606108,0.0,0.0,0.748,0.41319939099999997,0.273069291,1.17325,0.0
2026-02-04 00:00:00+01:00,0.632,0.1572302556,0.0,0.0,0.632,0.4111423305,0.2710122305,1.06875,0.0
2026-02-04 01:00:00+01:00,0.539,0.132852733475,0.0,0.0,0.539,0.40835688025,0.26822678024999996,0.8077500000000001,0.0
2026-02-04 02:00:00+01:00,0.491,0.1211746756,0.0,0.0,0.491,0.408733886,0.268603786,1.4965,0.0
2026-02-04 03:00:00+01:00,0.455,0.112235123,0.0,0.0,0.455,0.40858747599999995,0.26845737599999997,0.6715,0.0
2026-02-04 04:00:00+01:00,0.443,0.1089373769,0.0,0.0,0.443,0.407665093,0.267534993,1.22525,0.0
2026-02-04 05:00:00+01:00,0.439,0.109678783225,0.0,0.0,0.439,0.41241975774999995,0.27228965774999997,1.3042500000000001,0.0
2026-02-04 06:00:00+01:00,0.427,0.1110220496,0.0,0.0,0.427,0.42472185799999995,0.284591758,1.168,0.0
2026-02-04 07:00:00+01:00,0.56,0.15755047,0.0,0.0,0.56,0.4505376012499999,0.31040750124999994,0.68475,0.0
2026-02-04 08:00:00+01:00,0.967,0.284897419125,0.0,0.0,0.967,0.46660609875,0.32647599875,0.7617499999999999,0.0
2026-02-04 09:00:00+01:00,1.105,0.313762180875,0.0,0.0,1.105,0.45369273674999994,0.31356263674999996,1.0405,0.028
2026-02-04 10:00:00+01:00,0.967,0.259261185425,0.0,0.0,0.967,0.43452766774999996,0.29439756775,0.79375,0.29325
2026-02-04 11:00:00+01:00,0.024,0.0061349178,0.862,0.19896388765,-0.838,0.41941815574999997,0.27928805575,0.5862499999999999,0.548
2026-02-04 12:00:00+01:00,0.0,0.0,3.701,0.823845098175,-3.701,0.40947691675,0.26934681675,0.676,0.6355
2026-02-04 13:00:00+01:00,0.579,0.141594493425,1.601,0.351811865075,-1.022,0.40602164075,0.26589154075,0.2975,0.8099999999999999
2026-02-04 14:00:00+01:00,0.0,0.0,3.293,0.73899085645,-3.293,0.41166940649999995,0.27153930649999997,0.32625000000000004,0.63425
2026-02-04 15:00:00+01:00,0.003,0.000769605375,1.934,0.44816606175,-1.931,0.42052355124999996,0.28039345125,0.46625000000000005,0.32875
2026-02-04 16:00:00+01:00,0.095,0.0257959295,0.948,0.2339010828,-0.853,0.438674731,0.298544631,1.18425,0.045
2026-02-04 17:00:00+01:00,2.111,0.597050805175,0.0,0.0,2.111,0.4523384442499999,0.31220834424999994,2.5387500000000003,0.0
2026-02-04 18:00:00+01:00,0.442,0.1214629702,0.0,0.0,0.442,0.44262780099999993,0.302497701,1.47875,0.0
2026-02-04 19:00:00+01:00,0.911,0.236867128575,0.0,0.0,0.911,0.42472551824999993,0.28459541825,1.5277499999999997,0.0
2026-02-04 20:00:00+01:00,1.186,0.2886407931,0.0,0.0,1.186,0.40459780349999996,0.2644677035,2.665,0.0
2026-02-04 21:00:00+01:00,1.041,0.258771129375,0.0,0.0,1.041,0.41089709375,0.27076699374999996,2.182,0.0
2026-02-04 22:00:00+01:00,0.845,0.209676377625,0.0,0.0,0.845,0.41036269724999996,0.27023259725,1.8195,0.0
2026-02-04 23:00:00+01:00,0.806,0.19229932865,0.0,0.0,0.806,0.39880362774999994,0.25867352775,0.6665,0.0
2026-02-05 00:00:00+01:00,0.845,0.202956325,0.0,0.0,0.845,0.4007399,0.2606098,0.80525,0.0
2026-02-05 01:00:00+01:00,0.909,0.2166453333,0.0,0.0,0.909,0.398499827,0.258369727,0.796,0.0
2026-02-05 02:00:00+01:00,0.856,0.2018903392,0.0,0.0,0.856,0.39549842199999996,0.255368322,0.8552500000000001,0.0
2026-02-05 03:00:00+01:00,0.797,0.1842236011,0.0,0.0,0.797,0.389803073,0.249672973,1.3025,0.0
2026-02-05 04:00:00+01:00,0.784,0.1818993484,0.0,0.0,0.784,0.39085356475,0.25072346475,2.2102500000000003,0.0
2026-02-05 05:00:00+01:00,1.279,0.305714797575,0.0,0.0,1.279,0.39933802425,0.25920792425,0.9735,0.0
2026-02-05 06:00:00+01:00,0.868,0.2179331,0.0,0.0,0.868,0.4139168,0.2737867,0.6905,0.0
2026-02-05 07:00:00+01:00,1.077,0.276402357,0.0,0.0,1.077,0.42065166,0.28052156,0.761,0.0
2026-02-05 08:00:00+01:00,0.957,0.26240179185,0.0,0.0,0.957,0.44188843050000004,0.3017583305,0.841,0.0
2026-02-05 09:00:00+01:00,1.473,0.396599615775,0.0,0.0,1.473,0.43590392175000003,0.29577382175,0.60575,0.02225
2026-02-05 10:00:00+01:00,0.619,0.16428721155,0.0,0.0,0.619,0.43125906449999996,0.2911289645,0.41500000000000004,0.27225
2026-02-05 11:00:00+01:00,0.613,0.1513648411,0.0,0.0,0.613,0.408894937,0.268764837,0.39475,0.5775
2026-02-05 12:00:00+01:00,0.495,0.12678274125,0.0,0.0,0.495,0.42002941749999995,0.27989931749999997,0.33399999999999996,0.67825
2026-02-05 13:00:00+01:00,0.098,0.02546238695,0.182,0.04277278005,-0.08399999999999999,0.42449858274999996,0.28436848275,0.344,0.65525
2026-02-05 14:00:00+01:00,0.282,0.0733145292,0.0,0.0,0.282,0.424692576,0.284562476,0.75,0.29875
2026-02-05 15:00:00+01:00,0.194,0.052323546,0.094,0.023020976,0.1,0.43646393999999994,0.29633384,0.75725,0.12475
2026-02-05 16:00:00+01:00,0.269,0.075172729225,0.0,0.0,0.269,0.4482536052499999,0.30812350525,0.54525,0.00075
2026-02-05 17:00:00+01:00,0.88,0.26183432,0.0,0.0,0.88,0.47013824,0.33000813999999995,1.1047500000000001,0.0
2026-02-05 18:00:00+01:00,1.137,0.336238188,0.0,0.0,1.137,0.46794209,0.32781199,1.9015,0.0
2026-02-05 19:00:00+01:00,0.988,0.2876892733,0.0,0.0,0.988,0.46244805474999995,0.32231795474999997,0.6447499999999999,0.0
2026-02-05 20:00:00+01:00,0.844,0.2321355113,0.0,0.0,0.844,0.44291696075,0.30278686074999994,0.8422499999999999,0.0
2026-02-05 21:00:00+01:00,0.866,0.2254680362,0.0,0.0,0.866,0.4251464469999999,0.285016347,0.79925,0.0
2026-02-05 22:00:00+01:00,0.695,0.180562476875,0.0,0.0,0.695,0.42447662124999996,0.28434652125,0.5585,0.0
2026-02-05 23:00:00+01:00,0.677,0.17038736,0.0,0.0,0.677,0.41464885,0.27451875,0.52175,0.0
2026-02-06 00:00:00+01:00,0.645,0.162846745875,0.0,0.0,0.645,0.41561149574999995,0.27548139574999997,0.5009999999999999,0.0
2026-02-06 01:00:00+01:00,0.826,0.20724052965,0.0,0.0,0.826,0.41370084524999995,0.27357074524999997,0.5005,0.0
2026-02-06 02:00:00+01:00,1.133,0.279302996225,0.0,0.0,1.133,0.40840080324999994,0.26827070324999996,0.84425,0.0
2026-02-06 03:00:00+01:00,8.205,1.9960344525,0.0,0.0,8.205,0.404473355,0.264343255,1.0635,0.0
2026-02-06 04:00:00+01:00,3.955,0.95914385875,0.0,0.0,3.955,0.40355829249999997,0.2634281925,2.92575,0.0
2026-02-06 05:00:00+01:00,3.525,0.88343990625,0.0,0.0,3.525,0.4133677625,0.2732376625,3.3554999999999997,0.0
2026-02-06 06:00:00+01:00,0.661,0.17319485645,0.0,0.0,0.661,0.42715958449999997,0.2870294845,3.085,0.0
2026-02-06 07:00:00+01:00,1.064,0.313845686,0.0,0.0,1.064,0.46702702749999997,0.3268969275,0.863,0.0
2026-02-06 08:00:00+01:00,1.238,0.3786444046,0.0,0.0,1.238,0.48019660699999994,0.34006650699999996,1.5775000000000001,0.0
2026-02-06 09:00:00+01:00,0.565,0.171597859125,0.0,0.0,0.565,0.47760881024999996,0.33747871025,0.8335,0.00025
2026-02-06 10:00:00+01:00,0.262,0.07839349815,0.001,0.000274406825,0.261,0.47216235824999997,0.33203225825,0.9890000000000001,0.002
2026-02-06 11:00:00+01:00,0.083,0.02427342885,0.119,0.03184986805,-0.03599999999999999,0.46398169949999996,0.32385159950000003,0.508,0.25949999999999995
2026-02-06 12:00:00+01:00,0.083,0.023621889225,0.231,0.060012893325,-0.14800000000000002,0.45448335074999996,0.31435325075000004,0.20449999999999996,0.841
2026-02-06 13:00:00+01:00,0.451,0.1282309358,0.205,0.053201764,0.24600000000000002,0.45415026799999997,0.314020168,0.502,0.9637500000000001
2026-02-06 14:00:00+01:00,0.402,0.1141579098,0.068,0.0176235532,0.334,0.45372567900000005,0.313595579,0.55125,0.506
2026-02-06 15:00:00+01:00,3.163,0.916822514575,0.0,0.0,3.163,0.46084486524999996,0.32071476525,0.5175000000000001,0.11425
2026-02-06 16:00:00+01:00,1.061,0.30528359895,0.0,0.0,1.061,0.45827170949999996,0.3181416095,0.77475,0.03375
2026-02-06 17:00:00+01:00,1.04,0.307911604,0.0,0.0,1.04,0.46835935849999993,0.32822925849999995,2.2175000000000002,0.0
2026-02-06 18:00:00+01:00,0.533,0.156580942375,0.0,0.0,0.533,0.46558122875,0.32545112875000004,2.2497499999999997,0.0
2026-02-06 19:00:00+01:00,0.534,0.15359232405,0.0,0.0,0.534,0.45814360075000005,0.31801350075,4.89575,0.0
2026-02-06 20:00:00+01:00,0.553,0.1486873773,0.0,0.0,0.553,0.435453711,0.295323611,1.9889999999999999,0.0
2026-02-06 21:00:00+01:00,0.556,0.1461352453,0.0,0.0,0.556,0.42814419175,0.28801409175,3.1192499999999996,0.0
2026-02-06 22:00:00+01:00,5.815,1.515868156,0.0,0.0,5.815,0.425541754,0.28541165399999996,2.184,0.0
2026-02-06 23:00:00+01:00,4.725,1.215044263125,0.0,0.0,4.725,0.42127024225,0.28114014225,4.615,0.0
2026-02-07 00:00:00+01:00,0.449,0.11448478525,0.0,0.0,0.449,0.4186385225,0.27850842249999996,0.84625,0.0
2026-02-07 01:00:00+01:00,0.435,0.10982555925,0.0,0.0,0.435,0.4156078355,0.2754777355,0.7949999999999999,0.0
2026-02-07 02:00:00+01:00,0.44,0.109192578,0.0,0.0,0.44,0.41039563949999996,0.2702655395,1.4535,0.0
2026-02-07 03:00:00+01:00,0.44,0.10761135,0.0,0.0,0.44,0.4060472625,0.26591716249999997,0.90625,0.0
2026-02-07 04:00:00+01:00,0.438,0.10621461675,0.0,0.0,0.438,0.40353999124999995,0.26340989125,0.748,0.0
2026-02-07 05:00:00+01:00,0.423,0.103268100375,0.0,0.0,0.423,0.40551652625,0.26538642625,0.655,0.0
2026-02-07 06:00:00+01:00,1.248,0.3077278776,0.0,0.0,1.248,0.40847400824999996,0.26834390825,2.18025,0.0
2026-02-07 07:00:00+01:00,0.709,0.182895713825,0.0,0.0,0.709,0.42225118924999994,0.28212108924999996,1.47525,0.0
2026-02-07 08:00:00+01:00,0.581,0.1553230294,0.0,0.0,0.581,0.433594304,0.293464204,0.9955,0.0
2026-02-07 09:00:00+01:00,0.376,0.1017768268,0.124,0.0304888782,0.252,0.43764254049999995,0.2975124405,1.6549999999999998,0.0615
2026-02-07 10:00:00+01:00,0.149,0.03859017305,1.325,0.31030102125,-1.176,0.4234993345,0.2833692345,0.43325,0.567
2026-02-07 11:00:00+01:00,0.006,0.00151184055,1.981,0.450020649925,-1.975,0.41500389424999995,0.27487379425,0.2675,1.0705
2026-02-07 12:00:00+01:00,0.053,0.01307642765,1.41,0.3129072705,-1.357,0.4086533605,0.2685232605,0.46175,1.2367499999999998
2026-02-07 13:00:00+01:00,1.693,0.412241055875,1.839,0.402175277625,-0.1459999999999999,0.40474787375,0.26461777375,0.37775000000000003,1.4089999999999998
2026-02-07 14:00:00+01:00,0.018,0.00437424075,2.171,0.473730382125,-2.153,0.40416223375,0.26403213375,0.6494999999999999,1.25325
2026-02-07 15:00:00+01:00,6.562,1.6444575422,0.58,0.130962898,5.982,0.41334580099999996,0.273215701,2.0337499999999995,0.40549999999999997
2026-02-07 16:00:00+01:00,0.348,0.093353436,0.552,0.134385504,-0.20400000000000007,0.43470701999999994,0.29457692,0.9909999999999999,0.069
2026-02-07 17:00:00+01:00,0.159,0.045954756375,0.002,0.00052843725,0.157,0.45983463625,0.31970453624999995,1.50525,0.0
2026-02-07 18:00:00+01:00,0.781,0.230036696725,0.0,0.0,0.781,0.46651093225,0.32638083225,0.87625,0.0
2026-02-07 19:00:00+01:00,0.372,0.106205814,0.0,0.0,0.372,0.455570445,0.315440345,0.9575,0.0
2026-02-07 20:00:00+01:00,0.441,0.118185276825,0.0,0.0,0.441,0.43438857825,0.29425847825,0.8767499999999999,0.0
2026-02-07 21:00:00+01:00,0.305,0.078889050625,0.0,0.0,0.305,0.42308572624999996,0.28295562625,0.994,0.0
2026-02-07 22:00:00+01:00,0.398,0.1037347399,0.0,0.0,0.398,0.42549051050000003,0.2853604105,0.8605,0.0
2026-02-07 23:00:00+01:00,0.23,0.05847291725,0.0,0.0,0.23,0.41773444075,0.27760434075,0.7505,0.0
2026-02-08 00:00:00+01:00,0.209,0.053696765925,0.0,0.0,0.209,0.42099206325,0.28086196325,0.79425,0.0
2026-02-08 01:00:00+01:00,0.238,0.060274214,0.0,0.0,0.238,0.41655218,0.27642208,0.77925,0.0
2026-02-08 02:00:00+01:00,0.821,0.2051490991,0.0,0.0,0.821,0.41246734099999993,0.272337241,0.9944999999999999,0.0
2026-02-08 03:00:00+01:00,0.82,0.202637006,0.0,0.0,0.82,0.409129193,0.26899909299999997,1.59675,0.0
2026-02-08 04:00:00+01:00,0.762,0.1867735914,0.0,0.0,0.762,0.40669878699999995,0.26656868699999997,0.92025,0.0
2026-02-08 05:00:00+01:00,1.048,0.2580447694,0.0,0.0,1.048,0.40804941924999993,0.26791931924999995,0.8402499999999999,0.0
2026-02-08 06:00:00+01:00,1.145,0.279808945625,0.0,0.0,1.145,0.4058093462499999,0.26567924625,0.83825,0.0
2026-02-08 07:00:00+01:00,0.76,0.188922624,0.0,0.0,0.76,0.410900754,0.270770654,0.8645,0.0
2026-02-08 08:00:00+01:00,0.693,0.176449771575,0.0,0.0,0.693,0.41820295274999997,0.27807285275,0.9472499999999999,0.0
2026-02-08 09:00:00+01:00,0.481,0.12247527435,0.209,0.04803266215,0.272,0.41821393349999997,0.2780838335,0.6517499999999999,0.0075
2026-02-08 10:00:00+01:00,0.025,0.0063171075,1.651,0.3762287243,-1.6260000000000001,0.41586405299999996,0.275733953,0.4085,0.357
2026-02-08 11:00:00+01:00,0.0,0.0,2.719,0.608886674275,-2.719,0.41109474725,0.27096464725,0.36425,1.2425000000000002
2026-02-08 12:00:00+01:00,0.0,0.0,3.198,0.7072818324,-3.198,0.407738298,0.26760819799999996,0.256,1.4665
2026-02-08 13:00:00+01:00,0.018,0.0044009757,3.269,0.71817854185,-3.2510000000000003,0.40595941649999995,0.26582931649999997,0.3155,1.50325
2026-02-08 14:00:00+01:00,0.001,0.0002456663,3.129,0.6910750077,-3.128,0.407372273,0.267242173,0.313,0.9504999999999999
2026-02-08 15:00:00+01:00,0.0,0.0,2.3,0.5290274275,-2.3,0.41844452925,0.27831442925,0.2455,0.44525000000000003
2026-02-08 16:00:00+01:00,0.08,0.02099592,0.576,0.136882944,-0.49599999999999994,0.42767933999999996,0.28754924,0.65675,0.03825
2026-02-08 17:00:00+01:00,1.591,0.450066654125,0.0,0.0,1.591,0.45240432875,0.31227422875,1.7922500000000001,0.0
2026-02-08 18:00:00+01:00,1.553,0.454594431775,0.0,0.0,1.553,0.46430746175000004,0.32417736175,1.1055,0.0
2026-02-08 19:00:00+01:00,1.438,0.4158726198,0.0,0.0,1.438,0.460050591,0.319920491,1.0715,0.0
2026-02-08 20:00:00+01:00,0.324,0.0879669153,0.0,0.0,0.324,0.43863446825,0.29850436825,3.44625,0.0
2026-02-08 21:00:00+01:00,0.272,0.0715745492,0.0,0.0,0.272,0.42851753724999997,0.28838743725,1.28925,0.0
2026-02-08 22:00:00+01:00,0.186,0.04859439255,0.0,0.0,0.186,0.42624086175,0.28611076175,0.7945000000000001,0.0
2026-02-08 23:00:00+01:00,0.46,0.117779343,0.0,0.0,0.46,0.4199269305,0.2797968305,0.7975,0.0
2026-02-09 00:00:00+01:00,0.894,0.223757919,0.0,0.0,0.894,0.41296513500000004,0.272835035,0.726,0.0
2026-02-09 01:00:00+01:00,0.737,0.183042480775,0.0,0.0,0.737,0.41063355575,0.27050345575,0.903,0.0
2026-02-09 02:00:00+01:00,0.714,0.17633663355,0.0,0.0,0.714,0.40894984075,0.26881974075,1.7842499999999997,0.0
2026-02-09 03:00:00+01:00,0.689,0.168703424175,0.0,0.0,0.689,0.40638766575,0.26625756575,0.70975,0.0
2026-02-09 04:00:00+01:00,0.633,0.15525018135,0.0,0.0,0.633,0.40688179950000003,0.2667516995,0.703,0.0
2026-02-09 05:00:00+01:00,0.629,0.16136249635,0.0,0.0,0.629,0.4205272115,0.2803971115,0.72075,0.0
2026-02-09 06:00:00+01:00,0.739,0.213532572,0.0,0.0,0.739,0.45974312999999994,0.31961303,0.63425,0.0
2026-02-09 07:00:00+01:00,0.779,0.248473793425,0.0,0.0,0.779,0.49606379075000007,0.35593369075000003,0.72075,0.0
2026-02-09 08:00:00+01:00,1.235,0.430552122,0.0,0.0,1.235,0.531952542,0.391822442,0.8355000000000001,0.0
2026-02-09 09:00:00+01:00,0.594,0.19802544795,0.0,0.0,0.594,0.5135012217499999,0.37337112175,0.604,0.0685
2026-02-09 10:00:00+01:00,0.577,0.18233756805,0.0,0.0,0.577,0.4924877265,0.3523576265,0.35050000000000003,0.5485
2026-02-09 11:00:00+01:00,1.101,0.331923452025,0.0,0.0,1.101,0.47490022525000003,0.33477012525000005,0.22949999999999998,0.75825
2026-02-09 12:00:00+01:00,2.073,0.608389170675,0.0,0.0,2.073,0.46522984475,0.32509974475,0.1945,0.69075
2026-02-09 13:00:00+01:00,1.975,0.568563345625,0.0,0.0,1.975,0.45845106174999994,0.31832096174999996,0.28325,0.6712499999999999
2026-02-09 14:00:00+01:00,0.802,0.2335849461,0.0,0.0,0.802,0.4625322405,0.3224021405,0.398,0.1845
2026-02-09 15:00:00+01:00,0.39,0.11816965875,0.0,0.0,0.39,0.47674499125,0.33661489125,0.57475,0.1615
2026-02-09 16:00:00+01:00,0.301,0.097328748825,0.0,0.0,0.301,0.5013711532499999,0.36124105325,0.90025,0.16875
2026-02-09 17:00:00+01:00,1.342,0.51159666965,0.0,0.0,1.342,0.57139173575,0.43126163575,0.9742500000000001,0.0
2026-02-09 18:00:00+01:00,0.798,0.2757310248,0.0,0.0,0.798,0.528204446,0.388074346,1.2085000000000001,0.0
2026-02-09 19:00:00+01:00,0.622,0.20415005655,0.0,0.0,0.622,0.50725683525,0.36712673524999995,0.9217500000000001,0.0
2026-02-09 20:00:00+01:00,0.648,0.1953868554,0.0,0.0,0.648,0.47495878925,0.33482868925,0.86225,0.0
2026-02-09 21:00:00+01:00,1.594,0.45900636705,0.0,0.0,1.594,0.45854622825,0.31841612825,0.7689999999999999,0.0
2026-02-09 22:00:00+01:00,5.837,1.60829867055,0.0,0.0,5.837,0.4435135814999999,0.3033834815,0.67625,0.0
2026-02-09 23:00:00+01:00,0.802,0.2074418313,0.0,0.0,0.802,0.4230893865,0.28295928649999996,0.65225,0.0
2026-02-10 00:00:00+01:00,3.262,0.81879943145,0.0,0.0,3.262,0.41383993474999997,0.27370983475,1.64325,0.0
2026-02-10 01:00:00+01:00,0.78,0.195074022,0.0,0.0,0.78,0.412730879,0.27260077899999996,0.75925,0.0
2026-02-10 02:00:00+01:00,0.782,0.19238308485,0.0,0.0,0.782,0.40779320175,0.26766310175,0.82525,0.0
2026-02-10 03:00:00+01:00,4.404,1.0450388124,0.0,0.0,4.404,0.39724070100000003,0.257110601,2.4539999999999997,0.0
2026-02-10 04:00:00+01:00,0.773,0.182312185275,0.0,0.0,0.773,0.39549476175,0.25536466175,1.6922499999999998,0.0
2026-02-10 05:00:00+01:00,0.82,0.195572542,0.0,0.0,0.82,0.39870480099999994,0.258574701,2.21975,0.0
2026-02-10 06:00:00+01:00,0.735,0.197807003625,0.0,0.0,0.735,0.43575751175,0.29562741175,0.6732499999999999,0.0
2026-02-10 07:00:00+01:00,1.243,0.3607265552,0.0,0.0,1.243,0.46126579399999995,0.321135694,1.0015,0.0
2026-02-10 08:00:00+01:00,1.142,0.34576936405,0.0,0.0,1.142,0.47647413275,0.33634403274999997,1.001,0.0
2026-02-10 09:00:00+01:00,0.725,0.21132513875,0.0,0.0,0.725,0.4628104195,0.3226803195,0.86625,0.03875
2026-02-10 10:00:00+01:00,0.304,0.0866548276,0.0,0.0,0.304,0.45502506775,0.31489496775,0.27025,0.22474999999999998
2026-02-10 11:00:00+01:00,0.161,0.04410400995,0.001,0.00024913295,0.16,0.4415809695,0.3014508695,0.3155,0.4985
2026-02-10 12:00:00+01:00,0.166,0.0434942244,0.003,0.0007116252,0.163,0.427152264,0.287022164,0.6507499999999999,0.345
2026-02-10 13:00:00+01:00,0.327,0.0850136562,0.0,0.0,0.327,0.424692576,0.284562476,0.5700000000000001,0.3825
2026-02-10 14:00:00+01:00,0.253,0.067724374575,0.0,0.0,0.253,0.43401523275,0.29388513275,0.69725,0.449
2026-02-10 15:00:00+01:00,0.921,0.2582645175,0.0,0.0,0.921,0.449421225,0.309291125,0.36424999999999996,0.23425
2026-02-10 16:00:00+01:00,0.492,0.1372406079,0.0,0.0,0.492,0.44763868325,0.30750858325,0.5745,0.0635
2026-02-10 17:00:00+01:00,1.261,0.36440157325,0.0,0.0,1.261,0.4597797325,0.3196496325,1.29425,0.0
2026-02-10 18:00:00+01:00,0.7,0.2019777375,0.0,0.0,0.7,0.45924899624999993,0.31911889625,0.8955,0.0
2026-02-10 19:00:00+01:00,0.704,0.1943409072,0.0,0.0,0.704,0.44413948425000005,0.30400938425,0.66225,0.0
2026-02-10 20:00:00+01:00,0.59,0.154138149,0.0,0.0,0.59,0.4262298809999999,0.286099781,0.8440000000000001,0.0
2026-02-10 21:00:00+01:00,0.623,0.157277206625,0.0,0.0,0.623,0.41558221375000004,0.27545211375,2.53825,0.0
2026-02-10 22:00:00+01:00,0.615,0.155324569125,0.0,0.0,0.615,0.41571398275,0.27558388275,1.23025,0.0
2026-02-10 23:00:00+01:00,5.985,1.46571423075,0.0,0.0,5.985,0.4064425695,0.2663124695,0.5862499999999999,0.0
2026-02-11 00:00:00+01:00,3.009,0.7255565592,0.0,0.0,3.009,0.401881898,0.261751798,0.53925,0.0
2026-02-11 01:00:00+01:00,0.443,0.106864280875,0.0,0.0,0.443,0.40200268624999996,0.26187258625,0.71475,0.0
2026-02-11 02:00:00+01:00,1.01,0.24103172775,0.0,0.0,1.01,0.39887683274999997,0.25874673275,1.30225,0.0
2026-02-11 03:00:00+01:00,1.462,0.3449323647,0.0,0.0,1.462,0.3955935885,0.2554634885,0.52875,0.0
2026-02-11 04:00:00+01:00,0.755,0.178249592125,0.0,0.0,0.755,0.39578758175,0.25565748174999997,1.164,0.0
2026-02-11 05:00:00+01:00,0.425,0.102551735,0.0,0.0,0.425,0.40208687200000004,0.261956772,1.245,0.0
2026-02-11 06:00:00+01:00,0.416,0.1058641584,0.0,0.0,0.416,0.41803824149999996,0.2779081415,1.1064999999999998,0.0
2026-02-11 07:00:00+01:00,0.632,0.172836279,0.0,0.0,0.632,0.44102095124999996,0.30089085125,0.6375,0.0
2026-02-11 08:00:00+01:00,0.65,0.18385224,0.0,0.0,0.65,0.452364066,0.31223396600000003,0.7902499999999999,0.0
2026-02-11 09:00:00+01:00,0.619,0.174044678775,0.0,0.0,0.619,0.45033262724999995,0.31020252724999997,1.0594999999999999,0.028
2026-02-11 10:00:00+01:00,0.452,0.1231896281,0.0,0.0,0.452,0.43989359425,0.29976349425,0.66875,0.29325
2026-02-11 11:00:00+01:00,0.166,0.0445145932,0.023,0.0055971696,0.14300000000000002,0.4345898919999999,0.294459792,0.28725,0.7635000000000001
2026-02-11 12:00:00+01:00,0.187,0.048171185975,0.005,0.001163974625,0.182,0.42181195925,0.28168185925,0.38275000000000003,1.56075
2026-02-11 13:00:00+01:00,0.228,0.0590190084,0.0,0.0,0.228,0.423330963,0.28320086299999997,0.2525,1.2102499999999998
2026-02-11 14:00:00+01:00,0.468,0.1211216292,0.015,0.0035100285,0.453,0.423272399,0.283142299,0.14500000000000002,1.4575
2026-02-11 15:00:00+01:00,0.155,0.04050048475,0.044,0.0104054918,0.111,0.4262811245,0.28615102449999996,0.1385,0.8122499999999999
2026-02-11 16:00:00+01:00,0.235,0.062907461375,0.0,0.0,0.235,0.43402255324999994,0.29389245324999996,0.4955,0.282
2026-02-11 17:00:00+01:00,1.516,0.4147350383,0.0,0.0,1.516,0.44113807925,0.30100797925,1.745,0.0
2026-02-11 18:00:00+01:00,0.279,0.076778937675,0.0,0.0,0.279,0.44309997325000006,0.30296987325,0.67625,0.0
2026-02-11 19:00:00+01:00,1.228,0.3222725132,0.0,0.0,1.228,0.427664699,0.287534599,0.875,0.0
2026-02-11 20:00:00+01:00,1.364,0.3436711212,0.0,0.0,1.364,0.41498559299999993,0.274855493,0.9645,0.0
2026-02-11 21:00:00+01:00,0.365,0.090636517125,0.0,0.0,0.365,0.41058231225,0.27045221225,2.13925,0.0
2026-02-11 22:00:00+01:00,0.178,0.0437059865,0.0,0.0,0.178,0.4072185425,0.26708844249999997,1.826,0.0
2026-02-11 23:00:00+01:00,0.191,0.0476294599,0.0,0.0,0.191,0.41185241899999997,0.271722319,0.65375,0.0
2026-02-12 00:00:00+01:00,0.175,0.042388115,0.0,0.0,0.175,0.403199588,0.26306948799999996,0.8134999999999999,0.0
2026-02-12 01:00:00+01:00,0.168,0.0405894258,0.0,0.0,0.168,0.40245655724999996,0.26232645725,0.8352499999999999,0.0
2026-02-12 02:00:00+01:00,0.678,0.16278185055,0.0,0.0,0.678,0.40062643225,0.26049633224999996,0.8742500000000001,0.0
2026-02-12 03:00:00+01:00,0.392,0.0934078376,0.0,0.0,0.392,0.39844126300000005,0.258311163,1.3034999999999999,0.0
2026-02-12 04:00:00+01:00,0.177,0.0424142268,0.0,0.0,0.177,0.4000664139999999,0.259936314,2.2052500000000004,0.0
2026-02-12 05:00:00+01:00,0.534,0.13019559465,0.0,0.0,0.534,0.40512853974999996,0.26499843975,1.088,0.0
2026-02-12 06:00:00+01:00,0.881,0.219883217675,0.0,0.0,0.881,0.41211229675,0.27198219675,0.7060000000000001,0.0
2026-02-12 07:00:00+01:00,0.952,0.2516282846,0.0,0.0,0.952,0.42993771425,0.28980761425,0.8495,0.0
2026-02-12 08:00:00+01:00,0.656,0.1791754448,0.0,0.0,0.656,0.44060734300000004,0.300477243,0.8205,0.0
2026-02-12 09:00:00+01:00,3.223,0.87560933075,0.0,0.0,3.223,0.4388431025,0.2987130025,0.783,0.02225
2026-02-12 10:00:00+01:00,0.027,0.007223745375,0.595,0.144430969375,-0.568,0.43384686124999994,0.29371676125,0.42625,0.27225
2026-02-12 11:00:00+01:00,1.236,0.3196310832,0.164,0.0383425768,1.072,0.42302350199999994,0.282893402,0.44375,0.5775
2026-02-12 12:00:00+01:00,0.588,0.1475093697,0.015,0.003390919125,0.573,0.41366424275,0.27353414275,0.36024999999999996,0.67825
2026-02-12 13:00:00+01:00,1.112,0.2755994978,0.047,0.010482704925,1.0650000000000002,0.41000399274999993,0.26987389275,0.2475,0.70075
2026-02-12 14:00:00+01:00,1.124,0.2803348449,0.234,0.05255715465,0.8900000000000001,0.41190000224999995,0.27176990225,0.62975,0.29875
2026-02-12 15:00:00+01:00,5.063,1.26914043795,0.002,0.0004517293,5.061,0.41342632649999994,0.2732962265,0.6705,0.14825
2026-02-12 16:00:00+01:00,0.155,0.03990970225,0.001,0.00023267695,0.154,0.4216692094999999,0.2815391095,0.40825,0.00075
2026-02-12 17:00:00+01:00,0.52,0.14084642,0.0,0.0,0.52,0.437854835,0.297724735,1.0130000000000001,0.0
2026-02-12 18:00:00+01:00,0.418,0.11519518835,0.0,0.0,0.418,0.44357580574999994,0.30344570574999996,1.9354999999999998,0.0
2026-02-12 19:00:00+01:00,0.541,0.1475818245,0.0,0.0,0.541,0.440197395,0.300067295,0.6875,0.0
2026-02-12 20:00:00+01:00,0.738,0.1895707242,0.0,0.0,0.738,0.42092983900000003,0.280799739,0.75825,0.0
2026-02-12 21:00:00+01:00,1.107,0.27694211985,0.0,0.0,1.107,0.41282604549999996,0.2726959455,0.7945,0.0
2026-02-12 22:00:00+01:00,1.065,0.266006354625,0.0,0.0,1.065,0.41233923224999997,0.27220913225,0.5529999999999999,0.0
2026-02-12 23:00:00+01:00,1.136,0.2709395216,0.0,0.0,1.136,0.39870480099999994,0.258574701,0.542,0.0
2026-02-13 00:00:00+01:00,1.232,0.2973576452,0.0,0.0,1.232,0.40216373724999993,0.26203363725,0.508,0.0
2026-02-13 01:00:00+01:00,1.002,0.23753429535,0.0,0.0,1.002,0.39695886174999995,0.25682876174999997,0.5412499999999999,0.0
2026-02-13 02:00:00+01:00,1.168,0.278610486,0.0,0.0,1.168,0.39874506375,0.25861496375,0.97,0.0
2026-02-13 03:00:00+01:00,0.984,0.2332106568,0.0,0.0,0.984,0.396889317,0.256759217,2.5057500000000004,0.0
2026-02-13 04:00:00+01:00,0.952,0.22534435,0.0,0.0,0.952,0.3965306125,0.2564005125,3.2815,0.0
2026-02-13 05:00:00+01:00,0.842,0.2031883667,0.0,0.0,0.842,0.40210883349999993,0.2619787335,4.06775,0.0
2026-02-13 06:00:00+01:00,0.856,0.2112121792,0.0,0.0,0.856,0.408675322,0.268545222,3.108,0.0
2026-02-13 07:00:00+01:00,0.895,0.24251040825,0.0,0.0,0.895,0.4379792835,0.2978491835,0.9535,0.0
2026-02-13 08:00:00+01:00,0.971,0.27252624905,0.0,0.0,0.971,0.4497213655,0.3095912655,1.698,0.0
2026-02-13 09:00:00+01:00,0.768,0.2124868416,0.0,0.0,0.768,0.4448934957499999,0.30476339575,0.7337499999999999,0.00025
2026-02-13 10:00:00+01:00,1.191,0.31114285455,0.0,0.0,1.191,0.42622256049999996,0.28609246050000003,0.7857500000000001,0.0022500000000000003
2026-02-13 11:00:00+01:00,1.545,0.393336953625,0.034,0.00781258885,1.511,0.41816635024999993,0.27803625025,0.441,0.2885
2026-02-13 12:00:00+01:00,0.54,0.1353730455,0.261,0.058956200325,0.279,0.41345194825,0.27332184825,0.18075000000000002,0.8975
2026-02-13 13:00:00+01:00,0.227,0.056590946775,0.25,0.05612358125,-0.022999999999999993,0.41176823324999995,0.27163813324999997,0.5242500000000001,1.0150000000000001
2026-02-13 14:00:00+01:00,0.118,0.03012550915,0.03,0.00691487775,0.088,0.41903016925000003,0.27890006925,0.3215,0.523
2026-02-13 15:00:00+01:00,0.237,0.062988313575,0.002,0.00048193695,0.235,0.43170195474999995,0.29157185474999997,1.00375,0.11425
2026-02-13 16:00:00+01:00,0.45,0.12523091625,0.0,0.0,0.45,0.4468480692499999,0.30671796925,0.6912499999999999,0.03375
2026-02-13 17:00:00+01:00,0.627,0.17911060695,0.0,0.0,0.627,0.4557680985,0.3156379985,1.94125,0.0
2026-02-13 18:00:00+01:00,1.117,0.331651625525,0.0,0.0,1.117,0.46938056825,0.32925046825000004,1.99825,0.0
2026-02-13 19:00:00+01:00,0.925,0.271292209375,0.0,0.0,0.925,0.46499558875,0.32486548875,2.8810000000000002,0.0
2026-02-13 20:00:00+01:00,3.52,0.977507696,0.0,0.0,3.52,0.4461343205,0.3060042205,0.88725,0.0
2026-02-13 21:00:00+01:00,5.641,1.440903335025,0.0,0.0,5.641,0.41919122025,0.27906112024999996,2.9775,0.0
2026-02-13 22:00:00+01:00,0.882,0.22285421235,0.0,0.0,0.882,0.41584575174999994,0.27571565175,3.4335000000000004,0.0
2026-02-13 23:00:00+01:00,0.849,0.210776793975,0.0,0.0,0.849,0.41051642774999997,0.27038632775,4.77025,0.0
2026-02-14 00:00:00+01:00,0.777,0.189446605425,0.0,0.0,0.777,0.40513586025,0.26500576025,0.63575,0.0
2026-02-14 01:00:00+01:00,0.772,0.1824966891,0.0,0.0,0.772,0.39615360675,0.25602350675,0.5845,0.0
2026-02-14 02:00:00+01:00,0.73,0.169690763,0.0,0.0,0.73,0.39138430099999993,0.251254201,0.7927499999999998,0.0
2026-02-14 03:00:00+01:00,0.719,0.166609609925,0.0,0.0,0.719,0.39050218075000004,0.25037208075,0.6542499999999999,0.0
2026-02-14 04:00:00+01:00,3.65,0.838030875,0.0,0.0,3.65,0.387929025,0.24779892499999998,0.56275,0.0
2026-02-14 05:00:00+01:00,0.75,0.173232675,0.0,0.0,0.75,0.389598099,0.249467999,0.5395,0.0
2026-02-14 06:00:00+01:00,0.746,0.1737124037,0.0,0.0,0.746,0.39187477449999997,0.2517446745,2.274,0.0
2026-02-14 07:00:00+01:00,0.71,0.16668043425,0.0,0.0,0.71,0.39417707175,0.25404697174999996,1.3832499999999999,0.0
2026-02-14 08:00:00+01:00,0.772,0.1888346933,0.0,0.0,0.772,0.40608752524999997,0.26595742525,0.841,0.0
2026-02-14 09:00:00+01:00,1.648,0.4156061536,0.006,0.0013642992,1.642,0.415263772,0.275133672,1.09975,0.0925
2026-02-14 10:00:00+01:00,0.521,0.129402684675,0.528,0.1180442604,-0.007000000000000006,0.4106481967499999,0.27051809675,0.19375000000000003,0.89825
2026-02-14 11:00:00+01:00,0.078,0.01891776315,2.02,0.4398154585,-1.942,0.40358391425,0.26345381425,0.059750000000000004,1.56575
2026-02-14 12:00:00+01:00,0.009,0.002149223175,3.403,0.728233747725,-3.394,0.39906716575,0.25893706575,0.245,1.5892499999999998
2026-02-14 13:00:00+01:00,0.045,0.010689624,3.424,0.7284292928,-3.379,0.3975481619999999,0.257418062,0.65725,1.86875
2026-02-14 14:00:00+01:00,0.006,0.001447644,2.837,0.614122553,-2.8310000000000004,0.40205758999999996,0.26192749,0.6152499999999999,1.73275
2026-02-14 15:00:00+01:00,2.433,0.604513946025,1.336,0.2988089918,1.0969999999999998,0.41075800425,0.27062790425,3.60975,0.53525
2026-02-14 16:00:00+01:00,0.009,0.00233715735,1.572,0.3692300238,-1.5630000000000002,0.4243338715,0.2842037715,0.818,0.20700000000000002
2026-02-14 17:00:00+01:00,0.125,0.034039190625,0.675,0.167068254375,-0.55,0.43961541525,0.29948531525,0.85525,0.0005
2026-02-14 18:00:00+01:00,1.22,0.3531476355,0.0,0.0,1.22,0.46036903274999996,0.32023893275,0.724,0.0
2026-02-14 19:00:00+01:00,1.064,0.309404018,0.0,0.0,1.064,0.4619758825,0.32184578249999996,0.6895,0.0
2026-02-14 20:00:00+01:00,1.049,0.29496395665,0.0,0.0,1.049,0.4503509284999999,0.3102208285,0.666,0.0
2026-02-14 21:00:00+01:00,1.051,0.285292242125,0.0,0.0,1.051,0.43856858374999996,0.29843848375,0.7502500000000001,0.0
2026-02-14 22:00:00+01:00,1.013,0.269902681675,0.0,0.0,1.013,0.43250720975,0.29237710975,0.702,0.0
2026-02-14 23:00:00+01:00,0.952,0.2433056626,0.0,0.0,0.952,0.41935959175,0.27922949175,0.5872499999999999,0.0
2026-02-15 00:00:00+01:00,0.875,0.22222633125,0.0,0.0,0.875,0.41742331949999995,0.2772932195,0.60375,0.0
2026-02-15 01:00:00+01:00,0.934,0.2338372674,0.0,0.0,0.934,0.413052981,0.272922881,0.60025,0.0
2026-02-15 02:00:00+01:00,0.904,0.2227003548,0.0,0.0,0.904,0.40819948949999996,0.2680693895,0.9530000000000001,0.0
2026-02-15 03:00:00+01:00,2.95,0.71071422125,0.0,0.0,2.95,0.40162934075,0.26149924075,1.55225,0.0
2026-02-15 04:00:00+01:00,6.361,1.5298179556,0.0,0.0,6.361,0.40112056599999996,0.260990466,0.8640000000000001,0.0
2026-02-15 05:00:00+01:00,2.391,0.5728936422,0.0,0.0,2.391,0.40003713199999996,0.259907032,0.854,0.0
2026-02-15 06:00:00+01:00,1.003,0.238815077325,0.0,0.0,1.003,0.39821798775,0.25808788774999997,0.8595,0.0
2026-02-15 07:00:00+01:00,0.709,0.16979787825,0.0,0.0,0.709,0.3998980425,0.25976794249999996,0.7849999999999999,0.0
2026-02-15 08:00:00+01:00,0.446,0.10768240725,0.011,0.002382989125,0.435,0.40225890374999995,0.26212880375,0.85925,0.0
2026-02-15 09:00:00+01:00,0.096,0.0226459728,0.578,0.1220103379,-0.482,0.3955496654999999,0.2554195655,0.5952500000000001,0.05975
2026-02-15 10:00:00+01:00,0.009,0.002061286425,1.675,0.342079931875,-1.6660000000000001,0.3872445582499999,0.24711445825,0.13325,0.7697499999999999
2026-02-15 11:00:00+01:00,0.02,0.004330227,2.194,0.4206037319,-2.174,0.37209478349999997,0.2319646835,0.0075,1.92225
2026-02-15 12:00:00+01:00,0.009,0.0019135908,2.926,0.5495502012,-2.9170000000000003,0.3673877019999999,0.22725760199999998,0.00625,2.266
2026-02-15 13:00:00+01:00,0.078,0.0162031584,0.849,0.1553057022,-0.771,0.36147273799999996,0.221342638,0.05375,2.3205
2026-02-15 14:00:00+01:00,0.422,0.0903669745,0.021,0.00397602975,0.40099999999999997,0.36922514749999996,0.22909504749999998,0.061500000000000006,1.7327499999999998
2026-02-15 15:00:00+01:00,0.25,0.05567890625,0.002,0.00039582125,0.248,0.37960195625,0.23947185625,0.0645,1.0202499999999999
2026-02-15 16:00:00+01:00,0.55,0.1306476325,0.0,0.0,0.55,0.39754084149999996,0.2574107415,0.43224999999999997,0.18225
2026-02-15 17:00:00+01:00,1.38,0.3513384435,0.0,0.0,1.38,0.41817367075,0.27804357075,1.73075,0.0
2026-02-15 18:00:00+01:00,0.716,0.185725925,0.0,0.0,0.716,0.42398248749999995,0.2838523875,1.248,0.0
2026-02-15 19:00:00+01:00,0.734,0.18851881675,0.0,0.0,0.734,0.42088957624999995,0.28075947625,1.20125,0.0
2026-02-15 20:00:00+01:00,0.758,0.1925711128,0.0,0.0,0.758,0.41751848599999997,0.277388386,3.2775,0.0
2026-02-15 21:00:00+01:00,4.375,1.113950578125,0.0,0.0,4.375,0.41820295274999997,0.27807285275,1.1142500000000002,0.0
2026-02-15 22:00:00+01:00,0.77,0.188212717,0.0,0.0,0.77,0.40587889099999996,0.265748791,0.562,0.0
2026-02-15 23:00:00+01:00,0.608,0.1429297496,0.0,0.0,0.608,0.39456505824999993,0.25443495825,0.601,0.0
2026-02-16 00:00:00+01:00,0.594,0.1509425874,0.0,0.0,0.594,0.417591691,0.277461591,0.69075,0.0
2026-02-16 01:00:00+01:00,0.56,0.137674768,0.0,0.0,0.56,0.407591888,0.26746178800000003,0.8287499999999999,0.0
2026-02-16 02:00:00+01:00,0.6,0.147350775,0.0,0.0,0.6,0.40727344625,0.26714334625,1.7679999999999998,0.0
2026-02-16 03:00:00+01:00,0.622,0.1445858282,0.0,0.0,0.622,0.39138430099999993,0.251254201,0.661,0.0
2026-02-16 04:00:00+01:00,1.018,0.23058613655,0.0,0.0,1.018,0.38419190975,0.24406180975,0.6407499999999999,0.0
2026-02-16 05:00:00+01:00,1.282,0.2845170163,0.0,0.0,1.282,0.3786539515,0.2385238515,0.64625,0.0
2026-02-16 06:00:00+01:00,1.443,0.33482744295,0.0,0.0,1.443,0.3908791865,0.2507490865,0.673,0.0
2026-02-16 07:00:00+01:00,1.569,0.3772489479,0.0,0.0,1.569,0.401047361,0.260917261,0.762,0.0
2026-02-16 08:00:00+01:00,0.413,0.107920441475,0.061,0.014426718075,0.352,0.42629942574999996,0.28616932575,0.94125,0.0
2026-02-16 09:00:00+01:00,0.158,0.0422335738,0.174,0.0421943214,-0.015999999999999986,0.43355038099999993,0.293420281,0.5435,0.0685
2026-02-16 10:00:00+01:00,0.042,0.01097712,0.23,0.05440765,-0.188,0.42636165,0.28623155,0.31325,0.5485
2026-02-16 11:00:00+01:00,0.244,0.0610770369,0.609,0.137336031525,-0.365,0.41299807725,0.27286797725,0.38649999999999995,0.75825
2026-02-16 12:00:00+01:00,0.06,0.014208183,0.188,0.0398556334,-0.128,0.3966477405,0.2565176405,0.576,0.69075
2026-02-16 13:00:00+01:00,0.037,0.008716719,0.303,0.063866946,-0.266,0.39517631999999997,0.25504622,0.67,0.6712499999999999
2026-02-16 14:00:00+01:00,0.019,0.004509316075,1.633,0.347057285025,-1.614,0.39728828424999996,0.25715818425,0.449,0.1845
2026-02-16 15:00:00+01:00,2.569,0.632274637225,0.724,0.1602299061,1.845,0.40791765025,0.26778755025,0.494,0.1615
2026-02-16 16:00:00+01:00,0.109,0.02815257995,0.422,0.0985266821,-0.313,0.4226355155,0.2825054155,0.6307499999999999,0.16875
2026-02-16 17:00:00+01:00,1.366,0.37358354935,0.0,0.0,1.366,0.44103559225,0.30090549225,1.04825,0.0
2026-02-16 18:00:00+01:00,0.829,0.228451239775,0.0,0.0,0.829,0.44356116474999996,0.30343106475000003,0.9637500000000001,0.0
2026-02-16 19:00:00+01:00,0.628,0.1744342534,0.0,0.0,0.628,0.44620752550000004,0.3060774255,0.7407499999999999,0.0
2026-02-16 20:00:00+01:00,0.662,0.1728080497,0.0,0.0,0.662,0.4259736635,0.2858435635,0.8200000000000001,0.0
2026-02-16 21:00:00+01:00,3.314,0.81681475315,0.0,0.0,3.314,0.40834955975,0.26821945975,0.99075,0.0
2026-02-16 22:00:00+01:00,6.957,1.6995039633,0.0,0.0,6.957,0.40570319899999996,0.265573099,1.9834999999999998,0.0
2026-02-16 23:00:00+01:00,0.832,0.195442104,0.0,0.0,0.832,0.39435276375,0.25422266375,0.7422500000000001,0.0
2026-02-17 00:00:00+01:00,1.268,0.2908304454,0.0,0.0,1.268,0.38764352550000003,0.2475134255,2.3329999999999997,0.0
2026-02-17 01:00:00+01:00,0.583,0.131656164475,0.0,0.0,0.583,0.38336469324999994,0.24323459325,0.79575,0.0
2026-02-17 02:00:00+01:00,0.564,0.1272153465,0.0,0.0,0.564,0.38304259124999995,0.24291249125,0.85575,0.0
2026-02-17 03:00:00+01:00,1.041,0.23489837085,0.0,0.0,1.041,0.3831487384999999,0.24301863849999997,3.3427499999999997,0.0
2026-02-17 04:00:00+01:00,0.753,0.1689872811,0.0,0.0,0.753,0.38166267699999995,0.241532577,1.73075,0.0
2026-02-17 05:00:00+01:00,0.496,0.114015396,0.0,0.0,0.496,0.3882584475,0.24812834749999998,2.319,0.0
2026-02-17 06:00:00+01:00,0.525,0.130196075625,0.0,0.0,0.525,0.41018700525,0.27005690525,0.752,0.0
2026-02-17 07:00:00+01:00,0.892,0.2371562853,0.0,0.0,0.892,0.43181908274999997,0.29168898275,1.0967500000000001,0.0
2026-02-17 08:00:00+01:00,0.364,0.0975409435,0.075,0.018237346875,0.289,0.43435929624999997,0.29422919625,0.9149999999999999,0.0
2026-02-17 09:00:00+01:00,3.237,0.84130261215,0.0,0.0,3.237,0.42459740949999997,0.2844673095,0.6977499999999999,0.03875
2026-02-17 10:00:00+01:00,3.766,0.9251792858,0.708,0.1563698004,3.058,0.407372273,0.267242173,0.2025,0.22474999999999998
2026-02-17 11:00:00+01:00,0.129,0.0303969666,1.211,0.2553156144,-1.082,0.395234884,0.255104784,0.18325,0.49875
2026-02-17 12:00:00+01:00,0.106,0.024247553,1.442,0.294089411,-1.3359999999999999,0.38690415499999997,0.246774055,0.5822499999999999,0.34575
2026-02-17 13:00:00+01:00,0.078,0.0176216898,1.747,0.3513463327,-1.669,0.383478161,0.24334806099999998,0.51225,0.3825
2026-02-17 14:00:00+01:00,0.019,0.004334132275,1.481,0.301098000225,-1.4620000000000002,0.38613184224999997,0.24600174225000002,0.6647500000000001,0.449
2026-02-17 15:00:00+01:00,0.039,0.009165831675,0.822,0.17279781915,-0.7829999999999999,0.39449185324999997,0.25436175325,0.49775,0.23425
2026-02-17 16:00:00+01:00,0.881,0.2154512811,0.199,0.0437298719,0.6819999999999999,0.40602530099999995,0.26589520099999997,0.5129999999999999,0.0635
2026-02-17 17:00:00+01:00,1.76,0.46763354,0.0,0.0,1.76,0.43161410875,0.29148400875,1.3450000000000002,0.0
2026-02-17 18:00:00+01:00,2.901,0.8393965173,0.0,0.0,2.901,0.46022628299999996,0.320096183,0.86475,0.0
2026-02-17 19:00:00+01:00,0.767,0.2197391339,0.0,0.0,0.767,0.456771007,0.31664090699999997,0.65975,0.0
2026-02-17 20:00:00+01:00,0.874,0.236465944,0.0,0.0,0.874,0.43748881,0.29735870999999997,0.86775,0.0
2026-02-17 21:00:00+01:00,0.825,0.211691390625,0.0,0.0,0.825,0.42059675625,0.28046665625,2.586,0.0
2026-02-17 22:00:00+01:00,0.806,0.19920416945,0.0,0.0,0.806,0.40916945574999997,0.26903935575,1.2785000000000002,0.0
2026-02-17 23:00:00+01:00,0.684,0.1649548593,0.0,0.0,0.684,0.40192216075,0.26179206075,1.9805000000000001,0.0
2026-02-18 00:00:00+01:00,0.656,0.160081548,0.0,0.0,0.656,0.40538841749999993,0.2652583175,1.18875,0.0
2026-02-18 01:00:00+01:00,0.663,0.159162432,0.0,0.0,0.663,0.40059349,0.26046339,0.52325,0.0
2026-02-18 02:00:00+01:00,0.677,0.1626134367,0.0,0.0,0.677,0.40075454099999996,0.260624441,1.3512499999999998,0.0
2026-02-18 03:00:00+01:00,0.658,0.1560950699,0.0,0.0,0.658,0.3971601755,0.25703007549999995,0.79025,0.0
2026-02-18 04:00:00+01:00,0.685,0.163530032875,0.0,0.0,0.685,0.39897931974999995,0.25884921974999997,1.2325,0.0
2026-02-18 05:00:00+01:00,0.722,0.17770086015,0.0,0.0,0.722,0.40792497074999995,0.26779487074999997,1.21025,0.0
2026-02-18 06:00:00+01:00,0.755,0.203838127625,0.0,0.0,0.755,0.43679702275,0.29666692275,1.06975,0.0
2026-02-18 07:00:00+01:00,1.484,0.4927774852,0.0,0.0,1.484,0.5119090129999999,0.371778913,0.65325,0.0
2026-02-18 08:00:00+01:00,0.65,0.22254214125,0.0,0.0,0.65,0.52438680525,0.38425670525,0.768,0.0
2026-02-18 09:00:00+01:00,0.074,0.0211690468,0.283,0.0739374856,-0.20899999999999996,0.456258572,0.31612847199999994,1.13875,0.0
2026-02-18 10:00:00+01:00,0.169,0.044388133075,0.283,0.067310609025,-0.11399999999999996,0.42792457674999995,0.28779447675000003,0.7755,0.0
2026-02-18 11:00:00+01:00,0.084,0.0205322964,0.644,0.1414398524,-0.56,0.40587889099999996,0.265748791,0.32725,0.22125
2026-02-18 12:00:00+01:00,0.0,0.0,2.562,0.54382875855,-2.562,0.39697350275,0.25684340275,0.42600000000000005,0.93075
2026-02-18 13:00:00+01:00,0.0,0.0,3.38,0.689867464,-3.38,0.38709448799999996,0.246964388,0.309,0.45275
2026-02-18 14:00:00+01:00,0.004,0.0009201324,2.157,0.4426770117,-2.153,0.388456101,0.248326001,0.2615,0.9655
2026-02-18 15:00:00+01:00,0.021,0.00499751175,1.322,0.2818130535,-1.3010000000000002,0.3980679174999999,0.2579378175,0.17300000000000001,0.6765
2026-02-18 16:00:00+01:00,0.154,0.03671689945,0.132,0.0281973681,0.021999999999999992,0.39860597424999994,0.25847587425,0.49575,0.237
2026-02-18 17:00:00+01:00,2.035,0.488819566125,0.0,0.0,2.035,0.40076552174999996,0.26063542175,1.99475,0.0
2026-02-18 18:00:00+01:00,1.233,0.305547264,0.0,0.0,1.233,0.40996373,0.26983363,0.6075,0.0
2026-02-18 19:00:00+01:00,0.906,0.24287914365,0.0,0.0,0.906,0.4344910652499999,0.29436096525,0.9312500000000001,0.0
2026-02-18 20:00:00+01:00,1.163,0.281738000225,0.0,0.0,1.163,0.40323985074999996,0.26310975075,1.08775,0.0
2026-02-18 21:00:00+01:00,0.894,0.21626416515,0.0,0.0,0.894,0.40282258225,0.26269248225,1.9414999999999998,0.0
2026-02-18 22:00:00+01:00,0.758,0.18133795075,0.0,0.0,0.758,0.39958692125,0.25945682124999997,1.6335,0.0
2026-02-18 23:00:00+01:00,0.752,0.1750890812,0.0,0.0,0.752,0.39184183224999997,0.25171173225,0.5975,0.0
2026-02-19 00:00:00+01:00,0.677,0.152371763775,0.0,0.0,0.677,0.38244963075,0.24231953075,0.7302500000000001,0.0
2026-02-19 01:00:00+01:00,0.636,0.1418125929,0.0,0.0,0.636,0.37991673774999996,0.23978663774999998,0.767,0.0
2026-02-19 02:00:00+01:00,0.63,0.13957522425,0.0,0.0,0.63,0.37818909975,0.23805899974999997,0.93325,0.0
2026-02-19 03:00:00+01:00,0.674,0.1487055636,0.0,0.0,0.674,0.37708004400000006,0.236949944,1.2925,0.0
2026-02-19 04:00:00+01:00,0.642,0.13977904875,0.0,0.0,0.642,0.37356254375,0.23343244375,2.1425,0.0
2026-02-19 05:00:00+01:00,0.648,0.1466876466,0.0,0.0,0.648,0.38402353825,0.24389343824999998,1.11575,0.0
2026-02-19 06:00:00+01:00,0.64,0.148357616,0.0,0.0,0.64,0.39060466774999997,0.25047456775,0.8174999999999999,0.0
2026-02-19 07:00:00+01:00,0.808,0.1906133812,0.0,0.0,0.808,0.3955643065,0.2554342065,0.93825,0.0
2026-02-19 08:00:00+01:00,1.037,0.2550696456,0.0,0.0,1.037,0.407738298,0.26760819799999996,0.8380000000000001,0.0
2026-02-19 09:00:00+01:00,1.109,0.2766440424,0.0,0.0,1.109,0.411954906,0.271824806,1.4525,0.02225
2026-02-19 10:00:00+01:00,0.621,0.1466076051,0.0,0.0,0.621,0.395776601,0.25564650099999997,0.297,0.421
2026-02-19 11:00:00+01:00,1.153,0.2805885456,0.0,0.0,1.153,0.40457584199999996,0.264445742,0.60125,0.6185
2026-02-19 12:00:00+01:00,0.995,0.232142629125,0.0,0.0,0.995,0.39242015175000006,0.25229005175,0.35875,0.682
2026-02-19 13:00:00+01:00,1.629,0.3786660999,0.013,0.0026994253,1.616,0.39138430099999993,0.251254201,0.35475,0.7125
2026-02-19 14:00:00+01:00,0.325,0.074602474375,0.019,0.003890080425,0.306,0.38786680075,0.24773670074999998,0.6947500000000001,0.35725
2026-02-19 15:00:00+01:00,0.11,0.0262932395,0.065,0.01392458925,0.045,0.39934168449999996,0.2592115845,1.4969999999999999,0.14875
2026-02-19 16:00:00+01:00,0.604,0.1471308817,0.0,0.0,0.604,0.40486500175,0.26473490175,0.3975000000000001,0.001
2026-02-19 17:00:00+01:00,1.121,0.2861346895,0.0,0.0,1.121,0.418967945,0.278837845,0.978,0.0
2026-02-19 18:00:00+01:00,0.969,0.260190187125,0.0,0.0,0.969,0.43501814125,0.29488804125,1.9597499999999999,0.0
2026-02-19 19:00:00+01:00,0.891,0.2351465721,0.0,0.0,0.891,0.429450901,0.28932080099999996,0.741,0.0
2026-02-19 20:00:00+01:00,1.252,0.3193034757,0.0,0.0,1.252,0.41870806725000004,0.27857796725,0.83275,0.0
2026-02-19 21:00:00+01:00,1.488,0.3534207204,0.0,0.0,1.488,0.39750789925,0.25737779925,1.0074999999999998,0.0
2026-02-19 22:00:00+01:00,1.032,0.2466315654,0.0,0.0,1.032,0.39928678074999996,0.25915668075,0.7687499999999999,0.0
2026-02-19 23:00:00+01:00,2.926,0.6789186096,0.0,0.0,2.926,0.390871866,0.250741766,0.7695,0.0
2026-02-20 00:00:00+01:00,0.888,0.2112051612,0.0,0.0,0.888,0.39790686649999996,0.2577767665,0.778,0.0
2026-02-20 01:00:00+01:00,2.715,0.650993536875,0.0,0.0,2.715,0.40024576624999997,0.26011566625,0.751,0.0
2026-02-20 02:00:00+01:00,5.969,1.425123670575,0.0,0.0,5.969,0.3990086017499999,0.25887850175,0.8895,0.0
2026-02-20 03:00:00+01:00,0.739,0.1761464881,0.0,0.0,0.739,0.398529109,0.25839900899999996,2.71125,0.0
2026-02-20 04:00:00+01:00,0.703,0.1662641398,0.0,0.0,0.703,0.396289036,0.256158936,3.1125,0.0
2026-02-20 05:00:00+01:00,0.649,0.153958067725,0.0,0.0,0.649,0.39715651524999995,0.25702641525,4.0055,0.0
2026-02-20 06:00:00+01:00,0.588,0.1495264155,0.0,0.0,0.588,0.41781496625,0.27768486625,3.2815,0.0
2026-02-20 07:00:00+01:00,0.61,0.16566100925,0.0,0.0,0.61,0.43872231424999997,0.29859221425,1.11775,0.0
2026-02-20 08:00:00+01:00,0.728,0.201446245,0.0,0.0,0.728,0.4449374187499999,0.30480731874999994,1.689,0.0
2026-02-20 09:00:00+01:00,0.481,0.128398681125,0.0,0.0,0.481,0.43311481125,0.29298471125,0.69075,0.00025
2026-02-20 10:00:00+01:00,0.12,0.030923244,0.019,0.0044248853,0.10099999999999999,0.421925427,0.281795327,0.82525,0.00025
2026-02-20 11:00:00+01:00,0.599,0.1524885681,0.006,0.0013786014,0.593,0.41814804899999997,0.278017949,0.77625,0.08474999999999999
2026-02-20 12:00:00+01:00,0.068,0.0162922628,0.679,0.1458404409,-0.611,0.400022491,0.259892391,0.3005,0.44075
2026-02-20 13:00:00+01:00,0.268,0.0639180201,0.275,0.058766145625,-0.007000000000000006,0.39870114075,0.25857104075,0.528,0.474
2026-02-20 14:00:00+01:00,0.143,0.033241225875,0.009,0.001868860125,0.13399999999999998,0.39138796125,0.25125786125,0.23725000000000002,0.2165
2026-02-20 15:00:00+01:00,0.158,0.03750808215,0.029,0.006165049825,0.129,0.39736148925,0.25723138925,0.951,0.006750000000000001
2026-02-20 16:00:00+01:00,0.44,0.106846025,0.0,0.0,0.44,0.40394261875000004,0.26381251875,0.56325,0.03375
2026-02-20 17:00:00+01:00,0.599,0.1514158789,0.0,0.0,0.599,0.415981181,0.275851081,1.79725,0.0
2026-02-20 18:00:00+01:00,1.701,0.416895581025,0.0,0.0,1.701,0.40667316524999997,0.26654306525,2.099,0.0
2026-02-20 19:00:00+01:00,1.377,0.327289938525,0.0,0.0,1.377,0.39771287325,0.25758277325,2.934,0.0
2026-02-20 20:00:00+01:00,1.227,0.2885159211,0.0,0.0,1.227,0.394634603,0.254504503,1.46775,0.0
2026-02-20 21:00:00+01:00,0.707,0.160783447825,0.0,0.0,0.707,0.38528998475,0.24515988475,4.16325,0.0
2026-02-20 22:00:00+01:00,0.646,0.1384398026,0.0,0.0,0.646,0.36942280099999997,0.229292701,3.5275,0.0
2026-02-20 23:00:00+01:00,3.195,0.637369511625,0.0,0.0,3.195,0.35149855675,0.21136845675000002,4.251250000000001,0.0
2026-02-21 00:00:00+01:00,11.06,2.237704546,0.0,0.0,11.06,0.354928211,0.214798111,0.68475,0.0
2026-02-21 01:00:00+01:00,2.255,0.43317095525,0.0,0.0,2.255,0.3425492455,0.2024191455,0.64275,0.0
2026-02-21 02:00:00+01:00,0.445,0.083765320375,0.0,0.0,0.445,0.33788242674999996,0.19775232674999998,0.8345,0.0
2026-02-21 03:00:00+01:00,0.92,0.171958787,0.0,0.0,0.92,0.33627923725,0.19614913725,0.71275,0.0
2026-02-21 04:00:00+01:00,0.633,0.1180374723,0.0,0.0,0.633,0.335748501,0.195618401,1.3635,0.0
2026-02-21 05:00:00+01:00,0.429,0.07980230115,0.0,0.0,0.429,0.3351994635,0.1950693635,0.6200000000000001,0.0
2026-02-21 06:00:00+01:00,1.366,0.26133782675,0.0,0.0,1.366,0.34160856125,0.20147846125000002,0.8234999999999999,0.0
2026-02-21 07:00:00+01:00,0.568,0.121485331,0.0,0.0,0.568,0.36891402624999997,0.22878392625,0.8065,0.0
2026-02-21 08:00:00+01:00,0.858,0.1996160595,0.033,0.00685897575,0.825,0.39162587749999994,0.2514957775,0.88425,0.0
2026-02-21 09:00:00+01:00,0.586,0.1387594967,0.4,0.08479438,0.18599999999999994,0.3966330995,0.2565029995,1.3719999999999999,0.03325
2026-02-21 10:00:00+01:00,0.416,0.0928875376,1.223,0.24274391405,-0.8070000000000002,0.3802937435,0.2401636435,0.31850000000000006,0.6825
2026-02-21 11:00:00+01:00,0.086,0.01810305805,0.644,0.1195880147,-0.558,0.36482186675,0.22469176675,0.078,1.565
2026-02-21 12:00:00+01:00,0.068,0.0141612108,0.345,0.0632895945,-0.27699999999999997,0.36210230099999996,0.221972201,0.24725,1.718
2026-02-21 13:00:00+01:00,0.629,0.1353598565,0.031,0.0059021985,0.598,0.37050623499999996,0.23037613499999998,0.6685,1.934
2026-02-21 14:00:00+01:00,0.816,0.1894793208,0.0,0.0,0.816,0.3910841605,0.2509540605,0.61625,1.88075
2026-02-21 15:00:00+01:00,0.298,0.0714994082,0.114,0.0245243526,0.184,0.400432439,0.260302339,4.21625,0.6865
2026-02-21 16:00:00+01:00,0.024,0.0060289944,0.087,0.0196970697,-0.063,0.414077851,0.27394775099999996,0.81375,0.5535
2026-02-21 17:00:00+01:00,0.125,0.0333067625,0.0,0.0,0.125,0.43252551100000003,0.292395411,0.84825,0.16925
2026-02-21 18:00:00+01:00,0.154,0.0410562922,0.0,0.0,0.154,0.432701203,0.292571103,0.86725,0.0
2026-02-21 19:00:00+01:00,0.182,0.0470070601,0.0,0.0,0.182,0.4226355155,0.2825054155,0.64625,0.0
2026-02-21 20:00:00+01:00,0.164,0.0401845961,0.0,0.0,0.164,0.40659996024999995,0.26646986024999997,0.76425,0.0
2026-02-21 21:00:00+01:00,0.173,0.0411521847,0.0,0.0,0.173,0.39794346899999994,0.257813369,0.85725,0.0
2026-02-21 22:00:00+01:00,0.181,0.041327734525,0.0,0.0,0.181,0.38639538025,0.24626528025,0.7305,0.0
2026-02-21 23:00:00+01:00,0.175,0.036886320625,0.0,0.0,0.175,0.36515860975,0.22502850975000002,0.6265000000000001,0.0
2026-02-22 00:00:00+01:00,0.179,0.035907914625,0.0,0.0,0.179,0.3528455287499999,0.21271542875,0.61975,0.0
2026-02-22 01:00:00+01:00,0.171,0.032968522125,0.0,0.0,0.171,0.34340208375,0.20327198375,0.63575,0.0
2026-02-22 02:00:00+01:00,0.174,0.03223630575,0.0,0.0,0.174,0.33428806125,0.19415796125,0.96675,0.0
2026-02-22 03:00:00+01:00,0.175,0.031538574375,0.0,0.0,0.175,0.32818276425000004,0.18805266425,2.0965,0.0
2026-02-22 04:00:00+01:00,0.181,0.032156690775,0.0,0.0,0.181,0.32508619275,0.18495609275000002,2.26125,0.0
2026-02-22 05:00:00+01:00,0.18,0.031868496,0.0,0.0,0.18,0.32434316199999996,0.18421306199999998,1.24775,0.0
2026-02-22 06:00:00+01:00,0.164,0.0283977562,0.0,0.0,0.164,0.31963608050000003,0.17950598050000002,0.91675,0.0
2026-02-22 07:00:00+01:00,0.18,0.0324821475,0.0,0.0,0.18,0.32846826375,0.18833816375,0.76925,0.0
2026-02-22 08:00:00+01:00,0.38,0.0710034655,0.0,0.0,0.38,0.33620603224999995,0.19607593224999997,0.77625,0.00275
2026-02-22 09:00:00+01:00,0.85,0.167573505,0.0,0.0,0.85,0.34866186299999996,0.208531763,0.549,0.19674999999999998
2026-02-22 10:00:00+01:00,0.598,0.1206280218,0.0,0.0,0.598,0.35419616099999995,0.21406606099999997,0.1335,0.9742500000000001
2026-02-22 11:00:00+01:00,0.864,0.1676023272,0.0,0.0,0.864,0.34483690175,0.20470680174999997,0.01225,1.9332500000000001
2026-02-22 12:00:00+01:00,0.595,0.1131113445,0.0,0.0,0.595,0.34014080099999994,0.20001070099999999,0.008499999999999999,2.27375
2026-02-22 13:00:00+01:00,5.18,0.972198458,0.097,0.0157991757,5.082999999999999,0.337212601,0.197082501,0.07325000000000001,1.79875
2026-02-22 14:00:00+01:00,0.099,0.0182212569,0.267,0.0425192427,-0.168,0.33282030099999993,0.192690201,0.16475,1.2675
2026-02-22 15:00:00+01:00,0.332,0.0622896989,0.067,0.010908576525,0.265,0.33713573575,0.19700563575,0.1225,0.8667499999999999
2026-02-22 16:00:00+01:00,1.159,0.2494010376,0.0,0.0,1.159,0.370491594,0.230361494,0.43275,0.15625
2026-02-22 17:00:00+01:00,2.085,0.5109023535,0.0,0.0,2.085,0.406610941,0.26648084099999997,1.67775,0.0
2026-02-22 18:00:00+01:00,1.522,0.39063062225,0.0,0.0,1.522,0.42066996125,0.28053986124999997,1.0715000000000001,0.0
2026-02-22 19:00:00+01:00,0.757,0.188966900925,0.0,0.0,0.757,0.41216354024999996,0.27203344025,1.0347499999999998,0.0
2026-02-22 20:00:00+01:00,0.605,0.14271680775,0.0,0.0,0.605,0.3955496654999999,0.2554195655,3.2755,0.0
2026-02-22 21:00:00+01:00,0.54,0.1224128565,0.0,0.0,0.54,0.38441152475,0.24428142475,2.015,0.0
2026-02-22 22:00:00+01:00,0.419,0.090283511725,0.0,0.0,0.419,0.37083931774999995,0.23070921775,0.5842499999999999,0.0
2026-02-22 23:00:00+01:00,8.829,1.708947199575,0.0,0.0,8.829,0.34432446674999995,0.20419436675,0.602,0.0
2026-02-23 00:00:00+01:00,2.641,0.490997487475,0.0,0.0,2.641,0.33507135475,0.19494125475,0.69625,0.0
2026-02-23 01:00:00+01:00,0.525,0.09771733125,0.0,0.0,0.525,0.33533123249999996,0.19520113249999999,0.707,0.0
2026-02-23 02:00:00+01:00,0.517,0.0956621644,0.0,0.0,0.517,0.334006222,0.19387612199999998,1.7334999999999998,0.0
2026-02-23 03:00:00+01:00,7.906,1.463159467,0.0,0.0,7.906,0.33405014499999997,0.193920045,0.67575,0.0
2026-02-23 04:00:00+01:00,4.725,0.87568259625,0.0,0.0,4.725,0.3343649265,0.19423482649999999,0.74675,0.0
2026-02-23 05:00:00+01:00,2.812,0.5562014381,0.0,0.0,2.812,0.34944881675,0.20931871675,0.822,0.0
2026-02-23 06:00:00+01:00,3.856,0.8576949964,0.0,0.0,3.856,0.37925789275,0.23912779274999998,0.8802500000000001,0.0
2026-02-23 07:00:00+01:00,0.72,0.177374142,0.0,0.0,0.72,0.40820314974999994,0.26807304975,0.9415,0.0
2026-02-23 08:00:00+01:00,0.353,0.08825146495,0.0,0.0,0.353,0.4126210715,0.27249097149999996,0.8287500000000001,0.01525
2026-02-23 09:00:00+01:00,0.196,0.0475517658,0.004,0.0008712242,0.192,0.4036754205,0.2635453205,0.4325,0.1115
2026-02-23 10:00:00+01:00,0.326,0.06788952445,0.114,0.02091273855,0.21200000000000002,0.36209864075000003,0.22196854075,0.31225,0.4285
2026-02-23 11:00:00+01:00,0.037,0.006948863625,0.897,0.146212906125,-0.86,0.33736267124999997,0.19723257125,0.44475,0.70975
2026-02-23 12:00:00+01:00,0.123,0.0179801523,0.684,0.0830205684,-0.561,0.28699397099999996,0.146863871,0.58775,0.5187499999999999
2026-02-23 13:00:00+01:00,0.131,0.018510401525,0.549,0.063956180475,-0.41800000000000004,0.28108998775,0.14095988774999998,0.6285000000000001,0.7434999999999999
2026-02-23 14:00:00+01:00,4.524,0.7880017431,0.333,0.049742715825,4.191,0.32087690524999996,0.18074680525,0.29500000000000004,0.57275
2026-02-23 15:00:00+01:00,3.041,0.60461511715,0.019,0.00330630685,3.022,0.3506896415,0.2105595415,1.099,0.28425
2026-02-23 16:00:00+01:00,1.091,0.253814249425,0.007,0.001454870725,1.084,0.39161489675,0.25148479675,0.3615,0.27425
2026-02-23 17:00:00+01:00,0.966,0.2327960019,0.0,0.0,0.966,0.4017135265,0.2615834265,1.211,0.0
2026-02-23 18:00:00+01:00,0.435,0.113650807875,0.0,0.0,0.435,0.42624818224999994,0.28611808224999996,0.80875,0.0
2026-02-23 19:00:00+01:00,0.42,0.1139625795,0.0,0.0,0.42,0.43843681474999996,0.29830671475,0.7637499999999999,0.0
2026-02-23 20:00:00+01:00,0.401,0.101955964275,0.0,0.0,0.401,0.41776372274999996,0.27763362275,0.8375,0.0
2026-02-23 21:00:00+01:00,5.57,1.36308747575,0.0,0.0,5.57,0.40622661475,0.26609651475,1.69575,0.0
2026-02-23 22:00:00+01:00,1.949,0.474446677925,0.0,0.0,1.949,0.40466734825,0.26453724824999997,3.613,0.0
2026-02-23 23:00:00+01:00,0.198,0.04630542345,0.0,0.0,0.198,0.39309363775,0.25296353775,0.82225,0.0
2026-02-24 00:00:00+01:00,0.182,0.0431653222,0.0,0.0,0.182,0.397094291,0.256964191,2.5,0.0
2026-02-24 01:00:00+01:00,0.185,0.043839343625,0.0,0.0,0.185,0.39684905424999994,0.25671895424999996,0.78325,0.0
2026-02-24 02:00:00+01:00,0.183,0.042561613875,0.0,0.0,0.183,0.39153437125,0.25140427125,0.83125,0.0
2026-02-24 03:00:00+01:00,0.662,0.1515970401,0.0,0.0,0.662,0.3872042955,0.24707419549999998,3.4255,0.0
2026-02-24 04:00:00+01:00,0.389,0.089575837175,0.0,0.0,0.389,0.38874526075000004,0.24861516074999998,1.731,0.0
2026-02-24 05:00:00+01:00,0.177,0.04192270665,0.0,0.0,0.177,0.39670630449999994,0.2565762045,0.73275,0.0
2026-02-24 06:00:00+01:00,0.451,0.115489971575,0.0,0.0,0.451,0.4199671932499999,0.27983709325,0.7105,0.0
2026-02-24 07:00:00+01:00,1.101,0.315577235325,0.0,0.0,1.101,0.4569357182499999,0.31680561825,1.1295000000000002,0.0
2026-02-24 08:00:00+01:00,0.671,0.20573393445,0.0,0.0,0.671,0.48111166949999995,0.34098156949999997,0.8154999999999999,0.01875
2026-02-24 09:00:00+01:00,0.285,0.08449342275,0.0,0.0,0.285,0.46884251150000006,0.3287124115,1.4612500000000002,0.0
2026-02-24 10:00:00+01:00,2.751,0.75613312005,0.0,0.0,2.751,0.4426936855,0.30256358549999995,1.1315000000000002,0.19749999999999998
2026-02-24 11:00:00+01:00,2.033,0.5242356823,0.048,0.0111867888,1.9849999999999999,0.422130401,0.28200030099999995,0.20274999999999999,0.39475
2026-02-24 12:00:00+01:00,0.62,0.152519411,0.001,0.00022119405,0.619,0.4077749005,0.2676448005,0.5702499999999999,0.36149999999999993
2026-02-24 13:00:00+01:00,0.742,0.1802598105,0.002,0.0004362655,0.74,0.40407072749999995,0.26394062749999997,0.514,0.43675
2026-02-24 14:00:00+01:00,0.73,0.1742530075,0.029,0.00620303475,0.701,0.39894637749999995,0.25881627749999997,0.5307499999999999,0.37125
2026-02-24 15:00:00+01:00,0.79,0.199200001,0.0,0.0,0.79,0.415219849,0.275089749,0.50425,0.20875
2026-02-24 16:00:00+01:00,0.594,0.15918833205,0.0,0.0,0.594,0.43438857825,0.29425847825,0.71875,0.04975
2026-02-24 17:00:00+01:00,1.295,0.438820430125,0.0,0.0,1.295,0.52013359475,0.38000349475,1.50075,0.0
2026-02-24 18:00:00+01:00,0.451,0.153389531075,0.0,0.0,0.451,0.5216489382499999,0.38151883825,1.4745,0.0
2026-02-24 19:00:00+01:00,0.372,0.1115757456,0.0,0.0,0.372,0.4730371579999999,0.332907058,0.7355,0.0
2026-02-24 20:00:00+01:00,0.343,0.093378637275,0.0,0.0,0.343,0.43952756924999997,0.29939746925,0.8085,0.0
2026-02-24 21:00:00+01:00,0.313,0.0797946237,0.0,0.0,0.313,0.4185872789999999,0.278457179,1.9797499999999997,0.0
2026-02-24 22:00:00+01:00,0.329,0.081788585725,0.0,0.0,0.329,0.41091905525,0.27078895524999996,1.1485,0.0
2026-02-24 23:00:00+01:00,0.455,0.10931445525,0.0,0.0,0.455,0.40082042549999997,0.2606903255,1.9767500000000002,0.0
2026-02-25 00:00:00+01:00,7.67,1.822822287,0.0,0.0,7.67,0.397679931,0.25754983099999995,1.1925,0.0
2026-02-25 01:00:00+01:00,0.877,0.20295406835,0.0,0.0,0.877,0.3901324955,0.2500023955,0.526,0.0
2026-02-25 02:00:00+01:00,2.633,0.600523910525,0.0,0.0,2.633,0.38608791924999997,0.24595781925,0.7795,0.0
2026-02-25 03:00:00+01:00,8.196,1.8951196902,0.0,0.0,8.196,0.38989823949999997,0.24976813949999999,0.8187500000000001,0.0
2026-02-25 04:00:00+01:00,1.336,0.3098379724,0.0,0.0,1.336,0.3907327765,0.2506026765,0.666,0.0
2026-02-25 05:00:00+01:00,0.154,0.0364126994,0.0,0.0,0.154,0.39621583099999996,0.256085731,1.25725,0.0
2026-02-25 06:00:00+01:00,0.563,0.1460148382,0.0,0.0,0.563,0.423931244,0.28380114399999995,0.5465,0.0
2026-02-25 07:00:00+01:00,1.315,0.376175705125,0.0,0.0,1.315,0.45625491174999994,0.31612481174999996,0.9035,0.0
2026-02-25 08:00:00+01:00,0.501,0.13792793025,0.023,0.00576150575,0.478,0.44323540249999993,0.30310530249999995,0.76075,0.0
2026-02-25 09:00:00+01:00,0.008,0.0020342036,0.918,0.2106538731,-0.91,0.41778934449999994,0.27765924449999996,0.6970000000000001,0.07075
2026-02-25 10:00:00+01:00,0.005,0.001174547,2.002,0.4206290088,-1.9969999999999999,0.394356424,0.254226324,0.5525,0.07075
2026-02-25 11:00:00+01:00,0.0,0.0,3.317,0.651874005475,-3.317,0.37792556174999997,0.23779546175,0.16725,0.38225
2026-02-25 12:00:00+01:00,0.012,0.0024861507,2.878,0.52487301955,-2.866,0.36080291224999994,0.22067281225,0.12975,1.567
2026-02-25 13:00:00+01:00,0.0,0.0,3.794,0.66835435975,-3.794,0.3532847587499999,0.21315465874999998,0.27175,1.2455
2026-02-25 14:00:00+01:00,0.0,0.0,4.193,0.769514978925,-4.193,0.36219380725,0.22206370725,0.25775000000000003,1.36625
2026-02-25 15:00:00+01:00,0.0,0.0,3.233,0.638202040025,-3.233,0.37898703425,0.23885693424999999,0.17175,0.825
2026-02-25 16:00:00+01:00,0.001,0.000245766125,2.48,0.54798359,-2.479,0.40749306125,0.26736296125,0.4325,0.27
2026-02-25 17:00:00+01:00,0.174,0.04782995085,0.602,0.15054802455,-0.428,0.44272662774999993,0.30259652775,2.125,0.0
2026-02-25 18:00:00+01:00,0.477,0.132877520325,0.0,0.0,0.477,0.44718481225,0.30705471225000003,0.74875,0.0
2026-02-25 19:00:00+01:00,0.578,0.1541608365,0.0,0.0,0.578,0.4328402925,0.29271019249999997,1.004,0.0
2026-02-25 20:00:00+01:00,0.479,0.1202011701,0.0,0.0,0.479,0.413755749,0.27362564899999997,1.179,0.0
2026-02-25 21:00:00+01:00,0.215,0.051412794125,0.0,0.0,0.215,0.39946247275,0.25933237275,2.0062499999999996,0.0
2026-02-25 22:00:00+01:00,0.832,0.1986107552,0.0,0.0,0.832,0.39896101850000004,0.2588309185,1.6292499999999999,0.0
2026-02-25 23:00:00+01:00,1.278,0.2957142474,0.0,0.0,1.278,0.39009589299999997,0.249965793,0.6255000000000001,0.0
2026-02-26 00:00:00+01:00,0.227,0.053071050725,0.0,0.0,0.227,0.39300579174999994,0.25287569174999996,0.6175,0.0
2026-02-26 01:00:00+01:00,0.168,0.0381830988,0.0,0.0,0.168,0.38512527350000003,0.2449951735,0.6215,0.0
2026-02-26 02:00:00+01:00,0.18,0.0400626765,0.0,0.0,0.18,0.37942626425000003,0.23929616425,0.7955000000000001,0.0
2026-02-26 03:00:00+01:00,0.636,0.1421992968,0.0,0.0,0.636,0.380652448,0.240522348,1.2694999999999999,0.0
2026-02-26 04:00:00+01:00,0.364,0.0806049244,0.0,0.0,0.364,0.37806099099999996,0.237930891,0.62875,0.0
2026-02-26 05:00:00+01:00,0.181,0.0406197847,0.0,0.0,0.181,0.38166267699999995,0.241532577,0.784,0.0
2026-02-26 06:00:00+01:00,0.185,0.045621189625,0.0,0.0,0.185,0.40850329025000004,0.26837319025,0.7722499999999999,0.0
2026-02-26 07:00:00+01:00,0.248,0.065391183,0.0,0.0,0.248,0.42916174124999995,0.28903164124999997,0.91075,0.0
2026-02-26 08:00:00+01:00,0.249,0.066474365925,0.011,0.002663763575,0.238,0.43314409325000003,0.29301399325,0.8565,0.0
2026-02-26 09:00:00+01:00,0.096,0.0248109048,0.154,0.03598085645,-0.057999999999999996,0.42283682925,0.28270672925,1.6504999999999999,0.0
2026-02-26 10:00:00+01:00,0.157,0.038102757825,1.264,0.2754100844,-1.107,0.40377424725,0.26364414725,0.44799999999999995,0.14875
2026-02-26 11:00:00+01:00,1.813,0.370866509475,2.135,0.383776017625,-0.32199999999999984,0.35763313575,0.21750303575,0.8892500000000001,0.041
2026-02-26 12:00:00+01:00,0.0,0.0,4.024,0.537663742,-4.024,0.30180334249999996,0.16167324249999998,0.6074999999999999,0.00375
2026-02-26 13:00:00+01:00,0.002,0.0003010722,3.573,0.4492372203,-3.571,0.292264731,0.15213463100000002,0.76125,0.06075
2026-02-26 14:00:00+01:00,0.056,0.010245312,2.36,0.37322692,-2.304,0.33148797,0.19135787,0.7722500000000001,0.06325
2026-02-26 15:00:00+01:00,0.042,0.00890252055,1.204,0.2253403691,-1.162,0.36659342775,0.22646332775,1.51875,0.04025
2026-02-26 16:00:00+01:00,0.047,0.011298789425,0.659,0.142076956725,-0.612,0.40099977774999995,0.26086967775,0.456,0.00025
2026-02-26 17:00:00+01:00,0.021,0.005356428,0.607,0.139769641,-0.586,0.41874832999999995,0.27861822999999997,0.8545,0.0
2026-02-26 18:00:00+01:00,1.447,0.376616514175,0.0,0.0,1.447,0.4250476202499999,0.28491752025,1.034,0.0
2026-02-26 19:00:00+01:00,0.388,0.1017691796,0.0,0.0,0.388,0.42748900700000003,0.287358907,0.79475,0.0
2026-02-26 20:00:00+01:00,0.392,0.095344249,0.0,0.0,0.392,0.40441845125,0.26428835125,0.89075,0.0
2026-02-26 21:00:00+01:00,0.29,0.068513225,0.0,0.0,0.29,0.395981575,0.255851475,1.0285,0.0
2026-02-26 22:00:00+01:00,0.192,0.0442174656,0.0,0.0,0.192,0.388778203,0.24864810299999998,0.8494999999999999,0.0
2026-02-26 23:00:00+01:00,6.175,1.375493136875,0.0,0.0,6.175,0.37964587924999993,0.23951577924999998,1.3435000000000001,0.0
2026-02-27 00:00:00+01:00,0.235,0.0471196385,0.0,0.0,0.235,0.352732061,0.212601961,0.84675,0.0
2026-02-27 01:00:00+01:00,0.241,0.048530465225,0.0,0.0,0.241,0.35377523224999996,0.21364513224999998,1.2864999999999998,0.0
2026-02-27 02:00:00+01:00,0.254,0.0518252075,0.0,0.0,0.254,0.3569999125,0.2168698125,2.225,0.0
2026-02-27 03:00:00+01:00,1.1,0.2217013425,0.0,0.0,1.1,0.35398752675,0.21385742674999997,2.76175,0.0
2026-02-27 04:00:00+01:00,1.224,0.2575602612,0.0,0.0,1.224,0.3647303605,0.2246002605,1.6149999999999998,0.0
2026-02-27 05:00:00+01:00,0.164,0.0353416679,0.0,0.0,0.164,0.37086859975,0.23073849974999996,1.40775,0.0
2026-02-27 06:00:00+01:00,0.335,0.07451346375,0.0,0.0,0.335,0.3792542325,0.2391241325,0.6735,0.0
2026-02-27 07:00:00+01:00,0.76,0.182276215,0.0,0.0,0.76,0.40031897125,0.26018887124999995,0.85675,0.0
2026-02-27 08:00:00+01:00,0.075,0.01737318,0.311,0.0643264314,-0.236,0.39040335400000004,0.250273254,0.92575,0.0
2026-02-27 09:00:00+01:00,0.119,0.0260852284,0.863,0.1677659918,-0.744,0.37535240599999997,0.235222306,0.66425,0.0
2026-02-27 10:00:00+01:00,0.031,0.0061801476,0.924,0.1612884504,-0.893,0.351341166,0.211211066,0.757,0.005
2026-02-27 11:00:00+01:00,0.054,0.0091851705,0.548,0.079619331,-0.49400000000000005,0.3159319075,0.1758018075,0.8505,0.03975
2026-02-27 12:00:00+01:00,0.066,0.0111796014,0.521,0.0753276909,-0.455,0.315075409,0.17494530899999997,0.23700000000000002,0.5055000000000001
2026-02-27 13:00:00+01:00,0.525,0.104193705,0.164,0.0284801088,0.361,0.350257732,0.210127632,0.45525,0.41400000000000003
2026-02-27 14:00:00+01:00,0.698,0.1538064638,0.134,0.0262034454,0.564,0.376743301,0.236613201,0.17900000000000002,0.18925
2026-02-27 15:00:00+01:00,0.036,0.0087249591,0.137,0.029805031575,-0.101,0.40337161975,0.26324151975,0.9684999999999999,0.00775
2026-02-27 16:00:00+01:00,0.084,0.0205721901,0.031,0.006823162775,0.053000000000000005,0.40645355025,0.26632345025,0.65125,0.0
2026-02-27 17:00:00+01:00,0.219,0.056118919725,0.0,0.0,0.219,0.42017948774999997,0.28004938775,0.88325,0.0
2026-02-27 18:00:00+01:00,0.421,0.11054197,0.0,0.0,0.421,0.42782574999999995,0.28769564999999997,2.3914999999999997,0.0
2026-02-27 19:00:00+01:00,0.269,0.0694042327,0.0,0.0,0.269,0.42230609299999994,0.282175993,3.0445,0.0
2026-02-27 20:00:00+01:00,0.672,0.1659720216,0.0,0.0,0.672,0.40896448174999994,0.26883438175,1.518,0.0
2026-02-27 21:00:00+01:00,0.361,0.0861520363,0.0,0.0,0.361,0.39888049299999995,0.25875039299999997,2.7872500000000002,0.0
2026-02-27 22:00:00+01:00,0.724,0.1727200464,0.0,0.0,0.724,0.39877800599999996,0.258647906,1.97825,0.0
2026-02-27 23:00:00+01:00,1.32,0.306842085,0.0,0.0,1.32,0.39138796125,0.25125786125,2.5927499999999997,0.0
2026-02-28 00:00:00+01:00,0.579,0.1346043567,0.0,0.0,0.579,0.391413583,0.251283483,3.2112499999999997,0.0
2026-02-28 01:00:00+01:00,0.182,0.04089540455,0.0,0.0,0.182,0.38200308024999996,0.24187298025,1.0077500000000001,0.0
2026-02-28 02:00:00+01:00,0.183,0.039405129225,0.0,0.0,0.183,0.37066362575,0.23053352575,0.6617500000000001,0.0
2026-02-28 03:00:00+01:00,1.764,0.3731428008,0.0,0.0,1.764,0.366070012,0.225939912,0.70725,0.0
2026-02-28 04:00:00+01:00,6.13,1.297879154,0.0,0.0,6.13,0.36630426799999993,0.22617416799999998,1.3324999999999998,0.0
2026-02-28 05:00:00+01:00,0.176,0.0375150336,0.0,0.0,0.176,0.36803190599999996,0.227901806,0.53625,0.0
2026-02-28 06:00:00+01:00,0.181,0.0401861449,0.0,0.0,0.181,0.37876375900000003,0.238633659,0.9610000000000001,0.0
2026-02-28 07:00:00+01:00,0.416,0.0914114344,0.0,0.0,0.416,0.37600027025,0.23587017025,0.71275,0.0
2026-02-28 08:00:00+01:00,0.157,0.03072479795,0.002,0.0003417887,0.155,0.3469122635,0.2067821635,0.86375,0.00825
2026-02-28 09:00:00+01:00,0.13,0.02188160975,0.083,0.011911751225,0.047,0.31378334075000003,0.17365324075,1.24925,0.1325
2026-02-28 10:00:00+01:00,0.087,0.0119070897,0.417,0.0467282277,-0.32999999999999996,0.275720401,0.135590301,0.40800000000000003,0.769
2026-02-28 11:00:00+01:00,0.02,0.002713062,0.53,0.058749493,-0.51,0.274256301,0.134126201,0.097,1.163
2026-02-28 12:00:00+01:00,5.776,0.7879528228,0.077,0.008594233725,5.699,0.27518234425,0.13505224425,0.11675,1.292
2026-02-28 13:00:00+01:00,2.854,0.38902738435,0.158,0.01761771495,2.696,0.27505057525,0.13492047524999998,0.65725,1.3235000000000001
2026-02-28 14:00:00+01:00,0.143,0.01939925845,0.192,0.0212839968,-0.049000000000000016,0.2742636215,0.1341335215,0.81975,1.2685
2026-02-28 15:00:00+01:00,0.074,0.01122540595,0.167,0.021190575725,-0.09300000000000001,0.29366660675,0.15353650675,4.1819999999999995,0.5075000000000001
2026-02-28 16:00:00+01:00,0.591,0.125085253425,0.021,0.003923748675,0.57,0.36621276175,0.22608266175,0.52525,0.5527500000000001
2026-02-28 17:00:00+01:00,1.3,0.31787184,0.0,0.0,1.3,0.40598137799999995,0.265851278,0.5305,0.16925
2026-02-28 18:00:00+01:00,1.17,0.3027545235,0.0,0.0,1.17,0.42322115549999995,0.28309105549999997,0.727,0.0
2026-02-28 19:00:00+01:00,1.346,0.35563012595,0.0,0.0,1.346,0.42981326575,0.28968316575,0.5619999999999999,0.0
2026-02-28 20:00:00+01:00,1.562,0.38683511845,0.0,0.0,1.562,0.40977705724999997,0.26964695725,0.65825,0.0
2026-02-28 21:00:00+01:00,1.054,0.26735271255,0.0,0.0,1.054,0.41703899325,0.27690889325,0.74325,0.0
2026-02-28 22:00:00+01:00,1.26,0.325517346,0.0,0.0,1.26,0.422716041,0.282585941,0.5980000000000001,0.0
2026-02-28 23:00:00+01:00,0.997,0.254142951975,0.0,0.0,0.997,0.41855433675,0.27842423675,0.48124999999999996,0.0
2026-03-01 00:00:00+01:00,0.79,0.21613615925,0.0,0.0,0.79,0.44116004075,0.30102994075,0.4675,0.0
2026-03-01 01:00:00+01:00,0.772,0.2056535239,0.0,0.0,0.772,0.43244864574999997,0.29231854575,0.4825,0.0
2026-03-01 02:00:00+01:00,0.764,0.1960852795,0.0,0.0,0.764,0.42066996125,0.28053986124999997,0.602,0.0
2026-03-01 03:00:00+01:00,0.731,0.1770612118,0.0,0.0,0.731,0.403199588,0.26306948799999996,1.846,0.0
2026-03-01 04:00:00+01:00,0.798,0.1864776375,0.0,0.0,0.798,0.3928703625,0.25274026250000003,2.03275,0.0
2026-03-01 05:00:00+01:00,0.666,0.14570956125,0.0,0.0,0.666,0.37484363125,0.23471353125,1.03475,0.0
2026-03-01 06:00:00+01:00,0.816,0.1775075808,0.0,0.0,0.816,0.37333194799999997,0.233201848,0.71,0.0
2026-03-01 07:00:00+01:00,0.616,0.1320088462,0.0,0.0,0.616,0.36941914075000004,0.22928904075,0.5565,0.0
2026-03-01 08:00:00+01:00,0.205,0.040370757625,0.039,0.006712895475,0.16599999999999998,0.34840198524999993,0.20827188524999998,0.627,0.00275
2026-03-01 09:00:00+01:00,0.127,0.019969800675,0.692,0.0916467673,-0.565,0.30037950525,0.16024940525,0.557,0.19674999999999998
2026-03-01 10:00:00+01:00,0.215,0.0291654165,1.285,0.1424398085,-1.0699999999999998,0.274256301,0.134126201,0.20325,0.8632500000000001
2026-03-01 11:00:00+01:00,0.053,0.00718801105,2.538,0.2812557033,-2.485,0.2742196985,0.1340895985,0.2275,1.4132500000000001
2026-03-01 12:00:00+01:00,0.0,0.0,4.107,0.45343929015,-4.107,0.2737219045,0.1335918045,0.15575,1.5997500000000002
2026-03-01 13:00:00+01:00,0.0,0.0,4.02,0.4417788045,-4.02,0.27310332225,0.13297322225,1.36825,1.0927499999999999
2026-03-01 14:00:00+01:00,0.068,0.0092239994,0.955,0.10585415775,-0.887,0.27424898049999996,0.13411888049999998,0.18625,0.8574999999999999
2026-03-01 15:00:00+01:00,0.151,0.024598704075,0.473,0.065321453725,-0.32199999999999995,0.30723149325,0.16710139324999998,0.2015,0.5922499999999999
2026-03-01 16:00:00+01:00,0.282,0.0616618662,0.02,0.003877082,0.26199999999999996,0.374693561,0.234563461,0.6505000000000001,0.144
2026-03-01 17:00:00+01:00,1.646,0.42444764175,0.0,0.0,1.646,0.42213406124999997,0.28200396125,1.72625,0.0
2026-03-01 18:00:00+01:00,2.202,0.56750147685,0.0,0.0,2.202,0.42195836924999996,0.28182826925,1.09175,0.0
2026-03-01 19:00:00+01:00,1.907,0.483524569825,0.0,0.0,1.907,0.41691454475,0.27678444475,0.85975,0.0
2026-03-01 20:00:00+01:00,0.493,0.120661614425,0.0,0.0,0.493,0.40626321725000003,0.26613311725,3.1525,0.0
2026-03-01 21:00:00+01:00,0.23,0.0538301775,0.0,0.0,0.23,0.3933095924999999,0.2531794925,1.8900000000000001,0.0
2026-03-01 22:00:00+01:00,0.192,0.04337124,0.0,0.0,0.192,0.3834452187499999,0.24331511875,0.46775,0.0
2026-03-01 23:00:00+01:00,0.169,0.0358082439,0.0,0.0,0.169,0.366494601,0.226364501,2.5975000000000006,0.0
2026-03-02 00:00:00+01:00,0.163,0.033944762225,0.0,0.0,0.163,0.36209864075000003,0.22196854075,1.1744999999999999,0.0
2026-03-02 01:00:00+01:00,0.166,0.0345700146,0.0,0.0,0.166,0.36210230099999996,0.221972201,0.6737500000000001,0.0
2026-03-02 02:00:00+01:00,0.178,0.0381911816,0.0,0.0,0.178,0.369730262,0.229600162,1.5877499999999998,0.0
2026-03-02 03:00:00+01:00,0.166,0.0351474871,0.0,0.0,0.166,0.3663115885,0.2261814885,2.44775,0.0
2026-03-02 04:00:00+01:00,0.325,0.07022855125,0.0,0.0,0.325,0.37158234849999994,0.23145224849999999,1.75575,0.0
2026-03-02 05:00:00+01:00,0.864,0.1979253144,0.0,0.0,0.864,0.38730312225,0.24717302224999999,1.3564999999999998,0.0
2026-03-02 06:00:00+01:00,0.754,0.1863956237,0.0,0.0,0.754,0.40923900049999995,0.26910890049999997,1.6782499999999998,0.0
2026-03-02 07:00:00+01:00,0.571,0.16458512565,0.0,0.0,0.571,0.45888663150000003,0.3187565315,0.9527499999999999,0.0
2026-03-02 08:00:00+01:00,0.078,0.0214440798,0.467,0.1168056197,-0.389,0.442774211,0.302644111,0.7235,0.01525
2026-03-02 09:00:00+01:00,0.043,0.01011020945,0.822,0.1728798753,-0.7789999999999999,0.39461264149999997,0.2544825415,0.27225,0.1125
2026-03-02 10:00:00+01:00,0.007,0.00147966665,1.797,0.33527698215,-1.79,0.36588699950000003,0.22575689949999997,0.2375,0.457
2026-03-02 11:00:00+01:00,0.344,0.0664391882,2.204,0.3710041137,-1.8600000000000003,0.34381203174999997,0.20368193175,0.3455,0.9339999999999999
2026-03-02 12:00:00+01:00,0.74,0.123954699,3.028,0.4320996878,-2.2880000000000003,0.31279873350000004,0.1726686335,0.5664999999999999,0.68925
2026-03-02 13:00:00+01:00,0.0,0.0,4.481,0.6864806861,-4.481,0.325499801,0.185369701,0.5387500000000001,0.8805000000000001
2026-03-02 14:00:00+01:00,0.0,0.0,4.47,0.8060315175,-4.47,0.35831760249999994,0.2181875025,1.3425000000000002,0.656
2026-03-02 15:00:00+01:00,0.0,0.0,3.509,0.709520063175,-3.509,0.38479219075,0.24466209075,1.5024999999999997,0.289
2026-03-02 16:00:00+01:00,0.002,0.0005125802,2.7,0.62500977,-2.6980000000000004,0.42022707099999995,0.280096971,0.38325,0.276
2026-03-02 17:00:00+01:00,0.486,0.15885705825,0.613,0.185163622875,-0.127,0.5056243637500001,0.36549426375,1.0325,0.0
2026-03-02 18:00:00+01:00,0.441,0.154227964275,0.002,0.00064983655,0.439,0.53328121275,0.39315111275,0.7357500000000001,0.0
2026-03-02 19:00:00+01:00,0.339,0.104267221575,0.0,0.0,0.339,0.48227928924999997,0.34214918925,0.68575,0.0
2026-03-02 20:00:00+01:00,0.369,0.09764513055,0.0,0.0,0.369,0.43030739949999997,0.2901772995,0.7422500000000001,0.0
2026-03-02 21:00:00+01:00,0.326,0.08227548065,0.0,0.0,0.326,0.41549436775,0.27536426775,2.898,0.0
2026-03-02 22:00:00+01:00,0.265,0.0669869915,0.0,0.0,0.265,0.415981181,0.275851081,3.94475,0.0
2026-03-02 23:00:00+01:00,0.189,0.04673165805,0.0,0.0,0.189,0.4092975645,0.2691674645,0.70775,0.0
2026-03-03 00:00:00+01:00,0.68,0.166586145,0.0,0.0,0.68,0.40654139625,0.26641129625,2.3689999999999998,0.0
2026-03-03 01:00:00+01:00,0.371,0.09274256145,0.0,0.0,0.371,0.4125917895,0.2724616895,0.62875,0.0
2026-03-03 02:00:00+01:00,0.321,0.0823856451,0.0,0.0,0.321,0.42066630099999996,0.280536201,0.618,0.0
2026-03-03 03:00:00+01:00,0.972,0.2467617372,0.0,0.0,0.972,0.41729887099999996,0.277168771,3.34,0.0
2026-03-03 04:00:00+01:00,1.264,0.3274416332,0.0,0.0,1.264,0.4235688792499999,0.28343877925,1.315,0.0
2026-03-03 05:00:00+01:00,0.915,0.241247985,0.0,0.0,0.915,0.42914344,0.28901334,0.58575,0.0
2026-03-03 06:00:00+01:00,1.033,0.302983032,0.0,0.0,1.033,0.46501389,0.32488378999999995,0.6359999999999999,0.0
2026-03-03 07:00:00+01:00,0.809,0.2612853188,0.0,0.0,0.809,0.5009136219999999,0.36078352199999997,1.196,0.0
2026-03-03 08:00:00+01:00,0.072,0.0221853258,0.281,0.079614191525,-0.20900000000000002,0.48295277525,0.34282267525,0.79025,0.01875
2026-03-03 09:00:00+01:00,0.152,0.0387179188,0.658,0.1512861427,-0.506,0.4183310615,0.27820096149999995,1.38675,0.0
2026-03-03 10:00:00+01:00,0.007,0.0016271717,1.887,0.3918319647,-1.8800000000000001,0.39138430099999993,0.251254201,1.73,0.19749999999999998
2026-03-03 11:00:00+01:00,0.0,0.0,3.021,0.522988647225,-3.021,0.34960254724999995,0.20947244725,0.63325,0.40675
2026-03-03 12:00:00+01:00,0.0,0.0,3.631,0.539841557475,-3.631,0.32002772725,0.17989762725,0.37725,0.3617499999999999
2026-03-03 13:00:00+01:00,0.0,0.0,4.355,0.64960377625,-4.355,0.3206170275,0.1804869275,0.589,0.43725
2026-03-03 14:00:00+01:00,0.0,0.0,3.914,0.70602209535,-3.914,0.35839446775,0.21826436775,0.687,0.3785
2026-03-03 15:00:00+01:00,0.0,0.0,2.512,0.5224706916,-2.512,0.39179790924999996,0.25166780925,0.60775,0.20875
2026-03-03 16:00:00+01:00,0.004,0.0010528089,1.378,0.32851137605,-1.3739999999999999,0.42859074225,0.28846064224999995,0.731,0.04975
2026-03-03 17:00:00+01:00,0.526,0.17437571965,0.743,0.227883876825,-0.21699999999999997,0.5112465077499999,0.37111640775,1.599,0.0
2026-03-03 18:00:00+01:00,0.28,0.107223424,0.0,0.0,0.28,0.573474418,0.433344318,1.3472499999999998,0.0
2026-03-03 19:00:00+01:00,0.505,0.173264755125,0.0,0.0,0.505,0.5252652652500001,0.38513516525,0.6505,0.0
2026-03-03 20:00:00+01:00,0.637,0.18371688335,0.0,0.0,0.637,0.4590916055,0.31896150549999996,0.704,0.0
2026-03-03 21:00:00+01:00,0.346,0.09223603125,0.0,0.0,0.346,0.43267558125,0.29254548125,1.8535,0.0
2026-03-03 22:00:00+01:00,0.274,0.0712744692,0.0,0.0,0.274,0.42486826799999994,0.284738168,1.09975,0.0
2026-03-03 23:00:00+01:00,0.21,0.052964604,0.0,0.0,0.21,0.415293054,0.275162954,1.9680000000000002,0.0
2026-03-04 00:00:00+01:00,0.292,0.0834391679,0.0,0.0,0.292,0.45587424575,0.31574414575,2.99175,0.0
2026-03-04 01:00:00+01:00,0.815,0.2316564965,0.0,0.0,0.815,0.45404778100000004,0.313917681,0.6305000000000001,0.0
2026-03-04 02:00:00+01:00,0.795,0.223684638375,0.0,0.0,0.795,0.45056688324999994,0.31043678325,1.20275,0.0
2026-03-04 03:00:00+01:00,0.705,0.19716971175,0.0,0.0,0.705,0.44852080350000006,0.30839070350000003,2.6927499999999998,0.0
2026-03-04 04:00:00+01:00,0.69,0.19539373425,0.0,0.0,0.69,0.45276303324999995,0.31263293325,0.80475,0.0
2026-03-04 05:00:00+01:00,0.669,0.194571040125,0.0,0.0,0.669,0.46203078625,0.32190068625,0.435,0.0
2026-03-04 06:00:00+01:00,0.657,0.233281959075,0.0,0.0,0.657,0.5397525347500001,0.39962243475,0.54025,0.0
2026-03-04 07:00:00+01:00,0.583,0.2608821226,0.0,0.0,0.583,0.6515695119999999,0.511439412,0.99775,0.0
2026-03-04 08:00:00+01:00,0.555,0.206620825125,0.145,0.050385292375,0.41000000000000003,0.56058667775,0.42045657775,0.6920000000000001,0.00575
2026-03-04 09:00:00+01:00,0.112,0.0348923344,0.821,0.2354083677,-0.709,0.48707787699999994,0.34694777699999996,0.4515,0.30025
2026-03-04 10:00:00+01:00,0.004,0.0010808809,1.949,0.478314273525,-1.945,0.43708252225,0.29695242224999996,0.39825,0.5712499999999999
2026-03-04 11:00:00+01:00,0.0,0.0,3.298,0.68110221795,-3.298,0.39001902774999997,0.24988892775,0.0685,1.2115
2026-03-04 12:00:00+01:00,0.0,0.0,3.767,0.6090037327,-3.767,0.335748501,0.195618401,0.04975,2.2864999999999998
2026-03-04 13:00:00+01:00,0.0,0.0,3.272,0.4798849352,-3.272,0.31759366099999997,0.177463561,0.20174999999999998,2.1937499999999996
2026-03-04 14:00:00+01:00,0.453,0.093345168675,2.78,0.5038888305,-2.327,0.35944861975,0.21931851975,0.11800000000000001,2.4145
2026-03-04 15:00:00+01:00,0.0,0.0,3.496,0.7720042,-3.496,0.40732835,0.26719824999999997,0.04475,1.6332499999999999
2026-03-04 16:00:00+01:00,0.0,0.0,2.483,0.66255192575,-2.483,0.46300075250000006,0.3228706525,0.12125,0.89
2026-03-04 17:00:00+01:00,0.655,0.288577361875,0.805,0.334695755625,-0.15000000000000002,0.6432131612499999,0.50308306125,1.459,0.1505
2026-03-04 18:00:00+01:00,0.638,0.3255362462,0.0,0.0,0.638,0.727512379,0.587382279,0.60775,0.0
2026-03-04 19:00:00+01:00,0.404,0.1689809891,0.0,0.0,0.404,0.6162224777499999,0.47609237774999996,0.9057499999999999,0.0
2026-03-04 20:00:00+01:00,0.337,0.114476330375,0.0,0.0,0.337,0.52114382375,0.38101372375000003,1.048,0.0
2026-03-04 21:00:00+01:00,0.355,0.10925819025,0.0,0.0,0.355,0.48251720549999993,0.34238710549999996,0.6287499999999999,0.0
2026-03-04 22:00:00+01:00,8.978,2.66888803995,0.0,0.0,8.978,0.46981247774999996,0.32968237775,0.6532499999999999,0.0
2026-03-04 23:00:00+01:00,10.9,3.0481427625,0.0,0.0,10.9,0.44848786124999995,0.30835776125,0.75675,0.0
2026-03-05 00:00:00+01:00,1.73,0.47286077025,0.0,0.0,1.73,0.44084525924999995,0.30071515925,0.481,0.0
2026-03-05 01:00:00+01:00,0.161,0.043256099425,0.0,0.0,0.161,0.4352084742499999,0.29507837425,0.47025000000000006,0.0
2026-03-05 02:00:00+01:00,0.169,0.045268462525,0.0,0.0,0.169,0.43422752725,0.29409742725,0.586,0.0
2026-03-05 03:00:00+01:00,0.587,0.156239867575,0.0,0.0,0.587,0.43217778725,0.29204768724999997,0.62475,0.0
2026-03-05 04:00:00+01:00,1.187,0.320284619325,0.0,0.0,1.187,0.43660668974999994,0.29647658975,0.49175,0.0
2026-03-05 05:00:00+01:00,1.158,0.3269933766,0.0,0.0,1.158,0.45179306699999994,0.31166296699999996,0.6605,0.0
2026-03-05 06:00:00+01:00,0.687,0.215945242425,0.0,0.0,0.687,0.49045628774999994,0.35032618774999996,0.6435,0.0
2026-03-05 07:00:00+01:00,0.491,0.16731028765,0.004,0.0012637966,0.487,0.5224285715,0.3822984715,0.77125,0.0
2026-03-05 08:00:00+01:00,0.015,0.004564951875,0.498,0.13920351225,-0.483,0.47835550125,0.33822540124999995,0.72475,0.00275
2026-03-05 09:00:00+01:00,0.031,0.00785103055,0.987,0.22548414735,-0.956,0.41655950049999996,0.2764294005,1.47525,0.0385
2026-03-05 10:00:00+01:00,0.002,0.00042828555,2.41,0.45630403775,-2.4080000000000004,0.36922880775,0.22909870775000002,0.356,0.46475
2026-03-05 11:00:00+01:00,0.003,0.0004960032,3.233,0.4543315502,-3.23,0.310170674,0.170040574,1.2037499999999999,0.57475
2026-03-05 12:00:00+01:00,0.745,0.10348195275,3.536,0.4034468152,-2.791,0.2781874095,0.1380573095,0.5195,1.00975
2026-03-05 13:00:00+01:00,0.0,0.0,4.591,0.524860680575,-4.591,0.27846192825,0.13833182825,0.71025,0.95375
2026-03-05 14:00:00+01:00,0.0,0.0,4.464,0.700566768,-4.464,0.33002386999999994,0.18989377,0.44675000000000004,0.65325
2026-03-05 15:00:00+01:00,0.0,0.0,3.72,0.796138497,-3.72,0.39908912724999995,0.25895902725,1.35225,0.34125
2026-03-05 16:00:00+01:00,0.0,0.0,2.878,0.77210458765,-2.878,0.46474669175000005,0.32461659175,0.26875000000000004,0.165
2026-03-05 17:00:00+01:00,0.007,0.002492996275,1.364,0.4519441113,-1.3570000000000002,0.54104826325,0.40091816325,0.6355,0.15175
2026-03-05 18:00:00+01:00,1.105,0.40978576925,0.017,0.00588271145,1.088,0.5588407384999999,0.41871063849999995,0.99275,0.0
2026-03-05 19:00:00+01:00,1.503,0.508693543875,0.0,0.0,1.503,0.51964312125,0.37951302125,0.702,0.0
2026-03-05 20:00:00+01:00,0.986,0.2948528484,0.0,0.0,0.986,0.4719537239999999,0.331823624,0.8065,0.0
2026-03-05 21:00:00+01:00,0.281,0.082520427,0.0,0.0,0.281,0.46545312,0.32532301999999996,0.93775,0.0
2026-03-05 22:00:00+01:00,0.226,0.06624636865,0.0,0.0,0.226,0.46479793524999996,0.32466783525,0.7459999999999999,0.0
2026-03-05 23:00:00+01:00,0.347,0.09875972205,0.0,0.0,0.347,0.4544943315,0.3143642315,2.7284999999999995,0.0
2026-03-06 00:00:00+01:00,0.197,0.051083286925,0.0,0.0,0.197,0.42387634025,0.28374624025,0.75,0.0
2026-03-06 01:00:00+01:00,0.163,0.043094755,0.0,0.0,0.163,0.43002189999999996,0.2898918,1.196,0.0
2026-03-06 02:00:00+01:00,0.18,0.0480537585,0.0,0.0,0.18,0.43314409325000003,0.29301399325,2.1310000000000002,0.0
2026-03-06 03:00:00+01:00,0.181,0.04854028135,0.0,0.0,0.181,0.4346118535,0.2944817535,2.757,0.0
2026-03-06 04:00:00+01:00,0.18,0.049573458,0.0,0.0,0.18,0.443359851,0.303229751,1.7085,0.0
2026-03-06 05:00:00+01:00,0.523,0.1470886769,0.0,0.0,0.523,0.45041681299999997,0.31028671299999994,1.295,0.0
2026-03-06 06:00:00+01:00,0.681,0.214174619175,0.0,0.0,0.681,0.49066126175,0.35053116175000004,0.61,0.0
2026-03-06 07:00:00+01:00,0.582,0.2024702922,0.0,0.0,0.582,0.531059441,0.390929341,0.83225,0.0
2026-03-06 08:00:00+01:00,0.215,0.064787756,0.107,0.0295890738,0.108,0.47473551399999997,0.334605414,0.753,0.07775
2026-03-06 09:00:00+01:00,0.38,0.1032239505,0.594,0.14662116315,-0.21399999999999997,0.43880283974999995,0.29867273974999997,0.48324999999999996,0.21575
2026-03-06 10:00:00+01:00,0.008,0.0020193448,1.756,0.3996886036,-1.748,0.41554195099999996,0.275411851,0.401,0.23600000000000002
2026-03-06 11:00:00+01:00,0.008,0.0017766672,1.917,0.3781826928,-1.909,0.378836964,0.238706864,0.57025,0.17675000000000002
2026-03-06 12:00:00+01:00,0.013,0.00265939245,2.381,0.42801725065,-2.368,0.3576441165,0.2175140165,0.18925,0.4230000000000001
2026-03-06 13:00:00+01:00,0.005,0.000987314625,2.47,0.42646507475,-2.4650000000000003,0.3490461892499999,0.20891608925,0.36775,0.2235
2026-03-06 14:00:00+01:00,0.025,0.005650775625,1.895,0.381323317375,-1.87,0.38361359024999997,0.24348349025,0.34025,0.060250000000000005
2026-03-06 15:00:00+01:00,0.021,0.005473758675,1.786,0.42122841255,-1.7650000000000001,0.42550881175,0.28537871174999996,0.8985,0.042
2026-03-06 16:00:00+01:00,0.055,0.015774845625,1.063,0.278517028625,-1.008,0.45716265375,0.31703255375,0.50875,0.00775
2026-03-06 17:00:00+01:00,0.08,0.027937206,0.092,0.0298457269,-0.011999999999999997,0.53266629075,0.39253619075,0.62125,0.0
2026-03-06 18:00:00+01:00,0.787,0.3205245593,0.0,0.0,0.787,0.602917469,0.462787369,0.943,0.0
2026-03-06 19:00:00+01:00,0.505,0.182545077,0.0,0.0,0.505,0.547501284,0.40737118399999994,0.7762499999999999,0.0
2026-03-06 20:00:00+01:00,0.491,0.15381804955,0.0,0.0,0.491,0.4891788605,0.34904876049999994,1.493,0.0
2026-03-06 21:00:00+01:00,0.479,0.140586799375,0.0,0.0,0.479,0.46525180624999996,0.32512170625,1.81625,0.0
2026-03-06 22:00:00+01:00,5.203,1.4761993224,0.0,0.0,5.203,0.453418218,0.31328811799999995,2.01675,0.0
2026-03-06 23:00:00+01:00,0.168,0.0471833208,0.0,0.0,0.168,0.44994830099999994,0.309818201,2.5222499999999997,0.0
2026-03-07 00:00:00+01:00,0.153,0.044578841175,0.0,0.0,0.153,0.46266766975,0.32253756975,3.21625,0.0
2026-03-07 01:00:00+01:00,0.151,0.043010390775,0.0,0.0,0.151,0.45476885024999997,0.31463875025,0.9109999999999999,0.0
2026-03-07 02:00:00+01:00,0.158,0.04400055495,0.0,0.0,0.158,0.44708232524999997,0.30695222525,0.4495,0.0
2026-03-07 03:00:00+01:00,0.87,0.23968663125,0.0,0.0,0.87,0.44347331875,0.30334321875,0.96075,0.0
2026-03-07 04:00:00+01:00,0.172,0.0473764368,0.0,0.0,0.172,0.44340377400000003,0.303273674,2.71275,0.0
2026-03-07 05:00:00+01:00,0.161,0.045224654475,0.0,0.0,0.161,0.45000320474999994,0.30987310475,0.4445,0.0
2026-03-07 06:00:00+01:00,0.188,0.0541834612,0.0,0.0,0.188,0.458850029,0.318719929,0.8852500000000001,0.0
2026-03-07 07:00:00+01:00,0.171,0.048727305,0.0,0.0,0.171,0.4549115999999999,0.3147815,0.60075,0.0
2026-03-07 08:00:00+01:00,0.459,0.124539265125,0.0,0.0,0.459,0.43842217375,0.29829207375,0.592,0.00875
2026-03-07 09:00:00+01:00,0.211,0.055198022,0.016,0.003788752,0.195,0.42665447,0.28652437000000003,0.6849999999999999,0.15325
2026-03-07 10:00:00+01:00,0.031,0.0070807627,0.163,0.0331878921,-0.132,0.386494207,0.246364107,0.29325,0.8732500000000001
2026-03-07 11:00:00+01:00,0.633,0.1110675093,0.033,0.0049716843,0.6,0.32242519099999994,0.182295091,0.0475,1.29375
2026-03-07 12:00:00+01:00,0.244,0.037406908,0.281,0.036109062,-0.03700000000000003,0.29561751999999997,0.15548742000000002,1.4765,1.30875
2026-03-07 13:00:00+01:00,0.259,0.0356293091,0.375,0.0422849625,-0.11599999999999999,0.276569579,0.136439479,1.30525,1.363
2026-03-07 14:00:00+01:00,0.049,0.007744015125,0.274,0.03650669825,-0.22500000000000003,0.30134581125,0.16121571125,0.24575,1.3
2026-03-07 15:00:00+01:00,0.11,0.02515556725,0.196,0.0399608671,-0.08600000000000001,0.38682728975,0.24669718975,2.34175,0.54925
2026-03-07 16:00:00+01:00,0.727,0.200782478325,0.013,0.003267868175,0.714,0.44429321474999994,0.30416311474999996,0.243,0.558
2026-03-07 17:00:00+01:00,0.435,0.131734878,0.0,0.0,0.435,0.47655099799999995,0.33642089799999997,0.42725,0.16925
2026-03-07 18:00:00+01:00,0.813,0.286572845625,0.0,0.0,0.813,0.53662668125,0.39649658125000004,0.8312499999999999,0.0
2026-03-07 19:00:00+01:00,0.405,0.137367140625,0.0,0.0,0.405,0.52052158125,0.38039148124999994,0.741,0.0
2026-03-07 20:00:00+01:00,0.591,0.184703974125,0.0,0.0,0.591,0.48827477875,0.34814467875,0.8039999999999999,0.0
2026-03-07 21:00:00+01:00,0.383,0.112839412125,0.0,0.0,0.383,0.46660609875,0.32647599875,0.64575,0.0
2026-03-07 22:00:00+01:00,0.238,0.0695313311,0.0,0.0,0.238,0.4636156745,0.3234855745,0.713,0.0
2026-03-07 23:00:00+01:00,0.492,0.1415983503,0.0,0.0,0.492,0.45835589525,0.31822579524999994,0.5884999999999999,0.0
2026-03-08 00:00:00+01:00,0.691,0.204351554825,0.0,0.0,0.691,0.46795307075,0.32782297075,0.51325,0.0
2026-03-08 01:00:00+01:00,3.486,1.01428525275,0.0,0.0,3.486,0.4621771962499999,0.32204709624999994,0.52875,0.0
2026-03-08 02:00:00+01:00,0.711,0.2050548885,0.0,0.0,0.711,0.45908428500000004,0.318954185,0.6657500000000001,0.0
2026-03-08 03:00:00+01:00,0.499,0.14287784665,0.0,0.0,0.499,0.4565733535,0.31644325349999997,1.169,0.0
2026-03-08 04:00:00+01:00,0.469,0.133554515325,0.0,0.0,0.469,0.45468100424999996,0.31455090425000004,2.0255,0.0
2026-03-08 05:00:00+01:00,0.445,0.127086315125,0.0,0.0,0.445,0.45567659225,0.31554649225,1.07125,0.0
2026-03-08 06:00:00+01:00,3.817,1.1018522449,0.0,0.0,3.817,0.459406387,0.319276287,0.782,0.0
2026-03-08 07:00:00+01:00,3.529,0.97044200385,0.0,0.0,3.529,0.4428547365,0.3027246365,0.5662499999999999,0.0
2026-03-08 08:00:00+01:00,1.017,0.279348619275,0.0,0.0,1.017,0.44247773074999996,0.30234763075,0.43099999999999994,0.0125
2026-03-08 09:00:00+01:00,2.573,0.694078006875,0.007,0.001714645625,2.566,0.43651884375,0.29638874374999996,0.38849999999999996,0.36975
2026-03-08 10:00:00+01:00,0.217,0.0543388615,0.123,0.0277493535,0.094,0.413111545,0.272981445,0.21175,1.15275
2026-03-08 11:00:00+01:00,0.076,0.0122876952,0.436,0.0596775872,-0.36,0.305749092,0.165618992,0.23425,1.8627499999999997
2026-03-08 12:00:00+01:00,0.008,0.0011798952,1.85,0.226961515,-1.842,0.28857519899999995,0.148445099,0.151,2.55775
2026-03-08 13:00:00+01:00,0.372,0.0504674544,2.357,0.2612974914,-1.9850000000000003,0.27427094199999996,0.134140842,1.319,2.05875
2026-03-08 14:00:00+01:00,0.0,0.0,3.202,0.380274323,-3.202,0.283831515,0.143701415,0.1475,1.093
2026-03-08 15:00:00+01:00,0.002,0.0004127552,2.983,0.5416310658,-2.9810000000000003,0.359832946,0.219702846,0.18325,0.7104999999999999
2026-03-08 16:00:00+01:00,0.005,0.00132594825,2.001,0.48100968465,-1.996,0.4309955265,0.2908654265,0.51775,0.149
2026-03-08 17:00:00+01:00,0.614,0.19314396915,0.853,0.247166751425,-0.239,0.49074178725000006,0.35061168725,1.6755,0.0
2026-03-08 18:00:00+01:00,0.261,0.08842206285,0.025,0.00784942125,0.23600000000000002,0.5200420884999999,0.37991198849999996,1.49825,0.0
2026-03-08 19:00:00+01:00,0.383,0.123347687375,0.0,0.0,0.383,0.49980456624999997,0.35967446625,1.209,0.0
2026-03-08 20:00:00+01:00,0.592,0.1877582168,0.0,0.0,0.592,0.49387862149999995,0.35374852149999997,0.5449999999999999,0.0
2026-03-08 21:00:00+01:00,0.381,0.11075073735,0.0,0.0,0.381,0.46184411350000004,0.3217140135,1.35425,0.0
2026-03-08 22:00:00+01:00,0.282,0.0813314931,0.0,0.0,0.282,0.4590916055,0.31896150549999996,0.39175,0.0
2026-03-08 23:00:00+01:00,0.485,0.14267203775,0.0,0.0,0.485,0.4660607215,0.3259306215,2.5165000000000006,0.0
2026-03-09 00:00:00+01:00,0.781,0.21438024355,0.0,0.0,0.781,0.4422544555,0.3021243555,1.073,0.0
2026-03-09 01:00:00+01:00,1.183,0.3177345171,0.0,0.0,1.183,0.43510232699999996,0.294972227,0.497,0.0
2026-03-09 02:00:00+01:00,0.896,0.2401034944,0.0,0.0,0.896,0.4343629565,0.29423285650000003,0.50225,0.0
2026-03-09 03:00:00+01:00,0.709,0.190966314,0.0,0.0,0.709,0.43602471,0.29589461,2.34575,0.0
2026-03-09 04:00:00+01:00,0.67,0.1846977275,0.0,0.0,0.67,0.44367463249999994,0.30354453249999996,1.67525,0.0
2026-03-09 05:00:00+01:00,0.643,0.190973298725,0.0,0.0,0.643,0.46949037574999997,0.32936027575,1.39675,0.0
2026-03-09 06:00:00+01:00,0.638,0.2090792033,0.0,0.0,0.638,0.5066455735000001,0.3665154735,1.6979999999999997,0.0
2026-03-09 07:00:00+01:00,0.622,0.23015307755,0.0,0.0,0.622,0.55784149025,0.41771139025,0.90975,0.0
2026-03-09 08:00:00+01:00,0.703,0.241142972125,0.0,0.0,0.703,0.52517009875,0.38503999875,0.51975,0.132
2026-03-09 09:00:00+01:00,0.173,0.052294297275,0.475,0.131800233125,-0.302,0.47587385175,0.33574375175,0.24775,0.25
2026-03-09 10:00:00+01:00,0.01,0.00274412875,1.725,0.430573584375,-1.715,0.44215562875,0.30202552875,0.238,0.53525
2026-03-09 11:00:00+01:00,0.0,0.0,2.854,0.63385192365,-2.854,0.40886199475,0.26873189475000003,0.4315,0.9275
2026-03-09 12:00:00+01:00,0.0,0.0,3.679,0.737706365825,-3.679,0.38275709175,0.24262699175,0.749,0.9750000000000001
2026-03-09 13:00:00+01:00,0.0,0.0,3.51,0.69689602125,-3.51,0.38037060875,0.24024050875,0.5357500000000001,1.33325
2026-03-09 14:00:00+01:00,0.0,0.0,3.467,0.735678938225,-3.467,0.3968856567499999,0.25675555675,1.3362500000000002,1.609
2026-03-09 15:00:00+01:00,0.0,0.0,2.939,0.720848603475,-2.939,0.43690683025000004,0.29677673025,1.4999999999999998,1.063
2026-03-09 16:00:00+01:00,0.002,0.00060575625,1.983,0.551419006875,-1.981,0.47659858125,0.33646848124999995,0.37575,0.7822500000000001
2026-03-09 17:00:00+01:00,0.361,0.13066515935,0.623,0.21004342205,-0.262,0.5480796035,0.4079495035,1.04,0.15325
2026-03-09 18:00:00+01:00,0.225,0.0965589075,0.012,0.0048521484,0.213,0.6293883969999999,0.48925829699999995,0.62575,0.0005
2026-03-09 19:00:00+01:00,0.321,0.1299076086,0.0,0.0,0.321,0.5997989359999999,0.45966883599999997,0.50225,0.0
2026-03-09 20:00:00+01:00,0.388,0.1371398028,0.0,0.0,0.388,0.5377943009999999,0.397664201,0.52,0.0
2026-03-09 21:00:00+01:00,0.339,0.1083434847,0.0,0.0,0.339,0.49682878299999994,0.356698683,2.701,0.0
2026-03-09 22:00:00+01:00,0.28,0.086798866,0.0,0.0,0.28,0.4852111495,0.3450810495,3.752,0.0
2026-03-09 23:00:00+01:00,0.168,0.0499901094,0.0,0.0,0.168,0.47016386174999997,0.33003376175,0.50525,0.0
2026-03-10 00:00:00+01:00,0.163,0.04970689075,0.0,0.0,0.163,0.4791058525,0.3389757525,1.3479999999999999,0.0
2026-03-10 01:00:00+01:00,0.156,0.0458762304,0.0,0.0,0.156,0.46595091399999994,0.32582081399999996,0.47975,0.0
2026-03-10 02:00:00+01:00,0.163,0.04733026925,0.0,0.0,0.163,0.46146344749999996,0.32133334750000003,0.4625,0.0
2026-03-10 03:00:00+01:00,0.153,0.04401558315,0.0,0.0,0.153,0.4582131455,0.3180830455,1.76975,0.0
2026-03-10 04:00:00+01:00,1.111,0.32133714085,0.0,0.0,1.111,0.46008719350000005,0.3199570935,0.7947500000000001,0.0
2026-03-10 05:00:00+01:00,0.969,0.293893412175,0.0,0.0,0.969,0.47710369575000006,0.33697359575,0.602,0.0
2026-03-10 06:00:00+01:00,0.71,0.2382928625,0.0,0.0,0.71,0.5162207875,0.37609068749999996,0.6859999999999999,0.0
2026-03-10 07:00:00+01:00,0.598,0.21112074555,0.0,0.0,0.598,0.53730016725,0.39717006725,1.01125,0.0
2026-03-10 08:00:00+01:00,0.339,0.119120201475,0.088,0.0287392182,0.251,0.5352943502499999,0.39516425024999996,0.5622499999999999,0.08900000000000001
2026-03-10 09:00:00+01:00,0.097,0.0309105632,0.082,0.0240965692,0.015,0.495701426,0.355571326,1.09975,0.1645
2026-03-10 10:00:00+01:00,0.305,0.091189487125,0.0,0.0,0.305,0.47188417925,0.33175407925,1.707,0.6487499999999999
2026-03-10 11:00:00+01:00,0.476,0.1361727829,0.141,0.036839390775,0.33499999999999996,0.45626955275000003,0.31613945275,0.58075,1.0702500000000001
2026-03-10 12:00:00+01:00,2.512,0.6985424864,1.158,0.2932949976,1.354,0.4465955119999999,0.306465412,0.223,1.26925
2026-03-10 13:00:00+01:00,0.24,0.06534363,0.736,0.182130652,-0.496,0.43955685125,0.29942675125,0.28675,1.526
2026-03-10 14:00:00+01:00,0.284,0.0788963076,0.179,0.0452868031,0.10499999999999998,0.446258769,0.306128669,0.2505,1.356
2026-03-10 15:00:00+01:00,0.098,0.02805395285,0.145,0.037911674625,-0.046999999999999986,0.45649648824999994,0.31636638824999996,0.4375,0.8335
2026-03-10 16:00:00+01:00,0.106,0.033078254,0.272,0.078133088,-0.16600000000000004,0.48770743999999994,0.34757734,0.49275,0.39425
2026-03-10 17:00:00+01:00,0.349,0.12492393925,0.33,0.1099372725,0.01899999999999996,0.5432334325,0.40310333249999997,1.2105,0.18575
2026-03-10 18:00:00+01:00,0.456,0.1760721336,0.001,0.0003613181,0.455,0.577325001,0.43719490099999997,1.083,0.0
2026-03-10 19:00:00+01:00,0.382,0.1442218844,0.0,0.0,0.382,0.566944532,0.42681443199999997,0.587,0.0
2026-03-10 20:00:00+01:00,0.291,0.09512075595,0.0,0.0,0.291,0.5056353444999999,0.3655052445,0.611,0.0
2026-03-10 21:00:00+01:00,0.344,0.1050673008,0.0,0.0,0.344,0.479684172,0.339554072,0.52675,0.0
2026-03-10 22:00:00+01:00,2.911,0.8316526141,0.0,0.0,2.911,0.45580470100000003,0.315674601,0.506,0.0
2026-03-10 23:00:00+01:00,0.167,0.04244177245,0.0,0.0,0.167,0.41762829349999997,0.2774981935,1.8335000000000001,0.0
2026-03-11 00:00:00+01:00,0.681,0.154260852075,0.0,0.0,0.681,0.38420655074999993,0.24407645074999998,2.90675,0.0
2026-03-11 01:00:00+01:00,1.07,0.23130786525,0.0,0.0,1.07,0.37168849574999996,0.23155839574999998,0.6995,0.0
2026-03-11 02:00:00+01:00,0.172,0.0358153708,0.0,0.0,0.172,0.362073019,0.221942919,1.27875,0.0
2026-03-11 03:00:00+01:00,0.184,0.0375727264,0.0,0.0,0.184,0.35719756599999997,0.217067466,2.7552499999999998,0.0
2026-03-11 04:00:00+01:00,0.186,0.0362943009,0.0,0.0,0.186,0.34622413649999995,0.2060940365,0.8664999999999999,0.0
2026-03-11 05:00:00+01:00,0.18,0.0369851625,0.0,0.0,0.18,0.35873853125000005,0.21860843125,0.4925,0.0
2026-03-11 06:00:00+01:00,0.179,0.0393349099,0.0,0.0,0.179,0.376011251,0.235881151,0.59775,0.0
2026-03-11 07:00:00+01:00,0.219,0.0503639994,0.0,0.0,0.219,0.388382896,0.248252796,1.0034999999999998,0.0
2026-03-11 08:00:00+01:00,1.526,0.3468482787,0.0,0.0,1.526,0.38513991449999996,0.2450098145,0.589,0.041999999999999996
2026-03-11 09:00:00+01:00,1.949,0.438706792975,0.003,0.000600864825,1.9460000000000002,0.38247891274999996,0.24234881274999998,0.20325,0.5055
2026-03-11 10:00:00+01:00,0.581,0.1154412721,0.018,0.0031300038,0.563,0.350535911,0.21040581099999997,0.1575,1.0585
2026-03-11 11:00:00+01:00,0.526,0.1004461172,0.026,0.0043200872,0.5,0.34118031199999993,0.201050212,0.0625,1.8205
2026-03-11 12:00:00+01:00,0.221,0.03961010625,0.124,0.019148855,0.097,0.32698586249999995,0.18685576249999997,0.04975,2.303
2026-03-11 13:00:00+01:00,0.152,0.0278620408,0.323,0.0511948217,-0.171,0.331912559,0.191782459,0.057,2.6115
2026-03-11 14:00:00+01:00,0.082,0.0156425291,0.518,0.0859660109,-0.436,0.3409387355,0.2008086355,0.23125,2.28625
2026-03-11 15:00:00+01:00,2.181,0.50087090295,0.388,0.0794806166,1.7930000000000001,0.3879949095,0.2478648095,0.044,2.02375
2026-03-11 16:00:00+01:00,0.106,0.0271026206,1.35,0.311688135,-1.244,0.41949502099999997,0.279364921,0.0975,1.27375
2026-03-11 17:00:00+01:00,0.62,0.178180002,0.014,0.0036761494,0.606,0.457854441,0.31772434099999997,1.095,0.35175
2026-03-11 18:00:00+01:00,0.763,0.2419416538,0.0,0.0,0.763,0.4937980959999999,0.353667996,0.65675,0.0
2026-03-11 19:00:00+01:00,0.59,0.1923353685,0.0,0.0,0.59,0.5045665515000001,0.3644364515,0.7789999999999999,0.0
2026-03-11 20:00:00+01:00,0.55,0.16328874375,0.0,0.0,0.55,0.46935128625,0.32922118624999996,0.83575,0.0
2026-03-11 21:00:00+01:00,1.146,0.3204709926,0.0,0.0,1.146,0.448484201,0.308354101,0.45725,0.0
2026-03-11 22:00:00+01:00,0.914,0.2526243445,0.0,0.0,0.914,0.4445530924999999,0.3044229925,2.6865000000000006,0.0
2026-03-11 23:00:00+01:00,0.784,0.2051457716,0.0,0.0,0.784,0.42673133524999995,0.28660123525,3.2802500000000006,0.0
2026-03-12 00:00:00+01:00,0.758,0.1944696754,0.0,0.0,0.758,0.42054917299999994,0.28041907299999996,0.70225,0.0
2026-03-12 01:00:00+01:00,0.829,0.20526732215,0.0,0.0,0.829,0.4097221535,0.2695920535,0.28325,0.0
2026-03-12 02:00:00+01:00,0.848,0.2057906048,0.0,0.0,0.848,0.403755946,0.263625846,0.41425,0.0
2026-03-12 03:00:00+01:00,0.762,0.1833160164,0.0,0.0,0.762,0.401208412,0.261078312,0.5722499999999999,0.0
2026-03-12 04:00:00+01:00,0.736,0.1785216576,0.0,0.0,0.736,0.403609536,0.26347943599999996,0.5925,0.0
2026-03-12 05:00:00+01:00,0.665,0.168640558625,0.0,0.0,0.665,0.41696578824999997,0.27683568825,0.63025,0.0
2026-03-12 06:00:00+01:00,0.635,0.18320153225,0.0,0.0,0.635,0.4592087335,0.3190786335,0.59825,0.0
2026-03-12 07:00:00+01:00,0.354,0.1047055713,0.012,0.0032516814,0.34199999999999997,0.46800797450000003,0.3278778745,0.62475,0.001
2026-03-12 08:00:00+01:00,0.015,0.00392648025,0.565,0.13388259775,-0.5499999999999999,0.4268521235,0.2867220235,0.48924999999999996,0.12725
2026-03-12 09:00:00+01:00,0.017,0.003879450575,1.082,0.22007660895,-1.0650000000000002,0.38624164974999997,0.24611154975,1.11475,0.28525
2026-03-12 10:00:00+01:00,0.042,0.00699448365,1.292,0.1831155799,-1.25,0.31162379325,0.17149369325,0.20175,1.06725
2026-03-12 11:00:00+01:00,0.601,0.082082010725,2.001,0.223653220725,-1.4,0.27537267725,0.13524257725,1.05125,1.383
2026-03-12 12:00:00+01:00,0.003,0.00040599735,2.93,0.3238454285,-2.927,0.2738683145,0.1337382145,0.582,1.89375
2026-03-12 13:00:00+01:00,0.001,0.000135641,2.766,0.306572376,-2.765,0.27424166,0.13411156,0.6857500000000001,2.056
2026-03-12 14:00:00+01:00,0.009,0.001230651675,2.176,0.2435685472,-2.1670000000000003,0.27557033075,0.13544023075,0.37625000000000003,1.76925
2026-03-12 15:00:00+01:00,0.003,0.000422268825,2.841,0.329417572275,-2.838,0.28043114275,0.14030104275,1.30375,1.2477500000000001
2026-03-12 16:00:00+01:00,0.009,0.0017653779,1.587,0.2719294347,-1.578,0.34746130099999994,0.207331201,0.2015,0.8845
2026-03-12 17:00:00+01:00,0.012,0.0030580935,0.438,0.10075582275,-0.426,0.41847381125,0.27834371125,0.41725,0.49275
2026-03-12 18:00:00+01:00,0.717,0.1956196836,0.0,0.0,0.717,0.440241318,0.30011121799999996,0.98475,0.00425
2026-03-12 19:00:00+01:00,0.357,0.0959448567,0.0,0.0,0.357,0.4353073009999999,0.295177201,0.83075,0.0
2026-03-12 20:00:00+01:00,0.327,0.07980070395,0.0,0.0,0.327,0.4054030585,0.2652729585,0.842,0.0
2026-03-12 21:00:00+01:00,0.329,0.07413829115,0.0,0.0,0.329,0.3827827135,0.2426526135,0.7915000000000001,0.0
2026-03-12 22:00:00+01:00,1.087,0.231201448775,0.0,0.0,1.087,0.36747920824999997,0.22734910825000001,0.62875,0.0
2026-03-12 23:00:00+01:00,1.454,0.2325055777,0.0,0.0,1.454,0.3036041855,0.16347408549999998,2.646,0.0
2026-03-13 00:00:00+01:00,1.326,0.1916768139,0.0,0.0,1.326,0.2850247565,0.1448946565,0.638,0.0
2026-03-13 01:00:00+01:00,0.512,0.0725132672,0.0,0.0,0.512,0.28148529475,0.14135519475,1.0302499999999999,0.0
2026-03-13 02:00:00+01:00,0.245,0.0342251525,0.0,0.0,0.245,0.279146395,0.139016295,1.8927500000000002,0.0
2026-03-13 03:00:00+01:00,3.017,0.413983764425,0.0,0.0,3.017,0.27614865024999996,0.13601855024999998,0.751,0.0
2026-03-13 04:00:00+01:00,0.388,0.0535571047,0.0,0.0,0.388,0.27713691775,0.13700681775,0.7647499999999999,0.0
2026-03-13 05:00:00+01:00,2.65,0.36880361375,0.0,0.0,2.65,0.27851317174999995,0.13838307175,0.5445,0.0
2026-03-13 06:00:00+01:00,1.673,0.25361818405,0.0,0.0,1.673,0.2935458185,0.15341571850000002,0.615,0.0
2026-03-13 07:00:00+01:00,0.195,0.0361263045,0.0,0.0,0.195,0.334284401,0.19415430099999997,0.71175,0.0
2026-03-13 08:00:00+01:00,0.208,0.0522651272,0.0,0.0,0.208,0.4141583765,0.2740282765,0.49724999999999997,0.1045
2026-03-13 09:00:00+01:00,0.96,0.239301216,0.0,0.0,0.96,0.411735291,0.27160519099999997,0.437,0.36424999999999996
2026-03-13 10:00:00+01:00,1.092,0.2657670015,0.0,0.0,1.092,0.40460146374999995,0.26447136375,0.3375,0.6747500000000001
2026-03-13 11:00:00+01:00,0.225,0.0510223725,0.014,0.0028274554,0.211,0.38450303099999994,0.244372931,0.5515,0.6262499999999999
2026-03-13 12:00:00+01:00,2.217,0.480481819125,0.005,0.000959605625,2.212,0.37235466125,0.23222456125,0.17175,0.9604999999999999
2026-03-13 13:00:00+01:00,4.693,0.9489391483,0.011,0.0019513791,4.6819999999999995,0.35478180099999995,0.214651701,0.25625000000000003,0.7897500000000001
2026-03-13 14:00:00+01:00,0.063,0.0134553573,0.109,0.0205761589,-0.046,0.36854434099999994,0.228414241,0.246,0.5169999999999999
2026-03-13 15:00:00+01:00,0.32,0.07510712,0.035,0.00734666625,0.28500000000000003,0.3941148475,0.2539847475,0.11299999999999999,0.4885
2026-03-13 16:00:00+01:00,0.236,0.0633771864,0.205,0.049967192,0.031,0.43505840399999995,0.294928304,0.25725,0.27349999999999997
2026-03-13 17:00:00+01:00,3.002,0.8940112104,0.039,0.0106470078,2.9629999999999996,0.470460342,0.330330242,0.38125,0.023
2026-03-13 18:00:00+01:00,0.534,0.17071180335,0.0,0.0,0.534,0.49693493024999996,0.35680483025,1.0065,0.0
2026-03-13 19:00:00+01:00,0.7,0.2343754875,0.0,0.0,0.7,0.51525082125,0.37512072125,0.7689999999999999,0.0
2026-03-13 20:00:00+01:00,4.143,1.275252169125,0.0,0.0,4.143,0.48256478875,0.34243468875,1.4775,0.0
2026-03-13 21:00:00+01:00,5.25,1.52169373125,0.0,0.0,5.25,0.46083022425000003,0.32070012425,1.797,0.0
2026-03-13 22:00:00+01:00,0.741,0.21184652775,0.0,0.0,0.741,0.45604627750000004,0.3159161775,1.86375,0.0
2026-03-13 23:00:00+01:00,0.695,0.191726088125,0.0,0.0,0.695,0.44391254875,0.30378244875,1.383,0.0
2026-03-14 00:00:00+01:00,0.678,0.19919851875,0.0,0.0,0.678,0.46561783124999995,0.32548773124999997,3.1422499999999998,0.0
2026-03-14 01:00:00+01:00,0.62,0.179755422,0.0,0.0,0.62,0.46092905100000003,0.320798951,0.8400000000000001,0.0
2026-03-14 02:00:00+01:00,0.582,0.161442435,0.0,0.0,0.582,0.44576097500000006,0.305630875,0.379,0.0
2026-03-14 03:00:00+01:00,0.62,0.175636824,0.0,0.0,0.62,0.452891142,0.312761042,1.06825,0.0
2026-03-14 04:00:00+01:00,0.591,0.16320597975,0.0,0.0,0.591,0.4442602725,0.3041301725,2.6462499999999998,0.0
2026-03-14 05:00:00+01:00,0.723,0.1966705323,0.0,0.0,0.723,0.439260371,0.299130271,0.379,0.0
2026-03-14 06:00:00+01:00,1.054,0.2854147153,0.0,0.0,1.054,0.4377743095,0.2976442095,0.62025,0.0
2026-03-14 07:00:00+01:00,1.166,0.3269174249,0.0,0.0,1.166,0.4493699815,0.3092398815,0.46624999999999994,0.0
2026-03-14 08:00:00+01:00,0.446,0.1333877622,0.0,0.0,0.446,0.4719976469999999,0.331867547,0.5615,0.00875
2026-03-14 09:00:00+01:00,0.051,0.014378892825,0.163,0.041912854225,-0.11200000000000002,0.45126233075000005,0.31113223075,0.6437499999999999,0.12625
2026-03-14 10:00:00+01:00,0.363,0.09804272445,0.43,0.1054726145,-0.067,0.4369251315,0.2967950315,0.26375000000000004,0.58275
2026-03-14 11:00:00+01:00,0.307,0.08050312105,0.873,0.20726779095,-0.5660000000000001,0.4274084815,0.2872783815,0.20425,0.8067500000000001
2026-03-14 12:00:00+01:00,0.115,0.030482199,0.638,0.1532843488,-0.523,0.43084179599999994,0.29071169599999996,1.5242499999999999,1.0265
2026-03-14 13:00:00+01:00,7.369,1.916354322025,0.622,0.14632626195,6.747,0.42478408225000003,0.28465398225,0.94675,0.997
2026-03-14 14:00:00+01:00,0.263,0.069209455975,2.094,0.49910243955,-1.831,0.42853217824999995,0.28840207824999997,0.2535,0.8257500000000001
2026-03-14 15:00:00+01:00,0.616,0.1654941442,0.452,0.1102221549,0.16399999999999998,0.43519383325,0.29506373325,0.72875,0.45325000000000004
2026-03-14 16:00:00+01:00,0.09,0.02547797175,0.048,0.0123976116,0.041999999999999996,0.45265322574999994,0.31252312574999996,0.33775,0.42325
2026-03-14 17:00:00+01:00,0.023,0.006855990075,0.692,0.1891108153,-0.6689999999999999,0.47080074525,0.33067064525,0.49625,0.16875
2026-03-14 18:00:00+01:00,0.227,0.0750425907,0.067,0.0204871997,0.16,0.510122811,0.36999271100000003,0.83925,0.0
2026-03-14 19:00:00+01:00,0.393,0.13407330585,0.0,0.0,0.393,0.5229117244999999,0.3827816245,0.74925,0.0
2026-03-14 20:00:00+01:00,0.361,0.11460802375,0.0,0.0,0.361,0.4942592875,0.35412918749999994,0.8415,0.0
2026-03-14 21:00:00+01:00,0.285,0.086061628125,0.0,0.0,0.285,0.47550050625000007,0.33537040625000003,0.66525,0.0
2026-03-14 22:00:00+01:00,0.377,0.112832509075,0.0,0.0,0.377,0.47225752474999994,0.33212742474999996,0.673,0.0
2026-03-14 23:00:00+01:00,0.925,0.26879348375,0.0,0.0,0.925,0.4617269855,0.3215968855,0.6539999999999999,0.0
2026-03-15 00:00:00+01:00,0.795,0.2429212335,0.0,0.0,0.795,0.47984522300000004,0.339715123,0.63375,0.0
2026-03-15 01:00:00+01:00,0.776,0.2336202902,0.0,0.0,0.776,0.47439511075,0.33426501075,1.34075,0.0
2026-03-15 02:00:00+01:00,0.767,0.220934024025,0.0,0.0,0.767,0.4586560357499999,0.31852593575,0.63825,0.0
2026-03-15 03:00:00+01:00,0.811,0.2302840177,0.0,0.0,0.811,0.453696397,0.31356629699999994,1.08875,0.0
2026-03-15 04:00:00+01:00,0.849,0.239443321425,0.0,0.0,0.849,0.45137213824999994,0.31124203824999996,1.9522499999999998,0.0
2026-03-15 05:00:00+01:00,0.84,0.238406784,0.0,0.0,0.84,0.453535346,0.31340524599999997,0.9205,0.0
2026-03-15 06:00:00+01:00,0.783,0.221075684775,0.0,0.0,0.783,0.45175280425000003,0.31162270425,1.45,0.0
2026-03-15 07:00:00+01:00,0.559,0.1548189071,0.002,0.0005043038,0.557,0.44523389899999993,0.30510379899999995,1.2584999999999997,0.0
2026-03-15 08:00:00+01:00,0.112,0.0299505976,0.651,0.15793979355,-0.539,0.4336894705,0.29355937049999997,0.512,0.0125
2026-03-15 09:00:00+01:00,0.042,0.0101789919,1.227,0.26693624265,-1.185,0.4033679595,0.2632378595,0.9115000000000001,0.31925
2026-03-15 10:00:00+01:00,0.003,0.000681196725,2.541,0.513944121075,-2.538,0.38486539575,0.24473529575,0.25975,0.77075
2026-03-15 11:00:00+01:00,0.024,0.0051077004,3.083,0.57965286555,-3.059,0.3676292785,0.2274991785,0.25325,1.2919999999999998
2026-03-15 12:00:00+01:00,0.007,0.0013460524,3.097,0.5187109554,-3.09,0.342790822,0.202660722,0.153,2.2207500000000002
2026-03-15 13:00:00+01:00,0.0,0.0,3.906,0.5835276909,-3.906,0.3208952065,0.18076510649999997,1.4075,1.83075
2026-03-15 14:00:00+01:00,0.0,0.0,4.325,0.647366108125,-4.325,0.32124293024999995,0.18111283025,0.14725,1.11125
2026-03-15 15:00:00+01:00,0.0,0.0,3.949,0.694440831425,-3.949,0.35291141325,0.21278131325,0.18375,0.88125
2026-03-15 16:00:00+01:00,0.001,0.000229485575,3.133,0.641264241475,-3.132,0.38779359575,0.24766349575,0.499,0.50525
2026-03-15 17:00:00+01:00,0.117,0.032199742575,1.404,0.3515706909,-1.287,0.44312193474999995,0.30299183475,1.43125,0.21325
2026-03-15 18:00:00+01:00,0.655,0.200489392125,0.002,0.00056257135,0.653,0.48048576675,0.34035566675,1.1752500000000001,0.00625
2026-03-15 19:00:00+01:00,0.376,0.110515471,0.0,0.0,0.376,0.46576424125,0.32563414125,0.94525,0.0
2026-03-15 20:00:00+01:00,0.429,0.112742454825,0.0,0.0,0.429,0.42810758925000003,0.28797748925,0.612,0.0
2026-03-15 21:00:00+01:00,0.37,0.089669833,0.0,0.0,0.37,0.40336063899999997,0.263230539,1.3815,0.0
2026-03-15 22:00:00+01:00,0.253,0.059134366775,0.0,0.0,0.253,0.39293258675,0.25280248675,0.41575,0.0
2026-03-15 23:00:00+01:00,0.19,0.04002559,0.0,0.0,0.19,0.36501585999999997,0.22488576,2.5227500000000003,0.0
2026-03-16 00:00:00+01:00,0.16,0.028119916,0.0,0.0,0.16,0.32277291475,0.18264281475,1.04475,0.0
2026-03-16 01:00:00+01:00,0.185,0.03025668525,0.0,0.0,0.185,0.3080111265,0.1678810265,0.6085,0.0
2026-03-16 02:00:00+01:00,0.66,0.102791799,0.0,0.0,0.66,0.2985676815,0.1584375815,0.5477500000000001,0.0
2026-03-16 03:00:00+01:00,1.742,0.2653113034,0.0,0.0,1.742,0.29440231699999997,0.154272217,2.3507499999999997,0.0
2026-03-16 04:00:00+01:00,0.54,0.085213161,0.0,0.0,0.54,0.3010566515,0.16092655150000001,1.6844999999999999,0.0
2026-03-16 05:00:00+01:00,0.857,0.1584801251,0.0,0.0,0.857,0.33387445299999996,0.19374435299999998,1.40025,0.0
2026-03-16 06:00:00+01:00,0.746,0.1643834126,0.0,0.0,0.746,0.376743301,0.236613201,1.6727499999999997,0.0
2026-03-16 07:00:00+01:00,0.373,0.09456943155,0.016,0.0036597176,0.357,0.4168962435,0.2767661435,0.8705,0.0
2026-03-16 08:00:00+01:00,0.229,0.0577150761,0.505,0.1147490795,-0.276,0.415073439,0.274943339,0.38675,0.132
2026-03-16 09:00:00+01:00,0.023,0.005151820025,0.952,0.1896261906,-0.9289999999999999,0.38114658175,0.24101648174999998,0.1425,0.36874999999999997
2026-03-16 10:00:00+01:00,0.034,0.0063606554,1.483,0.2406510073,-1.449,0.336480551,0.196350451,0.09625,0.9665
2026-03-16 11:00:00+01:00,0.0,0.0,3.546,0.46754249355,-3.546,0.29966941675,0.15953931675,0.15625,1.641
2026-03-16 12:00:00+01:00,0.006,0.0009075363,3.91,0.4944236055,-3.9040000000000004,0.2931358705,0.1530057705,0.23075,1.89475
2026-03-16 13:00:00+01:00,0.009,0.001395145125,2.975,0.387378096875,-2.966,0.29768556125,0.15755546125,0.042,2.21075
2026-03-16 14:00:00+01:00,0.004,0.0007329938,2.447,0.38771112215,-2.443,0.3318466745,0.19171657450000001,1.13575,2.4757499999999997
2026-03-16 15:00:00+01:00,0.07,0.01464780625,1.569,0.289401069375,-1.4989999999999999,0.36331384375,0.22318374375,1.4024999999999999,1.7977500000000002
2026-03-16 16:00:00+01:00,0.449,0.11882023945,0.948,0.2273569914,-0.49899999999999994,0.43032204049999995,0.29019194049999997,0.301,1.2779999999999998
2026-03-16 17:00:00+01:00,1.13,0.33741203925,0.117,0.032033397825,1.013,0.47141566724999995,0.33128556724999997,0.7947500000000001,0.309
2026-03-16 18:00:00+01:00,0.312,0.104893932,0.112,0.034876072,0.2,0.516916235,0.37678613499999997,0.4825,0.0035
2026-03-16 19:00:00+01:00,0.299,0.105661673975,0.0,0.0,0.299,0.53771011525,0.39758001525,0.42700000000000005,0.0
2026-03-16 20:00:00+01:00,0.401,0.1295171053,0.0,0.0,0.401,0.500928263,0.360798163,0.45499999999999996,0.0
2026-03-16 21:00:00+01:00,0.608,0.1750053976,0.0,0.0,0.608,0.45839981825,0.31826971825,2.38725,0.0
2026-03-16 22:00:00+01:00,0.312,0.0883812072,0.0,0.0,0.312,0.45287650099999993,0.31274640099999995,2.36275,0.0
2026-03-16 23:00:00+01:00,0.198,0.05068734165,0.0,0.0,0.198,0.41987202675,0.27974192675,0.34675,0.0
2026-03-17 00:00:00+01:00,0.195,0.05316779325,0.0,0.0,0.195,0.44002902349999995,0.29989892349999997,0.57325,0.0
2026-03-17 01:00:00+01:00,0.204,0.0535420644,0.0,0.0,0.204,0.427693981,0.287563881,0.32375,0.0
2026-03-17 02:00:00+01:00,0.187,0.04917186505,0.0,0.0,0.187,0.4282869415,0.2881568415,0.30774999999999997,0.0
2026-03-17 03:00:00+01:00,0.183,0.04786984455,0.0,0.0,0.183,0.4266325085,0.2865024085,0.707,0.0
2026-03-17 04:00:00+01:00,0.174,0.0464093322,0.0,0.0,0.174,0.432847613,0.292717513,0.8792500000000001,0.0
2026-03-17 05:00:00+01:00,0.188,0.05209292,0.0,0.0,0.188,0.4453949499999999,0.30526485,0.63925,0.0
2026-03-17 06:00:00+01:00,0.202,0.06244136635,0.0,0.0,0.202,0.48414601675,0.34401591675,0.67975,0.0
2026-03-17 07:00:00+01:00,0.218,0.0734020606,0.0,0.0,0.218,0.517531157,0.377401057,0.85,0.0
2026-03-17 08:00:00+01:00,0.113,0.036064246625,0.001,0.000294347625,0.112,0.4962907262499999,0.35616062625,0.36150000000000004,0.111
2026-03-17 09:00:00+01:00,0.074,0.0208444643,0.014,0.0035962773,0.06,0.45095120949999995,0.31082110949999997,0.94275,0.185
2026-03-17 10:00:00+01:00,0.027,0.007020211275,0.044,0.0103489243,-0.016999999999999998,0.42472551824999993,0.28459541825,1.70725,0.6487499999999999
2026-03-17 11:00:00+01:00,0.657,0.160279863975,0.053,0.011615065275,0.604,0.40530423175,0.26517413175,0.6595,1.10525
2026-03-17 12:00:00+01:00,0.331,0.07805739645,0.16,0.033762872,0.171,0.3954618195,0.2553317195,0.8095,1.558
2026-03-17 13:00:00+01:00,0.531,0.125949629025,0.527,0.111928620925,0.0040000000000000036,0.39711991274999997,0.25698981275,0.265,1.71
2026-03-17 14:00:00+01:00,0.12,0.028916943,1.308,0.2827497387,-1.1880000000000002,0.40169522525,0.26156512525,0.25825,1.40075
2026-03-17 15:00:00+01:00,0.15,0.03831328875,0.608,0.1402150904,-0.45799999999999996,0.41917657924999996,0.27904647925,0.23175,0.86975
2026-03-17 16:00:00+01:00,0.011,0.003060201925,0.516,0.1307519103,-0.505,0.4467382617499999,0.30660816174999994,0.39625,0.46225
2026-03-17 17:00:00+01:00,0.813,0.257233098375,0.313,0.091269195875,0.49999999999999994,0.49295989874999996,0.35282979875,0.9824999999999999,0.26825
2026-03-17 18:00:00+01:00,0.384,0.149190096,0.111,0.040371907125,0.273,0.5802202587499999,0.44009015874999996,1.022,0.00025
2026-03-17 19:00:00+01:00,0.422,0.14426419205,0.0,0.0,0.422,0.5237645627499999,0.38363446275,0.5065,0.0
2026-03-17 20:00:00+01:00,0.266,0.08178703995,0.0,0.0,0.266,0.48215484075,0.34202474075,0.53625,0.0
2026-03-17 21:00:00+01:00,0.297,0.084344139,0.0,0.0,0.297,0.45374032,0.31361022,0.45699999999999996,0.0
2026-03-17 22:00:00+01:00,0.314,0.0855662874,0.0,0.0,0.314,0.43984601100000004,0.299715911,1.08,0.0
2026-03-17 23:00:00+01:00,0.289,0.076474580325,0.0,0.0,0.289,0.43030373925000004,0.29017363925,0.379,0.0
2026-03-18 00:00:00+01:00,1.284,0.3402277395,0.0,0.0,1.284,0.43073564875,0.29060554875,2.3247500000000003,0.0
2026-03-18 01:00:00+01:00,1.008,0.2641918356,0.0,0.0,1.008,0.42725109074999995,0.28712099074999997,0.85625,0.0
2026-03-18 02:00:00+01:00,1.122,0.2943252279,0.0,0.0,1.122,0.4275256095,0.2873955095,1.06925,0.0
2026-03-18 03:00:00+01:00,1.254,0.3303856116,0.0,0.0,1.254,0.42890918399999994,0.28877908399999996,2.4357499999999996,0.0
2026-03-18 04:00:00+01:00,0.833,0.2252824343,0.0,0.0,0.833,0.437357041,0.29722694099999997,0.72425,0.0
2026-03-18 05:00:00+01:00,0.936,0.2652568776,0.0,0.0,0.936,0.453022911,0.312892811,0.43124999999999997,0.0
2026-03-18 06:00:00+01:00,0.801,0.23384614275,0.0,0.0,0.801,0.46336677750000005,0.3232366775,0.5385,0.0
2026-03-18 07:00:00+01:00,0.298,0.09079133965,0.029,0.008116053825,0.26899999999999996,0.47876544925,0.33863534925,0.90025,0.0
2026-03-18 08:00:00+01:00,0.017,0.004361817075,0.839,0.194457106525,-0.822,0.42057479475,0.28044469475,0.8079999999999999,0.041999999999999996
2026-03-18 09:00:00+01:00,0.021,0.0044482746,1.303,0.2436839328,-1.282,0.36642139599999995,0.226291296,0.53575,0.50625
2026-03-18 10:00:00+01:00,0.001,0.00014808585,2.484,0.3062296314,-2.483,0.28929992849999997,0.1491698285,0.18975,1.063
2026-03-18 11:00:00+01:00,0.0,0.0,3.898,0.42679153275,-3.898,0.27261284874999997,0.13248274875,0.1525,1.82125
2026-03-18 12:00:00+01:00,0.0,0.0,4.395,0.4776050895,-4.395,0.271620921,0.131490821,0.05825,2.33275
2026-03-18 13:00:00+01:00,0.0,0.0,4.067,0.44252721975,-4.067,0.2717892925,0.1316591925,0.038,2.6922499999999996
2026-03-18 14:00:00+01:00,0.35,0.04814877375,2.275,0.256535654375,-1.9249999999999998,0.27657323925,0.13644313924999998,0.13475,2.412
2026-03-18 15:00:00+01:00,0.011,0.00205180305,3.415,0.55228250825,-3.404,0.3358143855,0.1956842855,0.5505,2.10975
2026-03-18 16:00:00+01:00,0.002,0.0005039287,2.758,0.6265054873,-2.7560000000000002,0.4149929135,0.2748628135,0.06525,1.61125
2026-03-18 17:00:00+01:00,0.02,0.0060221095,2.037,0.562824067575,-2.017,0.47445367474999994,0.33432357474999996,0.871,0.35525
2026-03-18 18:00:00+01:00,0.223,0.076502876175,0.324,0.1031153409,-0.101,0.52522134225,0.38509124224999997,0.77775,0.0
2026-03-18 19:00:00+01:00,1.398,0.46628825595,0.0,0.0,1.398,0.5136988752499999,0.37356877525,0.6195,0.0
2026-03-18 20:00:00+01:00,0.961,0.2872373262,0.0,0.0,0.961,0.471778032,0.331647932,0.63225,0.0
2026-03-18 21:00:00+01:00,4.869,1.365043504275,0.0,0.0,4.869,0.44934435975000003,0.30921425975,0.6525,0.0
2026-03-18 22:00:00+01:00,3.171,0.8714006301,0.0,0.0,3.171,0.44262780099999993,0.302497701,2.8705,0.0
2026-03-18 23:00:00+01:00,6.035,1.604746180125,0.0,0.0,6.035,0.43186300575000003,0.29173290575,3.4285000000000005,0.0
2026-03-19 00:00:00+01:00,0.184,0.0482494276,0.0,0.0,0.184,0.4274084815,0.2872783815,0.848,0.0
2026-03-19 01:00:00+01:00,0.179,0.04765521475,0.0,0.0,0.179,0.4322546525,0.2921245525,0.4485,0.0
2026-03-19 02:00:00+01:00,0.311,0.083135345975,0.0,0.0,0.311,0.43356868224999995,0.29343858224999997,0.45675,0.0
2026-03-19 03:00:00+01:00,0.91,0.24473323875,0.0,0.0,0.91,0.4355305762499999,0.29540047625,0.66475,0.0
2026-03-19 04:00:00+01:00,0.8,0.2219866,0.0,0.0,0.8,0.44587078249999995,0.30574068249999997,0.73225,0.0
2026-03-19 05:00:00+01:00,0.808,0.23317668,0.0,0.0,0.808,0.4593039,0.3191738,0.663,0.0
2026-03-19 06:00:00+01:00,0.734,0.23355195545,0.0,0.0,0.734,0.49512676674999995,0.35499666675,0.5367500000000001,0.0
2026-03-19 07:00:00+01:00,0.324,0.1068181587,0.044,0.0134147497,0.28,0.50903571675,0.36890561675,0.47525,0.004
2026-03-19 08:00:00+01:00,0.012,0.0036177669,0.809,0.223830540175,-0.797,0.47490754575000005,0.33477744575,0.32899999999999996,0.26849999999999996
2026-03-19 09:00:00+01:00,0.014,0.00337152585,1.223,0.264190350325,-1.209,0.40151221275,0.26138211275,0.31325000000000003,0.55575
2026-03-19 10:00:00+01:00,0.004,0.0007917393,2.026,0.35076102545,-2.022,0.34961718825,0.20948708824999998,0.20550000000000002,1.2415
2026-03-19 11:00:00+01:00,0.0,0.0,2.598,0.3099884238,-2.598,0.284505001,0.144374901,0.8925,1.84225
2026-03-19 12:00:00+01:00,0.0,0.0,3.726,0.41465433735,-3.726,0.27478703725,0.13465693725,0.43574999999999997,2.6225
2026-03-19 13:00:00+01:00,0.0,0.0,4.697,0.539280770875,-4.697,0.27905488874999995,0.13892478875,0.408,2.73575
2026-03-19 14:00:00+01:00,0.0,0.0,4.592,0.7281001728,-4.592,0.33198576399999996,0.19185566399999998,0.0975,2.25475
2026-03-19 15:00:00+01:00,0.0,0.0,4.023,0.8200346418,-4.023,0.38677238599999997,0.246642286,0.03875,1.9575
2026-03-19 16:00:00+01:00,0.0,0.0,3.246,0.79025501115,-3.246,0.43471068025,0.29458058025,0.165,1.281
2026-03-19 17:00:00+01:00,0.358,0.1095468902,0.867,0.2437933773,-0.509,0.480372299,0.34024219899999997,0.29025,0.60225
2026-03-19 18:00:00+01:00,0.35,0.1350901475,0.075,0.02708751375,0.27499999999999997,0.5771419885,0.43701188849999995,1.0595,0.00425
2026-03-19 19:00:00+01:00,0.378,0.143754534,0.0,0.0,0.378,0.5702826799999999,0.43015257999999995,0.78475,0.0
2026-03-19 20:00:00+01:00,0.301,0.096636749825,0.0,0.0,0.301,0.49858936325000003,0.35845926325,0.73925,0.0
2026-03-19 21:00:00+01:00,0.294,0.08941435965,0.0,0.0,0.294,0.47811392475000003,0.33798382475,0.597,0.0
2026-03-19 22:00:00+01:00,0.287,0.08354795295,0.0,0.0,0.287,0.4623565484999999,0.3222264485,0.63425,0.0
2026-03-19 23:00:00+01:00,0.179,0.050970666175,0.0,0.0,0.179,0.45466636325000004,0.31453626325,2.7255000000000003,0.0
2026-03-20 00:00:00+01:00,0.187,0.055584922525,0.0,0.0,0.187,0.46978319575000005,0.32965309575,0.6615,0.0
2026-03-20 01:00:00+01:00,0.668,0.1946075549,0.0,0.0,0.668,0.46262374675,0.32249364675000003,0.90775,0.0
2026-03-20 02:00:00+01:00,0.371,0.106576845375,0.0,0.0,0.371,0.45771169125,0.31758159124999996,1.6620000000000001,0.0
2026-03-20 03:00:00+01:00,0.178,0.0516955076,0.0,0.0,0.178,0.461529332,0.321399232,1.25925,0.0
2026-03-20 04:00:00+01:00,0.185,0.053283575125,0.0,0.0,0.185,0.45861943325000004,0.31848933325,0.62375,0.0
2026-03-20 05:00:00+01:00,0.175,0.0537357975,0.0,0.0,0.175,0.48166070699999997,0.34153060700000004,0.9965,0.0
2026-03-20 06:00:00+01:00,0.66,0.230048709,0.0,0.0,0.66,0.5318720164999999,0.3917419165,0.81925,0.0
2026-03-20 07:00:00+01:00,0.357,0.1298545017,0.001,0.0003389331,0.356,0.550239151,0.41010905099999995,0.53675,0.0
2026-03-20 08:00:00+01:00,0.014,0.0045344145,0.598,0.1788508865,-0.584,0.5020190175,0.36188891749999996,0.3065,0.1045
2026-03-20 09:00:00+01:00,0.32,0.09188256,0.413,0.108341464,-0.09299999999999997,0.45754697999999994,0.31741688,0.485,0.36424999999999996
2026-03-20 10:00:00+01:00,0.133,0.03275810615,1.407,0.31164564585,-1.274,0.4081409255,0.2680108255,0.31275,0.6747500000000001
2026-03-20 11:00:00+01:00,0.093,0.0203893107,2.112,0.4106465088,-2.019,0.375396329,0.235266229,0.2215,0.62125
2026-03-20 12:00:00+01:00,0.0,0.0,3.968,0.7183795168,-3.968,0.35919240225,0.21906230225,0.591,0.8964999999999999
2026-03-20 13:00:00+01:00,0.0,0.0,4.149,0.7461154998,-4.149,0.35772464200000004,0.217594542,1.37275,0.7300000000000001
2026-03-20 14:00:00+01:00,0.0,0.0,4.519,0.917214312575,-4.519,0.38572189425,0.24559179425,0.23224999999999998,0.53675
2026-03-20 15:00:00+01:00,0.0,0.0,4.265,1.00222403325,-4.265,0.42446564049999996,0.2843355405,0.13375,0.49674999999999997
2026-03-20 16:00:00+01:00,0.0,0.0,3.598,0.9531075015,-3.598,0.4606581925,0.3205280925,0.20375,0.32475
2026-03-20 17:00:00+01:00,0.0,0.0,2.545,0.7575447,-2.545,0.5002987,0.36016859999999995,0.9749999999999999,0.03275
2026-03-20 18:00:00+01:00,0.042,0.01562117865,0.67,0.23257564275,-0.628,0.56015476825,0.42002466825,0.8607500000000001,0.0
2026-03-20 19:00:00+01:00,0.154,0.05807053175,0.0,0.0,0.154,0.5663845137499999,0.42625441374999995,0.71275,0.0
2026-03-20 20:00:00+01:00,0.162,0.0545337441,0.0,0.0,0.162,0.5174359904999999,0.37730589049999996,1.6332499999999999,0.0
2026-03-20 21:00:00+01:00,0.191,0.0605438867,0.0,0.0,0.191,0.49366632699999996,0.353536227,1.69925,0.0
2026-03-20 22:00:00+01:00,0.469,0.143599088325,0.0,0.0,0.469,0.48059557425,0.34046547424999996,1.8285,0.0
2026-03-20 23:00:00+01:00,0.611,0.184141789975,0.0,0.0,0.611,0.47478309725000006,0.33465299725000003,1.3445,0.0
2026-03-21 00:00:00+01:00,0.607,0.178566182575,0.0,0.0,0.607,0.46607170225,0.32594160224999996,3.1175,0.0
2026-03-21 01:00:00+01:00,0.658,0.1919669598,0.0,0.0,0.658,0.46312520100000004,0.322995101,0.802,0.0
2026-03-21 02:00:00+01:00,0.568,0.164534832,0.0,0.0,0.568,0.46062158999999997,0.32049149,0.342,0.0
2026-03-21 03:00:00+01:00,0.513,0.14753200275,0.0,0.0,0.513,0.4580960175,0.3179659175,1.0435,0.0
2026-03-21 04:00:00+01:00,0.586,0.1671396232,0.0,0.0,0.586,0.4552337019999999,0.315103602,1.8815,0.0
2026-03-21 05:00:00+01:00,0.714,0.20534341905,0.0,0.0,0.714,0.45810699825,0.31797689825,0.37225,0.0
2026-03-21 06:00:00+01:00,1.099,0.3265432324,0.0,0.0,1.099,0.46964044600000004,0.329510346,0.69725,0.0
2026-03-21 07:00:00+01:00,0.505,0.149241324375,0.0,0.0,0.505,0.46770417375,0.32757407375,0.5802499999999999,0.0
2026-03-21 08:00:00+01:00,0.25,0.0702601625,0.011,0.00281859215,0.239,0.4501752365,0.3100451365,0.48,0.00875
2026-03-21 09:00:00+01:00,0.006,0.0014722554,0.196,0.0432318964,-0.19,0.40702088899999994,0.26689078899999996,0.2445,0.1655
2026-03-21 10:00:00+01:00,0.009,0.001961806275,0.597,0.115324564575,-0.588,0.37387000475,0.23373990475,0.22425,0.55825
2026-03-21 11:00:00+01:00,0.007,0.0012928608,1.474,0.2356769756,-1.467,0.33359627399999997,0.193466174,0.2615,0.52
2026-03-21 12:00:00+01:00,0.0,0.0,3.839,0.526381317825,-3.839,0.30603825174999993,0.16590815175,1.5507499999999999,0.33525
2026-03-21 13:00:00+01:00,0.0,0.0,4.775,0.652669084375,-4.775,0.30551849624999994,0.16538839625,2.7777499999999997,0.2965
2026-03-21 14:00:00+01:00,0.0,0.0,4.672,0.825496848,-4.672,0.3539253025,0.21379520249999998,0.31775,0.64
2026-03-21 15:00:00+01:00,0.0,0.0,4.196,0.8638153095,-4.196,0.38922841375,0.24909831375,0.27449999999999997,0.23225
2026-03-21 16:00:00+01:00,0.0,0.0,3.432,0.8015580144,-3.432,0.422730682,0.282600582,0.358,0.042249999999999996
2026-03-21 17:00:00+01:00,0.0,0.0,2.376,0.633353688,-2.376,0.46267132999999994,0.32254122999999996,0.47075,0.173
2026-03-21 18:00:00+01:00,0.036,0.0122329548,0.568,0.1789196024,-0.5319999999999999,0.5212792529999999,0.38114915299999996,0.591,0.01675
2026-03-21 19:00:00+01:00,0.144,0.0478763604,0.0,0.0,0.144,0.51241046725,0.37228036725,0.5815,0.0
2026-03-21 20:00:00+01:00,0.148,0.0444709364,0.0,0.0,0.148,0.473696003,0.333565903,0.6695000000000001,0.0
2026-03-21 21:00:00+01:00,0.142,0.0402161892,0.0,0.0,0.142,0.452803296,0.312673196,0.47375,0.0
2026-03-21 22:00:00+01:00,0.152,0.0419355992,0.0,0.0,0.152,0.44394549099999997,0.303815391,0.514,0.0
2026-03-21 23:00:00+01:00,0.159,0.04160145165,0.0,0.0,0.159,0.4267057135,0.2865756135,0.64725,0.0
2026-03-22 00:00:00+01:00,0.75,0.190856325,0.0,0.0,0.75,0.41803092099999994,0.27790082099999996,0.6137499999999999,0.0
2026-03-22 01:00:00+01:00,0.727,0.180365337625,0.0,0.0,0.727,0.41031145375,0.27018135375,1.3012500000000002,0.0
2026-03-22 02:00:00+01:00,0.673,0.1645028033,0.0,0.0,0.673,0.40587889099999996,0.265748791,0.604,0.0
2026-03-22 03:00:00+01:00,0.783,0.189109396575,0.0,0.0,0.783,0.40235407025,0.26222397025,0.5539999999999999,0.0
2026-03-22 04:00:00+01:00,1.088,0.2663996016,0.0,0.0,1.088,0.40638766575,0.26625756575,0.57425,0.0
2026-03-22 05:00:00+01:00,0.683,0.168635107575,0.0,0.0,0.683,0.40886931525000003,0.26873921525,0.5327500000000001,0.0
2026-03-22 06:00:00+01:00,0.655,0.162641166875,0.0,0.0,0.655,0.41056767124999993,0.27043757125,1.395,0.0
2026-03-22 07:00:00+01:00,0.241,0.0564527799,0.028,0.0058642892,0.213,0.393551169,0.253421069,1.2209999999999999,0.0005
2026-03-22 08:00:00+01:00,0.008,0.0014815966,0.779,0.124947373925,-0.771,0.33420753575,0.19407743575,0.4285,0.17250000000000001
2026-03-22 09:00:00+01:00,0.004,0.0005756091,1.434,0.17078549235,-1.43,0.28423780275,0.14410770275,0.898,0.4815
2026-03-22 10:00:00+01:00,0.0,0.0,2.805,0.309605241,-2.805,0.273685302,0.13355520199999998,0.25825,0.98725
2026-03-22 11:00:00+01:00,0.0,0.0,3.856,0.408312322,-3.856,0.26825715125,0.12812705124999998,0.25425,1.51425
2026-03-22 12:00:00+01:00,0.0,0.0,4.501,0.413272030325,-4.501,0.25122966825,0.11109956825,0.1525,2.2635
2026-03-22 13:00:00+01:00,0.0,0.0,4.729,0.472344224275,-4.729,0.26098789475,0.12085779475,1.388,2.5949999999999998
2026-03-22 14:00:00+01:00,4.372,0.5847169636,1.451,0.1580665713,2.921,0.271943023,0.131812923,0.04175,2.1872499999999997
2026-03-22 15:00:00+01:00,5.388,0.8025153906,0.412,0.0511456594,4.976,0.29033943949999996,0.15020933949999998,0.12125,1.868
2026-03-22 16:00:00+01:00,3.296,0.7724467696,1.329,0.27849706665,1.9669999999999999,0.3936902585,0.2535601585,0.36175,1.2885
2026-03-22 17:00:00+01:00,0.292,0.0856862831,0.854,0.22941956345,-0.562,0.46518592175,0.32505582175000003,1.1155,0.5642499999999999
2026-03-22 18:00:00+01:00,0.917,0.305256576625,0.04,0.012323245,0.877,0.51290826125,0.37277816125,1.16,0.006750000000000001
2026-03-22 19:00:00+01:00,1.427,0.48547917055,0.0,0.0,1.427,0.5217697265,0.3816396265,0.85575,0.0
2026-03-22 20:00:00+01:00,0.793,0.2580847841,0.0,0.0,0.793,0.5039150269999999,0.363784927,0.5297499999999999,0.0
2026-03-22 21:00:00+01:00,0.289,0.089421852575,0.0,0.0,0.289,0.48451204175,0.34438194175,0.38025,0.0
2026-03-22 22:00:00+01:00,2.686,0.810727467,0.0,0.0,2.686,0.475335795,0.33520569499999997,0.2865,0.0
2026-03-22 23:00:00+01:00,5.146,1.5220447704,0.0,0.0,5.146,0.46800065400000007,0.32787055400000004,2.41825,0.0
2026-03-23 00:00:00+01:00,0.18,0.051099147,0.0,0.0,0.18,0.4536158715,0.31348577149999995,0.93625,0.0
2026-03-23 01:00:00+01:00,2.624,0.7396096928,0.0,0.0,2.624,0.4511708245,0.3110407245,0.51475,0.0
2026-03-23 02:00:00+01:00,2.653,0.7482171004,0.0,0.0,2.653,0.451368478,0.311238378,0.56275,0.0
2026-03-23 03:00:00+01:00,6.333,1.776018128775,0.0,0.0,6.333,0.44944684674999996,0.30931674675,2.63075,0.0
2026-03-23 04:00:00+01:00,7.69,2.2102394215,0.0,0.0,7.69,0.4578910435,0.3177609435,1.565,0.0
2026-03-23 05:00:00+01:00,5.128,1.5799330822,0.0,0.0,5.128,0.48291617275,0.34278607274999995,1.294,0.0
2026-03-23 06:00:00+01:00,0.785,0.27254520975,0.0,0.0,0.785,0.5302175835,0.3900874835,1.4985,0.0
2026-03-23 07:00:00+01:00,0.314,0.112785189,0.044,0.014712874,0.27,0.544734135,0.404604035,0.5714999999999999,0.004
2026-03-23 08:00:00+01:00,0.026,0.00817810565,0.727,0.210639180675,-0.701,0.49071250525,0.35058240525,0.34075,0.243
2026-03-23 09:00:00+01:00,0.081,0.021456594225,1.173,0.281627006925,-1.092,0.43064048224999996,0.29051038225,0.10875,0.56325
2026-03-23 10:00:00+01:00,0.009,0.00204802785,1.848,0.3746887452,-1.8390000000000002,0.38546201649999995,0.2453319165,0.09425,1.27975
2026-03-23 11:00:00+01:00,0.006,0.00114208875,1.859,0.307744669375,-1.853,0.34043728124999995,0.20030718125000002,0.09524999999999999,2.3752500000000003
2026-03-23 12:00:00+01:00,0.0,0.0,2.134,0.3571486941,-2.134,0.3426370915,0.20250699149999998,0.21725,2.82525
2026-03-23 13:00:00+01:00,0.0,0.0,3.429,0.655462865475,-3.429,0.37142495775,0.23129485775,0.035,2.8787499999999997
2026-03-23 14:00:00+01:00,0.0,0.0,3.743,0.8017288906,-3.743,0.399305082,0.259174982,1.132,2.67925
2026-03-23 15:00:00+01:00,0.0,0.0,3.292,0.7712105852,-3.292,0.423594501,0.283464401,0.7777499999999999,2.009
2026-03-23 16:00:00+01:00,0.006,0.0017102382,1.211,0.3151442217,-1.205,0.455014087,0.314883987,0.386,1.4095
2026-03-23 17:00:00+01:00,0.869,0.299682536175,0.245,0.078413248375,0.624,0.52739553075,0.38726543075,0.7357499999999999,0.33825
2026-03-23 18:00:00+01:00,0.289,0.1264514009,0.016,0.0066038896,0.27299999999999996,0.6395492509999999,0.49941915099999995,0.35325,0.0315
2026-03-23 19:00:00+01:00,0.581,0.246765297625,0.0,0.0,0.581,0.62403345125,0.48390335125,0.34475,0.0
2026-03-23 20:00:00+01:00,0.374,0.1410137267,0.0,0.0,0.374,0.5663369305,0.42620683049999997,0.38975,0.0
2026-03-23 21:00:00+01:00,0.261,0.08848838295,0.0,0.0,0.261,0.5203495495,0.3802194495,1.71075,0.0
2026-03-23 22:00:00+01:00,0.231,0.073874493,0.0,0.0,0.231,0.4970776799999999,0.35694758,0.7015,0.0
2026-03-23 23:00:00+01:00,0.178,0.05366569615,0.0,0.0,0.178,0.47492218675,0.33479208675,0.18824999999999997,0.0
2026-03-24 00:00:00+01:00,0.163,0.048504280825,0.0,0.0,0.163,0.4701785027499999,0.33004840274999997,0.305,0.0
2026-03-24 01:00:00+01:00,0.176,0.0488892272,0.0,0.0,0.176,0.4462294869999999,0.306099387,0.22899999999999998,0.0
2026-03-24 02:00:00+01:00,0.197,0.051412237525,0.0,0.0,0.197,0.42589679825,0.28576669825,0.21350000000000002,0.0
2026-03-24 03:00:00+01:00,0.184,0.0463363934,0.0,0.0,0.184,0.41482820225,0.27469810224999996,0.49249999999999994,0.0
2026-03-24 04:00:00+01:00,0.173,0.043320320175,0.0,0.0,0.173,0.41310788475,0.27297778475,0.7344999999999999,0.0
2026-03-24 05:00:00+01:00,0.182,0.04584815235,0.0,0.0,0.182,0.41493068924999993,0.27480058925,0.56225,0.0
2026-03-24 06:00:00+01:00,0.169,0.0448017141,0.0,0.0,0.169,0.430885719,0.290755619,0.599,0.0
2026-03-24 07:00:00+01:00,0.074,0.0201679896,0.017,0.0042115018,0.056999999999999995,0.439889934,0.299759834,0.6815,0.0
2026-03-24 08:00:00+01:00,0.039,0.009898220475,0.224,0.0512949976,-0.185,0.41721468525,0.27708458525,0.29875,0.0925
2026-03-24 09:00:00+01:00,0.316,0.0699823949,0.026,0.00511311515,0.29,0.37808661274999994,0.23795651275,0.15199999999999997,0.1885
2026-03-24 10:00:00+01:00,0.095,0.0157033195,1.22,0.171401582,-1.125,0.310126751,0.169996651,0.7725,0.48275
2026-03-24 11:00:00+01:00,0.031,0.004391577025,1.376,0.1607976744,-1.345,0.28152921775,0.14139911775,0.7915,0.81575
2026-03-24 12:00:00+01:00,0.063,0.008646959475,1.301,0.146295270825,-1.238,0.27619257324999996,0.13606247325,0.86575,1.2375
2026-03-24 13:00:00+01:00,0.141,0.0196116195,0.671,0.0766848995,-0.53,0.27841434499999995,0.138284245,0.37825,1.405
2026-03-24 14:00:00+01:00,0.029,0.004059298925,0.576,0.0663383952,-0.5469999999999999,0.27948679825,0.13935669825,0.2835,1.3575
2026-03-24 15:00:00+01:00,0.01,0.001612446,0.498,0.0679469208,-0.488,0.30522201599999993,0.16509191599999998,0.2595,0.81625
2026-03-24 16:00:00+01:00,0.01,0.00229346425,0.393,0.080384780025,-0.383,0.38762522425,0.24749512425,0.17875,0.5415
2026-03-24 17:00:00+01:00,1.285,0.34983347575,0.121,0.02994011295,1.164,0.4395312295,0.2994011295,0.7457499999999999,0.34650000000000003
2026-03-24 18:00:00+01:00,0.213,0.063915107025,0.124,0.0341329747,0.089,0.47320186924999996,0.33307176925000004,0.39275000000000004,0.028
2026-03-24 19:00:00+01:00,0.33,0.1013563155,0.0,0.0,0.33,0.48175587349999993,0.34162577349999995,0.42025,0.0
2026-03-24 20:00:00+01:00,1.253,0.33842295795,0.0,0.0,1.253,0.4369251315,0.2967950315,0.38425,0.0
2026-03-24 21:00:00+01:00,1.611,0.4115773134,0.0,0.0,1.611,0.419246124,0.279116024,0.325,0.0
2026-03-24 22:00:00+01:00,0.247,0.058216140125,0.0,0.0,0.247,0.39530442875000005,0.25517432875,0.9570000000000001,0.0
2026-03-24 23:00:00+01:00,2.697,0.469949755275,0.0,0.0,2.697,0.32095743074999994,0.18082733075000001,0.28025,0.0
2026-03-25 00:00:00+01:00,1.2,0.16541184,0.0,0.0,1.2,0.276906322,0.136776222,2.48175,0.0
2026-03-25 01:00:00+01:00,5.769,0.785148063975,0.0,0.0,5.769,0.27479435774999994,0.13466425775,0.9425000000000001,0.0
2026-03-25 02:00:00+01:00,1.583,0.214734068725,0.0,0.0,1.583,0.27425264075,0.13412254075,1.1804999999999999,0.0
2026-03-25 03:00:00+01:00,5.31,0.72025371,0.0,0.0,5.31,0.27424166,0.13411156,2.5847499999999997,0.0
2026-03-25 04:00:00+01:00,0.814,0.1104166987,0.0,0.0,0.814,0.27424898049999996,0.13411888049999998,0.76125,0.0
2026-03-25 05:00:00+01:00,0.591,0.08053211265,0.0,0.0,0.591,0.2749956715,0.1348655715,0.48475,0.0
2026-03-25 06:00:00+01:00,0.614,0.0868385419,0.0,0.0,0.614,0.2812473785,0.1411172785,0.55,0.0
2026-03-25 07:00:00+01:00,0.749,0.118884856475,0.0,0.0,0.749,0.30217302775,0.16204292774999998,0.60375,0.00725
2026-03-25 08:00:00+01:00,0.695,0.136324302125,0.0,0.0,0.695,0.34745764075,0.20732754075,0.6497499999999999,0.25175
2026-03-25 09:00:00+01:00,0.749,0.1225938483,0.0,0.0,0.749,0.308164857,0.16803475699999998,0.5225,0.76125
2026-03-25 10:00:00+01:00,0.132,0.0189328095,0.406,0.04816190225,-0.274,0.28366680375,0.14353670375,0.14775,1.6132499999999999
2026-03-25 11:00:00+01:00,0.004,0.0005472225,1.643,0.184017026875,-1.639,0.27565085624999996,0.13552075625,0.1315,2.63475
2026-03-25 12:00:00+01:00,0.004,0.0005430117,3.295,0.365573412875,-3.291,0.27437708925,0.13424698925,0.05825,2.791
2026-03-25 13:00:00+01:00,7.266,0.98928206685,0.706,0.07861114085,6.5600000000000005,0.27486024225,0.13473014225,0.038,2.8640000000000003
2026-03-25 14:00:00+01:00,4.443,0.61493719155,1.332,0.1513163322,3.1109999999999998,0.2775871285,0.1374570285,0.22125,2.4415
2026-03-25 15:00:00+01:00,1.181,0.172570820125,1.429,0.173362886125,-0.248,0.28692442625,0.14679432625,0.548,2.633
2026-03-25 16:00:00+01:00,0.142,0.02654619,0.491,0.07961074,-0.349,0.33631950000000005,0.1961894,0.02725,2.2677500000000004
2026-03-25 17:00:00+01:00,0.715,0.182544487125,0.081,0.018670659975,0.634,0.41903748975,0.27890738975,0.36724999999999997,0.8644999999999999
2026-03-25 18:00:00+01:00,0.946,0.27797781935,0.043,0.011568740425,0.9029999999999999,0.46566907475,0.32553897475,0.52525,0.081
2026-03-25 19:00:00+01:00,1.169,0.37191892815,0.0,0.0,1.169,0.4950791834999999,0.3549490835,0.7424999999999999,0.0
2026-03-25 20:00:00+01:00,0.322,0.10045085435,0.0,0.0,0.322,0.48758665175000004,0.34745655175,0.58175,0.0
2026-03-25 21:00:00+01:00,0.452,0.1285986669,0.0,0.0,0.452,0.45437354324999996,0.31424344325,1.6462499999999998,0.0
2026-03-25 22:00:00+01:00,0.845,0.229844203875,0.0,0.0,0.845,0.43924206974999996,0.29911196975,3.47375,0.0
2026-03-25 23:00:00+01:00,0.731,0.17977223495,0.0,0.0,0.731,0.40768705450000003,0.2675569545,4.74925,0.0
2026-03-26 00:00:00+01:00,0.692,0.1738548449,0.0,0.0,0.692,0.41411079325,0.27398069324999996,0.7247499999999999,0.0
2026-03-26 01:00:00+01:00,0.673,0.165347670675,0.0,0.0,0.673,0.40739789475,0.26726779475,0.33425,0.0
2026-03-26 02:00:00+01:00,0.64,0.154500544,0.0,0.0,0.64,0.402218641,0.262088541,0.377,0.0
2026-03-26 03:00:00+01:00,0.567,0.137857190625,0.0,0.0,0.567,0.40430864375000003,0.26417854375,0.7237500000000001,0.0
2026-03-26 04:00:00+01:00,0.601,0.1483581121,0.0,0.0,0.601,0.408807091,0.268676991,0.7717499999999999,0.0
2026-03-26 05:00:00+01:00,0.611,0.1580718711,0.0,0.0,0.611,0.423155271,0.283025171,0.7030000000000001,0.0
2026-03-26 06:00:00+01:00,0.639,0.1784367882,0.0,0.0,0.639,0.44800104800000007,0.30787094800000003,0.56025,0.0
2026-03-26 07:00:00+01:00,0.397,0.1200012297,0.001,0.0002774651,0.396,0.47586287099999997,0.33573277100000004,0.35425,0.015
2026-03-26 08:00:00+01:00,0.052,0.0149757465,0.551,0.145017758875,-0.49900000000000005,0.45859015125,0.31846005125,0.07275,0.47075
2026-03-26 09:00:00+01:00,0.007,0.001681146775,1.176,0.2532619782,-1.169,0.40071427825,0.26058417825,0.0395,0.8615
2026-03-26 10:00:00+01:00,1.872,0.3461782896,1.457,0.2332938201,0.41500000000000004,0.33387445299999996,0.19374435299999998,0.051250000000000004,1.748
2026-03-26 11:00:00+01:00,0.808,0.1248546244,1.033,0.13399874565,-0.22499999999999987,0.2970889405,0.1569588405,0.60425,2.49175
2026-03-26 12:00:00+01:00,0.001,0.000143533225,3.638,0.43193328255,-3.637,0.28379125224999996,0.14366115225,0.187,3.5540000000000003
2026-03-26 13:00:00+01:00,0.001,0.0001397913,4.151,0.4773081313,-4.1499999999999995,0.279263523,0.139133423,0.00075,3.90675
2026-03-26 14:00:00+01:00,0.04,0.00588544,2.876,0.351823956,-2.836,0.28815061,0.14802051,0.01625,3.3979999999999997
2026-03-26 15:00:00+01:00,0.13,0.023184447,1.943,0.2983221967,-1.8130000000000002,0.32590974899999997,0.185779649,0.011250000000000001,2.947
2026-03-26 16:00:00+01:00,0.245,0.0554687595,1.667,0.3360640327,-1.4220000000000002,0.3840638009999999,0.243933701,0.014,2.0925000000000002
2026-03-26 17:00:00+01:00,3.24,0.893968812,0.444,0.1114934172,2.7960000000000003,0.443974773,0.30384467299999995,0.0995,0.819
2026-03-26 18:00:00+01:00,0.242,0.0773659722,0.132,0.0389253612,0.10999999999999999,0.49694591099999996,0.356815811,0.9047499999999999,0.023
2026-03-26 19:00:00+01:00,0.508,0.1712867288,0.0,0.0,0.508,0.518102156,0.37797205599999995,0.6565,0.0
2026-03-26 20:00:00+01:00,0.288,0.0925101144,0.0,0.0,0.288,0.49878701675000003,0.35865691675,0.5015,0.0
2026-03-26 21:00:00+01:00,0.392,0.1150273432,0.0,0.0,0.392,0.465174941,0.325044841,0.2985,0.0
2026-03-26 22:00:00+01:00,0.699,0.2001731193,0.0,0.0,0.699,0.45662459699999997,0.316494497,0.44799999999999995,0.0
2026-03-26 23:00:00+01:00,0.896,0.2584447712,0.0,0.0,0.896,0.45913186824999996,0.31900176825,2.03875,0.0
2026-03-27 00:00:00+01:00,0.8,0.2242372,0.0,0.0,0.8,0.44927481499999994,0.30914471499999996,0.48625000000000007,0.0
2026-03-27 01:00:00+01:00,0.76,0.213137991,0.0,0.0,0.76,0.4494541672499999,0.30932406724999995,0.396,0.0
2026-03-27 02:00:00+01:00,0.765,0.212392706625,0.0,0.0,0.765,0.4460574552499999,0.30592735525,0.2625,0.0
2026-03-27 03:00:00+01:00,0.76,0.211455123,0.0,0.0,0.76,0.4467748642499999,0.30664476425,1.119,0.0
2026-03-27 04:00:00+01:00,0.702,0.19736910765,0.0,0.0,0.702,0.45031066575,0.31018056574999997,0.49424999999999997,0.0
2026-03-27 05:00:00+01:00,0.766,0.230417396,0.0,0.0,0.766,0.47409131,0.33396121,0.878,0.0
2026-03-27 06:00:00+01:00,0.717,0.246947293725,0.0,0.0,0.717,0.5268611342499999,0.38673103424999994,0.83725,0.0
2026-03-27 07:00:00+01:00,0.193,0.067352971125,0.204,0.0661315215,-0.010999999999999982,0.5323807912499999,0.39225069124999995,0.4735,0.00025
2026-03-27 08:00:00+01:00,0.054,0.01698137595,1.054,0.30530683095,-1.0,0.49062465925000004,0.35049455925,0.128,0.254
2026-03-27 09:00:00+01:00,0.549,0.1505812572,1.046,0.2609537788,-0.497,0.441998238,0.301868138,0.44475000000000003,0.46749999999999997
2026-03-27 10:00:00+01:00,0.221,0.053605677125,0.213,0.046381735125,0.008000000000000007,0.40361319625,0.26348309625,0.316,1.0217500000000002
2026-03-27 11:00:00+01:00,0.019,0.004287232675,2.107,0.423167404275,-2.088,0.38314507825,0.24301497824999999,0.095,1.14775
2026-03-27 12:00:00+01:00,0.082,0.0175549946,2.789,0.5279027567,-2.7070000000000003,0.369159263,0.229029163,0.574,1.7187499999999998
2026-03-27 13:00:00+01:00,5.94,1.2327289425,0.535,0.097757941875,5.405,0.36122750125,0.22109740125,1.30575,1.6985000000000001
2026-03-27 14:00:00+01:00,5.841,1.30174774785,0.203,0.04020594655,5.638,0.37978130849999997,0.2396512085,0.19649999999999998,1.66425
2026-03-27 15:00:00+01:00,0.017,0.00420707925,1.013,0.22556496325,-0.9959999999999999,0.40956110249999994,0.26943100249999996,0.09425,1.5557500000000002
2026-03-27 16:00:00+01:00,0.014,0.00364239645,0.478,0.11250503165,-0.46399999999999997,0.42492317174999994,0.28479307175,0.09375,1.2242499999999998
2026-03-27 17:00:00+01:00,0.67,0.19858299175,0.062,0.01683842655,0.6080000000000001,0.46875100525,0.32862090525,0.8252499999999999,0.669
2026-03-27 18:00:00+01:00,0.284,0.0920388194,0.0,0.0,0.284,0.5022532735,0.3621231735,0.446,0.1675
2026-03-27 19:00:00+01:00,0.286,0.0968466213,0.0,0.0,0.286,0.5198517555000001,0.3797216555,0.40700000000000003,0.0
2026-03-27 20:00:00+01:00,0.338,0.1041283529,0.0,0.0,0.338,0.48288323050000004,0.3427531305,1.3669999999999998,0.0
2026-03-27 21:00:00+01:00,0.275,0.076804523125,0.0,0.0,0.275,0.4480559517499999,0.30792585175,1.57025,0.0
2026-03-27 22:00:00+01:00,0.32,0.088579744,0.0,0.0,0.32,0.445058207,0.30492810699999995,1.7842500000000001,0.0
2026-03-27 23:00:00+01:00,0.224,0.0591199224,0.0,0.0,0.224,0.42946920225,0.28933910225,0.6985,0.0
2026-03-28 00:00:00+01:00,0.184,0.0461410268,0.0,0.0,0.184,0.41354345449999996,0.2734133545,0.5042500000000001,0.0
2026-03-28 01:00:00+01:00,5.454,1.3513798485,0.0,0.0,5.454,0.4099271275,0.2697970275,0.40275,0.0
2026-03-28 02:00:00+01:00,10.097,2.463724290775,0.0,0.0,10.097,0.40536279574999995,0.26523269575,0.37274999999999997,0.0
2026-03-28 03:00:00+01:00,2.352,0.5673981852,0.0,0.0,2.352,0.40201732725,0.26188722724999997,0.9417500000000001,0.0
2026-03-28 04:00:00+01:00,0.182,0.04409410005,0.0,0.0,0.182,0.40326913275,0.26313903275,1.86975,0.0
2026-03-28 05:00:00+01:00,2.911,0.7052721313,0.0,0.0,2.911,0.403272793,0.263142693,0.44349999999999995,0.0
2026-03-28 06:00:00+01:00,5.86,1.3950223705,0.0,0.0,5.86,0.3981667442499999,0.25803664425,0.6305000000000001,0.0
2026-03-28 07:00:00+01:00,9.875,2.271606734375,0.0,0.0,9.875,0.38845976125,0.24832966124999997,0.5645,0.0
2026-03-28 08:00:00+01:00,3.365,0.7345663765,0.313,0.0605627143,3.052,0.374254331,0.234124231,0.328,0.00325
2026-03-28 09:00:00+01:00,0.048,0.0091095576,1.436,0.2369076182,-1.388,0.3397528145,0.1996227145,0.0995,0.1145
2026-03-28 10:00:00+01:00,0.027,0.004237053975,1.751,0.231347241675,-1.724,0.29999883925,0.15986873925,0.1225,0.40175
2026-03-28 11:00:00+01:00,0.004,0.0005771095,3.481,0.415883337375,-3.477,0.28469167375,0.14456157375,0.24175000000000002,0.7275
2026-03-28 12:00:00+01:00,0.003,0.000431126025,3.948,0.4694317089,-3.945,0.28400354675,0.14387344675,1.53375,1.20875
2026-03-28 13:00:00+01:00,0.005,0.0007085155,2.942,0.3439142102,-2.9370000000000003,0.281576801,0.141446701,2.6205,1.4825000000000002
2026-03-28 14:00:00+01:00,0.002,0.0002960386,3.668,0.4519500524,-3.6660000000000004,0.289219403,0.149089303,0.11374999999999999,1.808
2026-03-28 15:00:00+01:00,0.006,0.00106074045,3.666,0.55717728495,-3.66,0.32403204074999997,0.18390194075,0.19999999999999998,1.2527499999999998
2026-03-28 16:00:00+01:00,0.077,0.017073635425,2.752,0.5419528048,-2.675,0.37841603525,0.23828593525,0.352,0.8785
2026-03-28 17:00:00+01:00,1.266,0.3242258283,0.343,0.07933505965,0.923,0.4200001355,0.2798700355,0.4395,0.7669999999999999
2026-03-28 18:00:00+01:00,0.371,0.111243264825,0.0,0.0,0.371,0.47293101074999994,0.33280091075,0.5615,0.15875
2026-03-28 19:00:00+01:00,0.906,0.2918024868,0.0,0.0,0.906,0.49983018799999995,0.359700088,0.5720000000000001,0.0
2026-03-28 20:00:00+01:00,0.969,0.3002277894,0.0,0.0,0.969,0.485013496,0.34488339599999995,0.6655,0.0
2026-03-28 21:00:00+01:00,0.826,0.243568402,0.0,0.0,0.826,0.4669172199999999,0.32678712,0.46599999999999997,0.0
2026-03-28 22:00:00+01:00,1.02,0.293048448,0.0,0.0,1.02,0.45775195399999996,0.317621854,0.50675,0.0
2026-03-28 23:00:00+01:00,1.296,0.3633269904,0.0,0.0,1.296,0.449333379,0.309203279,0.64325,0.0
2026-03-29 00:00:00+01:00,0.82,0.2243438615,0.0,0.0,0.82,0.44116004075,0.30102994075,0.7565,0.0
2026-03-29 01:00:00+01:00,0.887,0.23586718155,0.0,0.0,0.887,0.4318739865,0.2917438865,1.4402500000000003,0.0
2026-03-29 03:00:00+02:00,0.796,0.205417949,0.0,0.0,0.796,0.4223719775,0.2822418775,0.72875,0.0
2026-03-29 04:00:00+02:00,0.821,0.21590276235,0.0,0.0,0.821,0.4283162235,0.2881861235,0.706,0.0
2026-03-29 05:00:00+02:00,0.69,0.1809353535,0.0,0.0,0.69,0.4274084815,0.2872783815,0.801,0.0
2026-03-29 06:00:00+02:00,0.758,0.2034901407,0.0,0.0,0.758,0.43494859649999995,0.29481849649999997,0.6585000000000001,0.0
2026-03-29 07:00:00+02:00,0.801,0.220158474525,0.0,0.0,0.801,0.44269002524999995,0.30255992525,1.5177500000000002,0.0
2026-03-29 08:00:00+02:00,0.206,0.05656893385,0.148,0.0369706183,0.057999999999999996,0.44238988475,0.30225978475,1.2362499999999998,0.0075
2026-03-29 09:00:00+02:00,0.045,0.01107104625,1.018,0.2252001785,-0.973,0.4078041825,0.2676740825,0.3355,0.36725
2026-03-29 10:00:00+02:00,0.017,0.0037044513,1.5,0.28965585,-1.483,0.37378581899999996,0.23365571899999998,0.6864999999999999,0.8400000000000001
2026-03-29 11:00:00+02:00,0.122,0.02255080025,1.336,0.213810267,-1.214,0.33377562624999996,0.19364552624999998,0.10875,1.6885000000000001
2026-03-29 12:00:00+02:00,0.216,0.0322178472,1.173,0.1458645441,-0.9570000000000001,0.29059565699999995,0.150465557,0.03825,2.47825
2026-03-29 13:00:00+02:00,0.067,0.00919779685,1.888,0.2123538384,-1.821,0.2762255155,0.13609541549999998,0.00375,3.38875
2026-03-29 14:00:00+02:00,0.066,0.00885827085,1.501,0.164226248725,-1.4349999999999998,0.27251768225,0.13238758225,0.093,3.753
2026-03-29 15:00:00+02:00,0.024,0.0031965054,1.022,0.11076714495,-0.998,0.27127319725,0.13114309725,1.1099999999999999,2.48325
2026-03-29 16:00:00+02:00,0.035,0.00474256475,0.386,0.0427289841,-0.351,0.27407328849999996,0.1339431885,1.3852499999999999,1.9542499999999998
2026-03-29 17:00:00+02:00,1.565,0.26998714875,0.075,0.01107830625,1.49,0.31886010749999993,0.1787300075,0.8959999999999999,1.6207499999999997
2026-03-29 18:00:00+02:00,0.404,0.0956720985,0.013,0.002756092625,0.391,0.39665872124999996,0.25652862125,0.6672499999999999,0.7777499999999999
2026-03-29 19:00:00+02:00,0.532,0.1405289039,0.0,0.0,0.532,0.42974006075,0.28960996075,1.00875,0.01675
2026-03-29 20:00:00+02:00,0.292,0.0731937712,0.0,0.0,0.292,0.413419006,0.273288906,1.02325,0.0
2026-03-29 21:00:00+02:00,0.785,0.1740790095,0.0,0.0,0.785,0.37844165700000004,0.238311557,0.57675,0.0
2026-03-29 22:00:00+02:00,1.469,0.3120561444,0.0,0.0,1.469,0.367153446,0.227023346,0.3175,0.0
2026-03-29 23:00:00+02:00,4.299,0.7279384926,0.0,0.0,4.299,0.315002204,0.174872104,0.8532500000000001,0.0
2026-03-30 00:00:00+02:00,0.196,0.0288659294,0.0,0.0,0.196,0.28831898149999996,0.1481888815,1.4975,0.0
2026-03-30 01:00:00+02:00,0.206,0.028926623,0.0,0.0,0.206,0.280024855,0.13989475499999998,0.321,0.0
2026-03-30 02:00:00+02:00,0.792,0.1117928196,0.0,0.0,0.792,0.2809106355,0.1407805355,1.0395,0.0
2026-03-30 03:00:00+02:00,0.711,0.099152878275,0.0,0.0,0.711,0.27885723525,0.13872713525,1.0967500000000001,0.0
2026-03-30 04:00:00+02:00,0.736,0.103037792,0.0,0.0,0.736,0.27951242,0.13938232,2.2375,0.0
2026-03-30 05:00:00+02:00,0.679,0.1060261895,0.0,0.0,0.679,0.299058155,0.158928055,2.30625,0.0
2026-03-30 06:00:00+02:00,0.658,0.13983508385,0.0,0.0,0.658,0.36725959325,0.22712949325,1.873,0.0
2026-03-30 07:00:00+02:00,0.591,0.146670848775,0.0,0.0,0.591,0.41040662024999996,0.27027652025,0.73075,0.0
2026-03-30 08:00:00+02:00,0.171,0.0463706001,0.222,0.0546937182,-0.05099999999999999,0.43823550099999997,0.298105401,0.47000000000000003,0.015
2026-03-30 09:00:00+02:00,0.02,0.005105232,0.998,0.2299956868,-0.978,0.418982586,0.278852486,0.259,0.42475
2026-03-30 10:00:00+02:00,0.137,0.031030900725,1.099,0.221666019575,-0.962,0.38418458925000004,0.24405448925,0.08,0.8555
2026-03-30 11:00:00+02:00,0.641,0.122629758075,1.916,0.3190237237,-1.275,0.34160124075,0.20147114075,0.015000000000000001,1.7132500000000002
2026-03-30 12:00:00+02:00,0.098,0.0161849842,2.415,0.3389401785,-2.317,0.309951059,0.169820959,0.0875,2.6157500000000002
2026-03-30 13:00:00+02:00,0.163,0.024209489425,2.673,0.330702156675,-2.5100000000000002,0.28983066474999997,0.14970056475,0.1865,3.1877500000000003
2026-03-30 14:00:00+02:00,0.019,0.002751040875,2.332,0.2798088095,-2.3129999999999997,0.28531391624999997,0.14518381625,0.00225,3.59875
2026-03-30 15:00:00+02:00,0.002,0.00030261495,3.266,0.41315708335,-3.2640000000000002,0.29319809474999997,0.15306799475,0.001,3.5317499999999997
2026-03-30 16:00:00+02:00,3.422,0.60369204445,0.767,0.116284850825,2.6550000000000002,0.32357816975000003,0.18344806975,0.0175,2.82725
2026-03-30 17:00:00+02:00,0.692,0.1523671204,0.64,0.125042368,0.051999999999999935,0.37653832699999995,0.23640822699999997,0.11475,1.7105
2026-03-30 18:00:00+02:00,0.054,0.0138592674,0.518,0.1200973158,-0.464,0.42066630099999996,0.280536201,0.7115,0.39949999999999997
2026-03-30 19:00:00+02:00,1.008,0.2892837024,0.138,0.0361812264,0.87,0.457371288,0.317241188,0.31675,0.035500000000000004
2026-03-30 20:00:00+02:00,5.065,1.480850377875,0.0,0.0,5.065,0.46388287274999995,0.32375277275000003,0.38499999999999995,0.0
2026-03-30 21:00:00+02:00,0.495,0.1449518895,0.0,0.0,0.495,0.464442891,0.324312791,0.383,0.0
2026-03-30 22:00:00+02:00,0.684,0.2051595414,0.0,0.0,0.684,0.47304447850000003,0.3329143785,0.3835,0.0
2026-03-30 23:00:00+02:00,0.391,0.107804027375,0.0,0.0,0.391,0.44372953624999995,0.30359943624999997,0.272,0.0
2026-03-31 00:00:00+02:00,0.399,0.113348229225,0.0,0.0,0.399,0.4538537877499999,0.31372368775,0.18325000000000002,0.0
2026-03-31 01:00:00+02:00,0.826,0.22267219205,0.0,0.0,0.826,0.43630654925,0.29617644925,0.30025,0.0
2026-03-31 02:00:00+02:00,0.688,0.183239254,0.0,0.0,0.688,0.43238276125,0.29225266125,0.22675,0.0
2026-03-31 03:00:00+02:00,0.659,0.176587995925,0.0,0.0,0.659,0.43435197575,0.29422187575,0.21700000000000003,0.0
2026-03-31 04:00:00+02:00,0.565,0.151847210625,0.0,0.0,0.565,0.43531096125,0.29518086125,0.373,0.0
2026-03-31 05:00:00+02:00,0.513,0.138076733025,0.0,0.0,0.513,0.43579411425,0.29566401425,0.6805,0.0
2026-03-31 06:00:00+02:00,0.457,0.138534191675,0.0,0.0,0.457,0.47691336275,0.33678326275,0.5635,0.0
2026-03-31 07:00:00+02:00,0.604,0.1936799084,0.0,0.0,0.604,0.4981171909999999,0.357987091,0.5285,0.0
2026-03-31 08:00:00+02:00,0.529,0.176996086575,0.0,0.0,0.529,0.51496532175,0.37483522175,0.42474999999999996,0.00425
2026-03-31 09:00:00+02:00,0.65,0.19588372375,0.0,0.0,0.65,0.47476113574999995,0.33463103575,0.14075,0.14850000000000002
2026-03-31 10:00:00+02:00,0.105,0.0277108755,0.389,0.0930130509,-0.28400000000000003,0.429450901,0.28932080099999996,0.15975,0.195
2026-03-31 11:00:00+02:00,2.275,0.552593916875,1.064,0.2320514042,1.2109999999999999,0.40402314425,0.26389304425,0.1085,0.78775
2026-03-31 12:00:00+02:00,0.513,0.11951225055,0.235,0.04891815225,0.278,0.3920065435,0.2518764435,0.29100000000000004,1.1477499999999998
2026-03-31 13:00:00+02:00,0.673,0.138214195075,0.122,0.02202896355,0.551,0.35861408275,0.21848398275,0.7265,1.5625
2026-03-31 14:00:00+02:00,0.006,0.00122888205,2.378,0.42806062915,-2.3720000000000003,0.35794059675,0.21781049675,0.228,1.5722500000000001
2026-03-31 15:00:00+02:00,0.014,0.0031414383,1.198,0.2391009731,-1.184,0.38162607449999997,0.2414959745,0.10824999999999999,1.49425
2026-03-31 16:00:00+02:00,0.013,0.003194723675,3.413,0.754078373675,-3.4,0.40747109975,0.26734099975000003,0.0645,0.94075
2026-03-31 17:00:00+02:00,0.095,0.0269707185,1.992,0.5161218216,-1.897,0.45363783299999993,0.31350773299999996,0.03275,0.63975
2026-03-31 18:00:00+02:00,0.03,0.009524031,2.132,0.6239568764,-2.1020000000000003,0.494251967,0.354121867,0.74325,0.37675000000000003
2026-03-31 19:00:00+02:00,0.089,0.030839454525,0.655,0.210717249875,-0.5660000000000001,0.5293940272500001,0.38926392725,0.33325,0.059
2026-03-31 20:00:00+02:00,0.275,0.095543339375,0.0,0.0,0.275,0.53050674325,0.39037664325,0.40974999999999995,0.0
2026-03-31 21:00:00+02:00,0.305,0.102382773625,0.0,0.0,0.305,0.51629033225,0.37616023225,0.61175,0.0
2026-03-31 22:00:00+02:00,0.324,0.1057322079,0.0,0.0,0.324,0.5049801597499999,0.36485005974999996,0.6495,0.0
2026-03-31 23:00:00+02:00,0.5,0.156649625,0.0,0.0,0.5,0.4892081425,0.3490780425,0.9365,0.0
2026-04-01 00:00:00+02:00,1.167,0.361486389825,0.0,0.0,1.167,0.48492198975,0.34479188975,0.84075,0.0
2026-04-01 01:00:00+02:00,1.005,0.2935179885,0.0,0.0,1.005,0.46350586699999996,0.323375767,0.86425,0.0
2026-04-01 02:00:00+02:00,0.178,0.05081514185,0.0,0.0,0.178,0.45554482325,0.31541472325000003,2.1655,0.0
2026-04-01 03:00:00+02:00,0.186,0.05436042975,0.0,0.0,0.186,0.46375110375,0.32362100374999997,0.918,0.0
2026-04-01 04:00:00+02:00,0.189,0.05640524505,0.0,0.0,0.189,0.47122899449999994,0.3310988945,1.86325,0.0
2026-04-01 05:00:00+02:00,0.484,0.1497452198,0.0,0.0,0.484,0.4844790994999999,0.3443489995,0.6307499999999999,0.0
2026-04-01 06:00:00+02:00,0.795,0.274244730375,0.0,0.0,0.795,0.5275199792499999,0.38738987924999996,0.5940000000000001,0.0
2026-04-01 07:00:00+02:00,0.796,0.3182160245,0.0,0.0,0.796,0.59383638875,0.45370628874999996,0.5627500000000001,0.0
2026-04-01 08:00:00+02:00,0.474,0.17899466475,0.0,0.0,0.474,0.56704335875,0.42691325874999997,0.46225,0.00725
2026-04-01 09:00:00+02:00,0.141,0.04838926125,0.323,0.10283714375,-0.18200000000000002,0.5253714125,0.3852413125,0.69825,0.246
2026-04-01 10:00:00+02:00,0.028,0.0085636782,1.213,0.34090230845,-1.185,0.4801892865,0.3400591865,0.7077500000000001,0.53175
2026-04-01 11:00:00+02:00,0.016,0.0046690512,2.002,0.5345554214,-1.9859999999999998,0.463213047,0.32308294699999995,0.1795,1.21425
2026-04-01 12:00:00+02:00,0.0,0.0,3.08,0.77377685,-3.08,0.44411386249999996,0.3039837625,0.1325,2.21625
2026-04-01 13:00:00+02:00,0.012,0.0030373299,3.029,0.691538343925,-3.017,0.41638014824999997,0.27625004825,0.05625,2.89525
2026-04-01 14:00:00+02:00,0.007,0.0017083143,2.3,0.50425177,-2.2929999999999997,0.405410379,0.26528027899999995,1.8545,2.092
2026-04-01 15:00:00+02:00,0.003,0.000755012775,1.871,0.424466145675,-1.868,0.41463786924999996,0.27450776925,1.3319999999999999,1.7262499999999998
2026-04-01 16:00:00+02:00,0.011,0.002906471425,1.827,0.437419746225,-1.816,0.42982790675,0.28969780675,0.84325,2.182
2026-04-01 17:00:00+02:00,0.323,0.0947215588,1.077,0.2891212962,-0.754,0.46495532599999995,0.32482522599999997,0.0625,1.7705000000000002
2026-04-01 18:00:00+02:00,0.134,0.04268457105,1.951,0.573080057825,-1.8170000000000002,0.49555135575000003,0.35542125575,0.5025,0.73425
2026-04-01 19:00:00+02:00,0.374,0.13520650715,0.801,0.269704489725,-0.42700000000000005,0.5475488672500001,0.40741876725,0.6425,0.09175
2026-04-01 20:00:00+02:00,1.2,0.42338142,0.0,0.0,1.2,0.5370256485,0.39689554850000003,0.89025,0.0
2026-04-01 21:00:00+02:00,1.457,0.4898235848,0.0,0.0,1.457,0.516901594,0.376771494,0.5425,0.0
2026-04-01 22:00:00+02:00,1.36,0.434516566,0.0,0.0,1.36,0.49670799475000005,0.35657789475,1.7054999999999998,0.0
2026-04-01 23:00:00+02:00,0.176,0.0521746676,0.0,0.0,0.176,0.4688168897499999,0.32868678975,3.477,0.0
2026-04-02 00:00:00+02:00,0.172,0.0496236125,0.0,0.0,0.172,0.45921239374999995,0.31908229374999997,4.6125,0.0
2026-04-02 01:00:00+02:00,0.155,0.04334374275,0.0,0.0,0.155,0.4484768804999999,0.3083467805,0.841,0.0
2026-04-02 02:00:00+02:00,0.175,0.04790632,0.0,0.0,0.175,0.441354034,0.301223934,0.4605,0.0
2026-04-02 03:00:00+02:00,0.181,0.048166321775,0.0,0.0,0.181,0.43211190275,0.29198180274999996,0.492,0.0
2026-04-02 04:00:00+02:00,0.185,0.048956554625,0.0,0.0,0.185,0.43031838024999997,0.29018828025,0.7064999999999999,0.0
2026-04-02 05:00:00+02:00,0.166,0.04642728255,0.0,0.0,0.166,0.44853178424999995,0.30840168425,0.831,0.0
2026-04-02 06:00:00+02:00,0.253,0.080083608,0.0,0.0,0.253,0.49312461,0.35299451000000004,0.8105,0.0
2026-04-02 07:00:00+02:00,0.279,0.091864146825,0.0,0.0,0.279,0.50852328175,0.36839318175,0.6737500000000001,0.0
2026-04-02 08:00:00+02:00,0.091,0.0297032736,0.049,0.0147786254,0.041999999999999996,0.505071666,0.364941566,0.39150000000000007,0.01525
2026-04-02 09:00:00+02:00,0.062,0.0175242969,0.135,0.03480906825,-0.07300000000000001,0.45212248950000006,0.3119923895,0.0235,0.60575
2026-04-02 10:00:00+02:00,0.046,0.0127119091,0.462,0.1162118727,-0.41600000000000004,0.4444945285,0.30436442849999995,0.01725,1.117
2026-04-02 11:00:00+02:00,0.013,0.003635399625,0.719,0.183230768875,-0.706,0.44848786124999995,0.30835776125,0.48000000000000004,1.79625
2026-04-02 12:00:00+02:00,0.233,0.062704756125,0.241,0.058879704125,-0.00799999999999998,0.43575019125000003,0.29562009125,0.353,2.21625
2026-04-02 13:00:00+02:00,0.23,0.05742372625,0.666,0.14975900775,-0.43600000000000005,0.41221478375,0.27208468375,0.18725,3.4575
2026-04-02 14:00:00+02:00,0.156,0.0371871357,0.248,0.0529663706,-0.092,0.39855473075,0.25842463075,0.0005,4.05125
2026-04-02 15:00:00+02:00,0.249,0.0611287281,0.143,0.0315589417,0.10600000000000001,0.40716729900000004,0.267037199,0.01225,3.527
2026-04-02 16:00:00+02:00,0.502,0.1332740222,0.159,0.0382682949,0.34299999999999997,0.431354231,0.291224131,0.03325,3.13175
2026-04-02 17:00:00+02:00,0.355,0.09872132875,0.117,0.02963414025,0.238,0.44660283250000005,0.3064727325,0.0635,2.3445
2026-04-02 18:00:00+02:00,1.179,0.3439651149,0.001,0.0002669381,1.1780000000000002,0.46312520100000004,0.322995101,0.9042500000000001,0.77825
2026-04-02 19:00:00+02:00,0.407,0.1334544453,0.036,0.0109113444,0.371,0.5068725089999999,0.366742409,0.6034999999999999,0.05600000000000001
2026-04-02 20:00:00+02:00,0.919,0.29840807645,0.0,0.0,0.919,0.5030146055,0.36288450549999995,0.6864999999999999,0.0
2026-04-02 21:00:00+02:00,0.834,0.2588746842,0.0,0.0,0.834,0.48570162299999997,0.34557152300000005,0.4755,0.0
2026-04-02 22:00:00+02:00,0.785,0.23351587325,0.0,0.0,0.785,0.4700577145,0.32992761449999997,0.32399999999999995,0.0
2026-04-02 23:00:00+02:00,0.845,0.240994021125,0.0,0.0,0.845,0.4552080802499999,0.31507798025,0.57475,0.0
2026-04-03 00:00:00+02:00,0.779,0.23047739385,0.0,0.0,0.779,0.46811046149999996,0.3279803615,0.719,0.0
2026-04-03 01:00:00+02:00,0.775,0.219524930625,0.0,0.0,0.775,0.4528581997499999,0.31272809974999993,0.6275000000000001,0.0
2026-04-03 02:00:00+02:00,0.813,0.227362136925,0.0,0.0,0.813,0.44850250225000005,0.30837240225,0.5257499999999999,0.0
2026-04-03 03:00:00+02:00,0.776,0.2145453178,0.0,0.0,0.776,0.4446519192499999,0.30452181925,0.39025000000000004,0.0
2026-04-03 04:00:00+02:00,0.72,0.200391246,0.0,0.0,0.72,0.44688467174999996,0.30675457175,1.034,0.0
2026-04-03 05:00:00+02:00,0.688,0.1919761316,0.0,0.0,0.688,0.44774849075,0.30761839074999997,0.36374999999999996,0.0
2026-04-03 06:00:00+02:00,0.557,0.16361632705,0.0,0.0,0.557,0.46554828649999996,0.3254181865,1.0285,0.0
2026-04-03 07:00:00+02:00,0.521,0.1564488497,0.0,0.0,0.521,0.473461747,0.333331647,0.93275,0.0
2026-04-03 08:00:00+02:00,0.69,0.203014284,0.0,0.0,0.69,0.466126606,0.325996506,0.33175,0.05125
2026-04-03 09:00:00+02:00,0.075,0.0204632175,0.03,0.007441137,0.045,0.440255959,0.300125859,0.12275,0.43975000000000003
2026-04-03 10:00:00+02:00,0.614,0.14708540385,0.313,0.067216053575,0.301,0.39997490775,0.25984480775,0.55225,0.51325
2026-04-03 11:00:00+02:00,0.984,0.1966550322,0.245,0.042886680375,0.739,0.35193778675000004,0.21180768675,0.36350000000000005,0.8440000000000001
2026-04-03 12:00:00+02:00,0.043,0.00724543765,2.552,0.3667059396,-2.509,0.3139992955,0.1738691955,0.08625000000000001,1.5375
2026-04-03 13:00:00+02:00,0.084,0.0124282851,1.261,0.155293127275,-1.1769999999999998,0.28914253775,0.14901243775,0.578,2.2857499999999997
2026-04-03 14:00:00+02:00,0.02,0.002763761,0.722,0.0818625621,-0.702,0.2773235905,0.1371934905,2.6595,1.7912500000000002
2026-04-03 15:00:00+02:00,0.251,0.03520758175,0.623,0.07193422775,-0.372,0.2798418425,0.1397117425,1.48225,1.6815000000000002
2026-04-03 16:00:00+02:00,1.991,0.328174986975,0.197,0.027584772325,1.794,0.30955941224999994,0.16942931225,0.08950000000000001,1.77475
2026-04-03 17:00:00+02:00,1.275,0.28034853,0.017,0.0033162954,1.258,0.376172302,0.236042202,0.07625,1.3359999999999999
2026-04-03 18:00:00+02:00,0.93,0.238687383,0.0,0.0,0.93,0.42066630099999996,0.280536201,0.938,0.6845
2026-04-03 19:00:00+02:00,0.248,0.0710619448,0.0,0.0,0.248,0.45682957099999993,0.316699471,0.41175,0.1675
2026-04-03 20:00:00+02:00,0.352,0.0995257912,0.0,0.0,0.352,0.45223595725,0.31210585724999995,0.41125,0.0
2026-04-03 21:00:00+02:00,0.385,0.1030972635,0.0,0.0,0.385,0.434136021,0.294005921,1.2834999999999999,0.0
2026-04-03 22:00:00+02:00,0.214,0.0550791274,0.0,0.0,0.214,0.42154476099999993,0.281414661,1.54875,0.0
2026-04-03 23:00:00+02:00,0.187,0.0436497457,0.0,0.0,0.187,0.392555581,0.252425481,1.6832500000000001,0.0
2026-04-04 00:00:00+02:00,0.632,0.0988821196,0.0,0.0,0.632,0.2994315005,0.1593014005,0.42449999999999993,0.0
2026-04-04 01:00:00+02:00,1.282,0.20187964885,0.0,0.0,1.282,0.30065768425,0.16052758425,0.40549999999999997,0.0
2026-04-04 02:00:00+02:00,0.554,0.0877575611,0.0,0.0,0.554,0.3017887015,0.1616586015,1.72075,0.0
2026-04-04 03:00:00+02:00,0.162,0.0306800703,0.0,0.0,0.162,0.3392696615,0.1991395615,2.85125,0.0
2026-04-04 04:00:00+02:00,0.185,0.0383343125,0.0,0.0,0.185,0.360843175,0.22071307499999998,1.0887499999999999,0.0
2026-04-04 05:00:00+02:00,0.201,0.046980267675,0.0,0.0,0.201,0.39293258675,0.25280248675,0.38275,0.0
2026-04-04 06:00:00+02:00,0.194,0.05609405725,0.0,0.0,0.194,0.45998104625,0.31985094625000005,1.1272499999999999,0.0
2026-04-04 07:00:00+02:00,0.139,0.0550166309,0.002,0.0007419962,0.137,0.5890378009999999,0.448907701,2.05025,0.0
2026-04-04 08:00:00+02:00,0.009,0.003084129675,0.402,0.12778618215,-0.393,0.52476015075,0.38463005074999995,2.92925,0.0
2026-04-04 09:00:00+02:00,0.044,0.0137417764,0.683,0.1963680323,-0.639,0.488014901,0.34788480099999997,1.13,0.081
2026-04-04 10:00:00+02:00,0.018,0.0046916298,0.558,0.1315993338,-0.54,0.425497831,0.285367731,0.079,0.45275
2026-04-04 11:00:00+02:00,0.146,0.0281808032,1.014,0.1705691988,-0.868,0.343669282,0.203539182,0.10749999999999998,0.73525
2026-04-04 12:00:00+02:00,0.277,0.042689764975,0.723,0.093490895025,-0.44599999999999995,0.29659480675,0.15646470675000002,0.23775000000000002,1.4652500000000002
2026-04-04 13:00:00+02:00,0.021,0.002851954875,2.334,0.25907954325,-2.313,0.27444297375,0.13431287375,0.0905,2.1765000000000003
2026-04-04 14:00:00+02:00,0.004,0.0005431085,3.366,0.37353217275,-3.362,0.27440637125,0.13427627125,1.90825,2.1785
2026-04-04 15:00:00+02:00,0.016,0.002170982,3.096,0.343288737,-3.08,0.27429656375,0.13416646375,0.0785,2.6769999999999996
2026-04-04 16:00:00+02:00,0.031,0.0045882232,1.325,0.163242915,-1.294,0.289204762,0.149074662,0.183,2.1275
2026-04-04 17:00:00+02:00,0.013,0.0026215618,2.274,0.4021650864,-2.261,0.35412295600000004,0.21399285599999998,0.22349999999999998,1.5612499999999998
2026-04-04 18:00:00+02:00,0.06,0.0149790135,0.816,0.1834737036,-0.756,0.41219282225,0.27206272225,0.431,0.8527499999999999
2026-04-04 19:00:00+02:00,0.346,0.10215408665,0.348,0.0941124327,-0.0020000000000000018,0.46736011024999996,0.32723001025000004,0.36175,0.15875
2026-04-04 20:00:00+02:00,0.313,0.0889750389,0.0,0.0,0.313,0.45407706299999995,0.31394696299999997,0.462,0.0
2026-04-04 21:00:00+02:00,0.398,0.099061006,0.0,0.0,0.398,0.41128142,0.27115132000000003,0.51725,0.0
2026-04-04 22:00:00+02:00,0.386,0.08593320175,0.0,0.0,0.386,0.37949214875,0.23936204875,0.409,0.0
2026-04-04 23:00:00+02:00,0.334,0.0619304136,0.0,0.0,0.334,0.334474734,0.194344634,0.44675,0.0
2026-04-05 00:00:00+02:00,0.646,0.08783318005,0.0,0.0,0.646,0.27463330675,0.13450320675,0.718,0.0
2026-04-05 01:00:00+02:00,0.372,0.050435946,0.0,0.0,0.372,0.274168455,0.134038355,0.7639999999999999,0.0
2026-04-05 02:00:00+02:00,0.194,0.0261042617,0.0,0.0,0.194,0.2729312905,0.1328011905,1.4689999999999999,0.0
2026-04-05 03:00:00+02:00,0.174,0.02331151515,0.0,0.0,0.174,0.27222486225,0.13209476225,0.73675,0.0
2026-04-05 04:00:00+02:00,0.678,0.09066224475,0.0,0.0,0.678,0.27191740124999997,0.13178730125,0.7285,0.0
2026-04-05 05:00:00+02:00,1.187,0.15816923375,0.0,0.0,1.187,0.2713500625,0.13121996249999998,0.7739999999999999,0.0
2026-04-05 06:00:00+02:00,0.169,0.022514860225,0.0,0.0,0.169,0.27131712025,0.13118702025,0.6815,0.0
2026-04-05 07:00:00+02:00,0.166,0.02237731045,0.0,0.0,0.166,0.27322777075,0.13309767075,1.514,0.0
2026-04-05 08:00:00+02:00,0.038,0.00511791885,0.135,0.014833405125,-0.097,0.27308136075,0.13295126075,1.13375,0.0445
2026-04-05 09:00:00+02:00,0.014,0.0018756815,0.308,0.033625053,-0.294,0.27222852249999996,0.1320984225,0.2955,0.6120000000000001
2026-04-05 10:00:00+02:00,0.072,0.0094185432,0.864,0.0915909984,-0.792,0.268399901,0.128269801,0.659,1.042
2026-04-05 11:00:00+02:00,0.017,0.0021415427,1.432,0.1448727192,-1.415,0.262543501,0.12241340099999999,0.08549999999999999,1.7012500000000002
2026-04-05 12:00:00+02:00,1.118,0.1320516197,1.529,0.14266969035,-0.4109999999999998,0.25303417149999996,0.1129040715,0.079,2.137
2026-04-05 13:00:00+02:00,0.044,0.0045206084,2.654,0.2068424094,-2.61,0.23443278099999995,0.09430268099999999,0.020500000000000004,2.834
2026-04-05 14:00:00+02:00,0.013,0.0009702264,4.305,0.214508679,-4.292,0.200421738,0.060291637999999995,0.1095,3.1232500000000005
2026-04-05 15:00:00+02:00,0.004,0.0003008544,3.664,0.1846971104,-3.66,0.20112450599999998,0.060994405999999994,1.099,2.5
2026-04-05 16:00:00+02:00,0.008,0.0007996406,2.782,0.20906750865,-2.774,0.23106169075,0.09093159075,1.35625,1.9325
2026-04-05 17:00:00+02:00,0.01,0.00130011475,1.908,0.2007339543,-1.898,0.26742993475,0.12729983474999998,1.21675,1.6345
2026-04-05 18:00:00+02:00,0.178,0.02431047905,0.811,0.090646057975,-0.633,0.27537267725,0.13524257725,0.35675,0.7809999999999999
2026-04-05 19:00:00+02:00,0.308,0.0656531722,0.221,0.04162637765,0.087,0.36803922650000004,0.2279091265,0.59125,0.01675
2026-04-05 20:00:00+02:00,0.287,0.0785906737,0.0,0.0,0.287,0.441456521,0.301326421,0.6195,0.0
2026-04-05 21:00:00+02:00,0.346,0.1013617726,0.0,0.0,0.346,0.46458930099999995,0.324459201,0.64975,0.0
2026-04-05 22:00:00+02:00,0.286,0.08143397405,0.0,0.0,0.286,0.45464440175,0.31451430175,0.6272500000000001,0.0
2026-04-05 23:00:00+02:00,1.05,0.28677726,0.0,0.0,1.05,0.44059270199999995,0.30046260199999997,1.8800000000000001,0.0
2026-04-06 00:00:00+02:00,1.036,0.2696000153,0.0,0.0,1.036,0.42499637674999996,0.28486627675,1.50425,0.0
2026-04-06 01:00:00+02:00,0.993,0.24374838345,0.0,0.0,0.993,0.4071306965,0.26700059649999996,0.33175,0.0
2026-04-06 02:00:00+02:00,0.989,0.2552300432,0.0,0.0,0.989,0.42237929799999996,0.282249198,1.1960000000000002,0.0
2026-04-06 03:00:00+02:00,0.884,0.24521497,0.0,0.0,0.884,0.44576097500000006,0.305630875,1.23,0.0
2026-04-06 04:00:00+02:00,0.748,0.2384546395,0.0,0.0,0.748,0.49585149624999997,0.35572139625,2.38,0.0
2026-04-06 05:00:00+02:00,0.77,0.235114495,0.0,0.0,0.77,0.479581685,0.339451585,2.3947499999999997,0.0
2026-04-06 06:00:00+02:00,0.779,0.2348085949,0.0,0.0,0.779,0.4748380009999999,0.334707901,1.8215000000000001,0.0
2026-04-06 07:00:00+02:00,0.574,0.18204761575,0.0,0.0,0.574,0.49387496125,0.35374486125,0.69,0.0
2026-04-06 08:00:00+02:00,0.158,0.04726304165,0.254,0.06967935645,-0.096,0.47206719175,0.33193709175,0.37,0.07050000000000001
2026-04-06 09:00:00+02:00,0.099,0.021605623875,1.001,0.193627058625,-0.9019999999999999,0.37418478625,0.23405468624999998,0.2445,0.5575
2026-04-06 10:00:00+02:00,0.013,0.00189192575,1.613,0.19473386075,-1.6,0.28621067749999995,0.1460805775,0.10350000000000001,0.9247500000000001
2026-04-06 11:00:00+02:00,0.574,0.0709194794,1.656,0.1635268536,-1.0819999999999999,0.259615301,0.119485201,0.17350000000000002,1.7429999999999999
2026-04-06 12:00:00+02:00,0.068,0.0067560108,2.718,0.2026217358,-2.65,0.230333301,0.09020320100000001,0.026000000000000002,2.6685
2026-04-06 13:00:00+02:00,0.0,0.0,4.228,0.1856680749,-4.228,0.19326594924999999,0.05313584925,0.04225,3.099
2026-04-06 14:00:00+02:00,0.0,0.0,4.749,0.1997410404,-4.749,0.191022216,0.050892116,0.006999999999999999,3.0614999999999997
2026-04-06 15:00:00+02:00,0.003,0.0002254593,3.25,0.163631325,-3.247,0.201051301,0.060921201,0.0015,3.23075
2026-04-06 16:00:00+02:00,0.0,0.0,2.877,0.31022446455,-2.877,0.2706033715,0.1304732715,0.873,2.14175
2026-04-06 17:00:00+02:00,0.004,0.0008572124,2.852,0.5404485812,-2.848,0.36942280099999997,0.229292701,0.28725,1.1955
2026-04-06 18:00:00+02:00,0.186,0.0538658604,1.905,0.504437142,-1.719,0.460533744,0.320403644,0.6034999999999999,0.37575000000000003
2026-04-06 19:00:00+02:00,2.908,0.9791430836,0.487,0.1518961279,2.421,0.517531157,0.377401057,0.4585,0.0695
2026-04-06 20:00:00+02:00,6.901,2.240382218525,0.0,0.0,6.901,0.5029377402499999,0.36280764024999995,1.5665000000000002,0.0
2026-04-06 21:00:00+02:00,0.253,0.080238968975,0.0,0.0,0.253,0.49386764075,0.35373754075,0.4145,0.0
2026-04-06 22:00:00+02:00,0.255,0.070846936875,0.0,0.0,0.255,0.44629171124999995,0.30616161124999997,0.473,0.0
2026-04-06 23:00:00+02:00,5.293,1.4231506113,0.0,0.0,5.293,0.435453711,0.295323611,0.3035,0.0
2026-04-07 00:00:00+02:00,1.734,0.4584645714,0.0,0.0,1.734,0.430036541,0.289906441,0.23575,0.0
2026-04-07 01:00:00+02:00,0.182,0.04695585895,0.0,0.0,0.182,0.42229511225,0.28216501225,0.33675,0.0
2026-04-07 02:00:00+02:00,0.178,0.0459631689,0.0,0.0,0.178,0.42256231050000004,0.2824322105,0.30599999999999994,0.0
2026-04-07 03:00:00+02:00,0.705,0.18213044025,0.0,0.0,0.705,0.42270872049999997,0.2825786205,0.30150000000000005,0.0
2026-04-07 04:00:00+02:00,0.682,0.17875296725,0.0,0.0,0.682,0.42725841124999997,0.28712831125,0.27125,0.0
2026-04-07 05:00:00+02:00,0.637,0.172218921875,0.0,0.0,0.637,0.4372508937499999,0.29712079375,0.49274999999999997,0.0
2026-04-07 06:00:00+02:00,0.551,0.1631639383,0.0,0.0,0.551,0.46842524299999994,0.328295143,0.44899999999999995,0.0
2026-04-07 07:00:00+02:00,0.578,0.20243029565,0.0,0.0,0.578,0.53388881425,0.39375871425000003,0.42125,0.0
2026-04-07 08:00:00+02:00,0.105,0.031958474625,0.159,0.044450266575,-0.054000000000000006,0.47839942425,0.33826932424999995,0.35475,0.00425
2026-04-07 09:00:00+02:00,0.096,0.0249616224,0.084,0.0197577996,0.011999999999999997,0.424736499,0.284606399,0.28525,0.07825
2026-04-07 10:00:00+02:00,0.014,0.0025323606,1.061,0.1655986519,-1.047,0.32898435899999995,0.188854259,0.148,0.12775
2026-04-07 11:00:00+02:00,0.0,0.0,2.798,0.31012759195,-2.798,0.27424532025,0.13411522025,0.6755000000000001,0.582
2026-04-07 12:00:00+02:00,0.0,0.0,3.985,0.42721591,-3.985,0.26984936,0.12971926,0.41925,0.45124999999999993
2026-04-07 13:00:00+02:00,0.0,0.0,4.616,0.449412029,-4.616,0.25793524624999997,0.11780514625,0.8947499999999999,0.6852499999999999
2026-04-07 14:00:00+02:00,0.0,0.0,4.84,0.471981917,-4.84,0.25812557925,0.11799547925000001,0.2295,1.078
2026-04-07 15:00:00+02:00,0.0,0.0,4.724,0.5007822644,-4.724,0.268399901,0.128269801,0.11174999999999999,0.8152499999999999
2026-04-07 16:00:00+02:00,0.0,0.0,4.23,0.486289683,-4.23,0.279234241,0.139104141,0.06775,1.1659999999999997
2026-04-07 17:00:00+02:00,0.011,0.0024691381,3.208,0.6405160168,-3.197,0.38172124100000004,0.241591141,0.055499999999999994,0.79325
2026-04-07 18:00:00+02:00,0.075,0.022026159375,1.968,0.529150182,-1.893,0.46547142125,0.32534132125,0.6192500000000001,0.7240000000000001
2026-04-07 19:00:00+02:00,0.049,0.017611649825,1.05,0.35134724625,-1.0010000000000001,0.5450159742499999,0.40488587425,0.2855,0.22275
2026-04-07 20:00:00+02:00,0.297,0.10589376105,0.025,0.00829349125,0.27199999999999996,0.5415350765,0.4014049765,0.35224999999999995,0.0
2026-04-07 21:00:00+02:00,0.436,0.1337048064,0.0,0.0,0.436,0.481177554,0.34104745399999997,0.5287499999999999,0.0
2026-04-07 22:00:00+02:00,0.302,0.0864912598,0.0,0.0,0.302,0.456653879,0.31652377899999995,0.644,0.0
2026-04-07 23:00:00+02:00,0.229,0.062738025075,0.0,0.0,0.229,0.44161391175,0.30148381175,0.993,0.0
2026-04-08 00:00:00+02:00,0.164,0.0425946499,0.0,0.0,0.164,0.42438145474999994,0.28425135474999996,1.0799999999999998,0.0
2026-04-08 01:00:00+02:00,0.163,0.041404986975,0.0,0.0,0.163,0.41747822325,0.27734812324999997,1.0425,0.0
2026-04-08 02:00:00+02:00,0.168,0.0424260606,0.0,0.0,0.168,0.41568470074999997,0.27555460075,2.00625,0.0
2026-04-08 03:00:00+02:00,1.109,0.28258190565,0.0,0.0,1.109,0.4184335485,0.2783034485,0.76575,0.0
2026-04-08 04:00:00+02:00,0.943,0.244588338225,0.0,0.0,0.943,0.42395686574999997,0.28382676575,1.73425,0.0
2026-04-08 05:00:00+02:00,0.178,0.048298965,0.0,0.0,0.178,0.438440475,0.29831037499999996,0.57925,0.0
2026-04-08 06:00:00+02:00,0.54,0.167198526,0.0,0.0,0.54,0.484764599,0.344634499,0.6255000000000001,0.0
2026-04-08 07:00:00+02:00,0.411,0.139698108825,0.0,0.0,0.411,0.52139272075,0.38126262075,0.5975,0.0
2026-04-08 08:00:00+02:00,0.12,0.036867369,0.274,0.07738392255,-0.15400000000000003,0.48186202075000006,0.34173192075000003,0.435,0.00725
2026-04-08 09:00:00+02:00,0.033,0.0088448943,1.106,0.2690036426,-1.0730000000000002,0.43442884099999995,0.294298741,0.59475,0.2905
2026-04-08 10:00:00+02:00,0.038,0.00753830605,1.626,0.28222721835,-1.5879999999999999,0.35015158474999997,0.21002148475,0.68675,0.62975
2026-04-08 11:00:00+02:00,0.021,0.0028474446,2.166,0.2399659416,-2.145,0.274183096,0.134052996,0.1825,1.2274999999999998
2026-04-08 12:00:00+02:00,0.014,0.0015846523,3.254,0.2876030003,-3.24,0.2470752845,0.1069451845,0.1325,2.16175
2026-04-08 13:00:00+02:00,0.0,0.0,4.178,0.3021347857,-4.178,0.22763203649999997,0.08750193649999999,0.05925,2.71075
2026-04-08 14:00:00+02:00,0.0,0.0,4.278,0.3247660812,-4.278,0.23198773399999997,0.091857634,1.85625,1.8490000000000002
2026-04-08 15:00:00+02:00,0.0,0.0,3.793,0.3623433935,-3.793,0.255720795,0.11559069500000001,1.2194999999999998,1.4989999999999999
2026-04-08 16:00:00+02:00,0.0,0.0,3.54,0.4513311495,-3.54,0.29439865675,0.15426855675,0.846,1.76475
2026-04-08 17:00:00+02:00,0.022,0.0054857165,2.637,0.59212714275,-2.615,0.4118304574999999,0.2717003575,0.14325,1.419
2026-04-08 18:00:00+02:00,0.021,0.006140898225,2.157,0.577253589825,-2.136,0.46394875725,0.32381865725,0.37224999999999997,1.02075
2026-04-08 19:00:00+02:00,0.037,0.0126882657,0.798,0.2538606378,-0.761,0.525056631,0.38492653099999996,0.5765,0.29200000000000004
2026-04-08 20:00:00+02:00,0.653,0.215980060175,0.0,0.0,0.653,0.51032412475,0.37019402475,1.0892499999999998,0.0
2026-04-08 21:00:00+02:00,2.355,0.710684893875,0.0,0.0,2.355,0.47526625025,0.33513615025,0.8225,0.0
2026-04-08 22:00:00+02:00,1.519,0.429423388625,0.0,0.0,1.519,0.45218471375,0.31205461375,1.95675,0.0
2026-04-08 23:00:00+02:00,1.39,0.37633773925,0.0,0.0,1.39,0.43771940574999996,0.29758930575,1.2765,0.0
2026-04-09 00:00:00+02:00,0.445,0.116789805,0.0,0.0,0.445,0.42767933999999996,0.28754924,1.9305,0.0
2026-04-09 01:00:00+02:00,0.37,0.09516423125,0.0,0.0,0.37,0.42132880624999997,0.28119870625,0.44725,0.0
2026-04-09 02:00:00+02:00,0.359,0.0918343899,0.0,0.0,0.359,0.41964143099999995,0.279511331,0.464,0.0
2026-04-09 03:00:00+02:00,0.365,0.093498409125,0.0,0.0,0.365,0.42006968025,0.27993958025,0.495,0.0
2026-04-09 04:00:00+02:00,0.355,0.091905444125,0.0,0.0,0.355,0.4233712257499999,0.28324112575,0.606,0.0
2026-04-09 05:00:00+02:00,0.348,0.0944598237,0.0,0.0,0.348,0.43855394275,0.29842384275,0.57575,0.0
2026-04-09 06:00:00+02:00,0.375,0.110809153125,0.0,0.0,0.375,0.46766025075000006,0.32753015075,0.58425,0.0
2026-04-09 07:00:00+02:00,0.356,0.1109185462,0.0,0.0,0.356,0.4871144794999999,0.3469843795,0.57175,0.0
2026-04-09 08:00:00+02:00,0.189,0.05533268895,0.156,0.0418018458,0.033,0.46436236550000004,0.3242322655,0.2915,0.0265
2026-04-09 09:00:00+02:00,0.018,0.00484675785,0.797,0.194834082025,-0.779,0.43592588325,0.29579578325,0.035250000000000004,0.515
2026-04-09 10:00:00+02:00,0.007,0.001414002975,1.903,0.337202893775,-1.8960000000000001,0.35453656424999996,0.21440646424999998,0.021,0.9857499999999999
2026-04-09 11:00:00+02:00,0.0,0.0,2.28,0.255926979,-2.28,0.27595099674999995,0.13582089675,0.48275,1.3735
2026-04-09 12:00:00+02:00,0.0,0.0,3.397,0.3723584183,-3.397,0.272762919,0.13263281899999999,0.41050000000000003,1.4682499999999998
2026-04-09 13:00:00+02:00,1.57,0.198233695,1.349,0.1368675165,0.22100000000000009,0.26289488499999997,0.12276478499999999,0.0585,2.74
2026-04-09 14:00:00+02:00,0.003,0.0003779193,2.478,0.2506945518,-2.475,0.262543501,0.12241340099999999,0.0395,2.9655
2026-04-09 15:00:00+02:00,0.005,0.000670687875,2.497,0.273003439775,-2.492,0.27242251575,0.13229241575,0.0745,2.4467499999999998
2026-04-09 16:00:00+02:00,0.064,0.010561848,1.68,0.23557611,-1.6159999999999999,0.30980098874999995,0.16967088875,0.15875,2.2415000000000003
2026-04-09 17:00:00+02:00,0.19,0.04301831325,0.748,0.1508021669,-0.558,0.38407478175,0.24394468175,0.15225,1.65425
2026-04-09 18:00:00+02:00,0.109,0.029267380175,0.193,0.047034693475,-0.084,0.4350108207499999,0.29488072075,1.19725,0.4375
2026-04-09 19:00:00+02:00,0.101,0.02956809845,0.018,0.0048230721,0.083,0.46434772449999995,0.3242176245,0.429,0.06075
2026-04-09 20:00:00+02:00,0.171,0.048744375075,0.0,0.0,0.171,0.45503238825000003,0.31490228825,0.5405,0.0
2026-04-09 21:00:00+02:00,0.696,0.1835424558,0.0,0.0,0.696,0.42920566424999995,0.28907556424999997,0.43749999999999994,0.0
2026-04-09 22:00:00+02:00,0.867,0.218371788525,0.0,0.0,0.867,0.41487944574999996,0.27474934575,0.45,0.0
2026-04-09 23:00:00+02:00,0.166,0.03867709945,0.0,0.0,0.166,0.39203948574999997,0.25190938575,0.7295,0.0
2026-04-10 00:00:00+02:00,0.145,0.03310302875,0.0,0.0,0.145,0.38635511749999996,0.2462250175,0.827,0.0
2026-04-10 01:00:00+02:00,0.163,0.03658517885,0.0,0.0,0.163,0.3816992795,0.24156917949999998,0.772,0.0
2026-04-10 02:00:00+02:00,0.175,0.0391377525,0.0,0.0,0.175,0.380725653,0.240595553,0.68825,0.0
2026-04-10 03:00:00+02:00,0.169,0.03765172125,0.0,0.0,0.169,0.37969346249999997,0.2395633625,0.53925,0.0
2026-04-10 04:00:00+02:00,0.181,0.04076542635,0.0,0.0,0.181,0.3826363035,0.2425062035,1.16875,0.0
2026-04-10 05:00:00+02:00,0.201,0.047142002325,0.0,0.0,0.201,0.39390621325,0.25377611325,0.49075,0.0
2026-04-10 06:00:00+02:00,0.526,0.13852074555,0.0,0.0,0.526,0.42876643424999994,0.28863633425,1.037,0.0
2026-04-10 07:00:00+02:00,0.386,0.10954308475,0.0,0.0,0.386,0.45350240375000006,0.31337230375,0.89275,0.0
2026-04-10 08:00:00+02:00,0.089,0.025544337225,0.064,0.0167814416,0.024999999999999994,0.45740423025,0.31727413025,0.35875,0.05125
2026-04-10 09:00:00+02:00,0.021,0.006174312375,0.802,0.21590631975,-0.781,0.46587404875,0.32574394874999996,0.08775,0.4205
2026-04-10 10:00:00+02:00,0.01,0.0028764725,1.19,0.3127822775,-1.18,0.45816922250000003,0.3180391225,0.61075,0.443
2026-04-10 11:00:00+02:00,0.028,0.0074302228,1.652,0.3974052852,-1.6239999999999999,0.431207821,0.291077721,0.6075,0.46625
2026-04-10 12:00:00+02:00,0.155,0.04046672575,1.87,0.4418261155,-1.715,0.4260175865,0.2858874865,0.095,1.6962500000000003
2026-04-10 13:00:00+02:00,0.027,0.006648345,1.688,0.37377384,-1.661,0.4080604,0.26793029999999995,0.59575,2.0057500000000004
2026-04-10 14:00:00+02:00,0.004,0.0010044694,2.187,0.49494510945,-2.183,0.4139680435,0.2738379435,2.6632499999999997,1.3542500000000002
2026-04-10 15:00:00+02:00,0.003,0.00071389395,2.888,0.6156050692,-2.885,0.3980532765,0.2579231765,1.53875,1.3635000000000002
2026-04-10 16:00:00+02:00,0.082,0.02117081945,2.541,0.593007717225,-2.459,0.42251472725,0.28238462725,0.582,1.3775
2026-04-10 17:00:00+02:00,0.06,0.0169032765,2.219,0.570097214225,-2.159,0.45099879275,0.31086869275,0.38125,1.0745
2026-04-10 18:00:00+02:00,0.006,0.0019058226,2.153,0.6304675113,-2.1470000000000002,0.494456941,0.35432684099999995,1.1505,0.6615
2026-04-10 19:00:00+02:00,0.029,0.011829277625,0.669,0.256294652625,-0.64,0.60368246125,0.46355236125,0.277,0.1675
2026-04-10 20:00:00+02:00,0.205,0.086880132625,0.0,0.0,0.205,0.62292073525,0.48279063525,0.373,0.0
2026-04-10 21:00:00+02:00,0.367,0.1255563518,0.0,0.0,0.367,0.5240756839999999,0.383945584,1.257,0.0
2026-04-10 22:00:00+02:00,0.357,0.10980029445,0.0,0.0,0.357,0.48226830849999996,0.3421382085,1.4825,0.0
2026-04-10 23:00:00+02:00,0.194,0.0558282142,0.0,0.0,0.194,0.45832295300000003,0.318192853,0.42925,0.0
2026-04-11 00:00:00+02:00,0.179,0.05155600065,0.0,0.0,0.179,0.45862309349999997,0.3184929935,0.5405,0.0
2026-04-11 01:00:00+02:00,0.178,0.04828011925,0.0,0.0,0.178,0.43831236625,0.29818226625,0.68775,0.0
2026-04-11 02:00:00+02:00,0.184,0.048240522,0.0,0.0,0.184,0.42734991749999995,0.2872198175,1.8215000000000001,0.0
2026-04-11 03:00:00+02:00,0.194,0.05003659155,0.0,0.0,0.194,0.42219994574999997,0.28206984575,2.85225,0.0
2026-04-11 04:00:00+02:00,0.335,0.085858196875,0.0,0.0,0.335,0.42023073125,0.28010063124999995,0.9175,0.0
2026-04-11 05:00:00+02:00,0.463,0.117089470575,0.0,0.0,0.463,0.41611661024999996,0.27598651025,0.39,0.0
2026-04-11 06:00:00+02:00,0.527,0.132946224125,0.0,0.0,0.527,0.41536259875,0.27523249875,1.1355,0.0
2026-04-11 07:00:00+02:00,0.514,0.1222267585,0.0,0.0,0.514,0.39784830250000003,0.2577182025,2.0380000000000003,0.0005
2026-04-11 08:00:00+02:00,0.282,0.06011016825,0.033,0.006215603625,0.24899999999999997,0.36803556625,0.22790546625,2.8887500000000004,0.1005
2026-04-11 09:00:00+02:00,0.013,0.00209012375,0.656,0.08919878,-0.643,0.30465833749999993,0.1645282375,1.02625,0.25175
2026-04-11 10:00:00+02:00,0.053,0.00718256,1.28,0.1417152,-1.227,0.27409524999999996,0.13396514999999998,0.03075,0.5882499999999999
2026-04-11 11:00:00+02:00,0.118,0.01531565365,1.079,0.113282780325,-0.961,0.26716639675,0.12703629675,0.13624999999999998,0.948
2026-04-11 12:00:00+02:00,0.399,0.0436345602,0.703,0.0594420244,-0.30399999999999994,0.242441408,0.10231130799999999,0.14875,1.63775
2026-04-11 13:00:00+02:00,0.093,0.00935630685,1.579,0.11968891055,-1.486,0.23184864449999998,0.0917185445,0.03475,2.68975
2026-04-11 14:00:00+02:00,0.039,0.004141276425,1.526,0.12418828345,-1.487,0.23860180575,0.09847170575,1.8445,2.92625
2026-04-11 15:00:00+02:00,0.042,0.0054054693,1.204,0.1250915666,-1.162,0.2658450465,0.12571494649999998,0.07025,3.3825
2026-04-11 16:00:00+02:00,0.368,0.0524884932,0.252,0.0296923473,0.11599999999999999,0.28270049775,0.14257039775,0.16325,2.40975
2026-04-11 17:00:00+02:00,1.041,0.1655253501,0.019,0.0025498209,1.022,0.302513431,0.162383331,0.045,2.1265
2026-04-11 18:00:00+02:00,0.207,0.045612465525,0.003,0.000586635225,0.204,0.37673964075000005,0.23660954075,0.33725,1.05675
2026-04-11 19:00:00+02:00,0.216,0.0530606538,0.0,0.0,0.216,0.40735397175,0.26722387175,0.245,0.24574999999999997
2026-04-11 20:00:00+02:00,0.228,0.0605122089,0.0,0.0,0.228,0.43125540425,0.29112530425,0.439,0.0
2026-04-11 21:00:00+02:00,0.207,0.053870461425,0.0,0.0,0.207,0.42501101774999994,0.28488091774999996,0.469,0.0
2026-04-11 22:00:00+02:00,0.311,0.0873076831,0.0,0.0,0.311,0.44980189100000006,0.30967179100000003,0.40974999999999995,0.0
2026-04-11 23:00:00+02:00,0.883,0.20780429285,0.0,0.0,0.883,0.3948761795,0.2547460795,0.47075,0.0
2026-04-12 00:00:00+02:00,1.284,0.2793871971,0.0,0.0,1.284,0.37340149274999995,0.23327139275,0.7565,0.0
2026-04-12 01:00:00+02:00,0.93,0.20458235325,0.0,0.0,0.93,0.37629309024999996,0.23616299025,0.68425,0.0
2026-04-12 02:00:00+02:00,0.369,0.08273682945,0.0,0.0,0.369,0.38142110049999994,0.2412910005,0.6459999999999999,0.0
2026-04-12 03:00:00+02:00,0.306,0.06997636305,0.0,0.0,0.306,0.38681996925,0.24668986925,0.6025,0.0
2026-04-12 04:00:00+02:00,0.728,0.1742314574,0.0,0.0,0.728,0.39970404925,0.25957394925,0.77325,0.0
2026-04-12 05:00:00+02:00,0.544,0.132034716,0.0,0.0,0.544,0.40379620875,0.26366610875,0.9535,0.0
2026-04-12 06:00:00+02:00,0.556,0.1348648334,0.0,0.0,0.556,0.40361685649999995,0.2634867565,0.6125,0.0
2026-04-12 07:00:00+02:00,0.34,0.080749592,0.005,0.001063469,0.335,0.397489598,0.25735949799999996,0.6012500000000001,0.0
2026-04-12 08:00:00+02:00,0.042,0.00917262885,0.4,0.07743637,-0.35800000000000004,0.37437511925,0.23424501925,0.261,0.07825000000000001
2026-04-12 09:00:00+02:00,0.035,0.006703899125,0.923,0.153896381925,-0.888,0.34187941974999997,0.20174931975000002,0.04475,0.6890000000000001
2026-04-12 10:00:00+02:00,0.003,0.0004648941,1.936,0.2519891792,-1.933,0.297623337,0.15749323699999998,0.03375,1.25625
2026-04-12 11:00:00+02:00,0.0,0.0,3.026,0.32783797475,-3.026,0.27122195375,0.13109185375,0.035500000000000004,2.0285
2026-04-12 12:00:00+02:00,0.0,0.0,3.95,0.42818345625,-3.95,0.27129515875,0.13116505874999998,0.3395,2.41025
2026-04-12 13:00:00+02:00,4.402,0.5911260916,1.124,0.1230564192,3.278,0.272601868,0.132471768,0.029500000000000002,3.0349999999999997
2026-04-12 14:00:00+02:00,6.249,0.88228912365,0.0,0.0,6.249,0.28095455849999995,0.1408244585,0.01975,3.61025
2026-04-12 15:00:00+02:00,1.247,0.1931806261,2.794,0.3635309722,-1.547,0.297564773,0.15743467300000002,1.0999999999999999,2.6155
2026-04-12 16:00:00+02:00,4.338,0.9118265607,1.405,0.26047316075,2.933,0.36445218149999997,0.2243220815,1.35775,1.88225
2026-04-12 17:00:00+02:00,4.032,1.0478392848,0.277,0.065115989675,3.755,0.42457178774999993,0.28444168774999995,1.218,1.61125
2026-04-12 18:00:00+02:00,0.196,0.0579802839,0.624,0.1691119716,-0.428,0.4680555577499999,0.32792545775,0.24775000000000003,0.7705
2026-04-12 19:00:00+02:00,0.049,0.015185799475,0.219,0.062438931225,-0.16999999999999998,0.48511232275,0.34498222275,0.603,0.06575
2026-04-12 20:00:00+02:00,0.264,0.0823731942,0.0,0.0,0.264,0.4876598567499999,0.34752975675,0.5955,0.0
2026-04-12 21:00:00+02:00,0.433,0.130376051025,0.0,0.0,0.433,0.47444635425,0.33431625425,0.5882499999999999,0.0
2026-04-12 22:00:00+02:00,1.184,0.3477267992,0.0,0.0,1.184,0.46547874175,0.32534864174999995,0.6035,0.0
2026-04-12 23:00:00+02:00,1.132,0.3193057021,0.0,0.0,1.132,0.45142338175,0.31129328175,2.072,0.0
2026-04-13 00:00:00+02:00,0.175,0.048254119375,0.0,0.0,0.175,0.44375881824999996,0.30362871825000004,1.6420000000000001,0.0
2026-04-13 01:00:00+02:00,0.174,0.0467198787,0.0,0.0,0.174,0.43500716050000005,0.2948770605,0.38475,0.0
2026-04-13 02:00:00+02:00,0.611,0.161408007475,0.0,0.0,0.611,0.42976202225,0.28963192224999995,1.1475,0.0
2026-04-13 03:00:00+02:00,0.371,0.098007153475,0.0,0.0,0.371,0.42976202225,0.28963192224999995,1.227,0.0
2026-04-13 04:00:00+02:00,0.198,0.05298491385,0.0,0.0,0.198,0.43391274575,0.29378264575,2.3897500000000003,0.0
2026-04-13 05:00:00+02:00,0.351,0.097306369875,0.0,0.0,0.351,0.44555966124999996,0.30542956125000004,2.4197500000000005,0.0
2026-04-13 06:00:00+02:00,0.591,0.17665719885,0.0,0.0,0.591,0.47179999350000007,0.33166989350000003,1.8555000000000001,0.0
2026-04-13 07:00:00+02:00,0.36,0.111708531,0.0,0.0,0.36,0.48558083475,0.34545073475000004,0.674,0.0
2026-04-13 08:00:00+02:00,0.069,0.02383430775,0.04,0.01282479,0.029000000000000005,0.5280799974999999,0.3879498975,0.254,0.134
2026-04-13 09:00:00+02:00,0.1,0.033355465,0.295,0.09108114675,-0.19499999999999998,0.5137171764999999,0.37358707649999995,0.0935,0.80775
2026-04-13 10:00:00+02:00,0.106,0.03258028455,0.907,0.256278450725,-0.801,0.48202307175000003,0.34189297175,0.06350000000000001,1.20925
2026-04-13 11:00:00+02:00,0.046,0.0130258315,1.099,0.28394340975,-1.053,0.45275205249999995,0.31262195249999997,0.31449999999999995,1.7257500000000001
2026-04-13 12:00:00+02:00,0.085,0.023031971875,0.733,0.180434821875,-0.648,0.43798294375,0.29785284375,0.043000000000000003,2.6345
2026-04-13 13:00:00+02:00,0.435,0.115024581375,0.366,0.08770067295,0.069,0.43006948325,0.28993938324999996,0.04225,3.23625
2026-04-13 14:00:00+02:00,0.082,0.0224604314,1.301,0.3240826127,-1.2189999999999999,0.44154436699999994,0.301414267,0.006999999999999999,3.37125
2026-04-13 15:00:00+02:00,0.002,0.00055430705,1.797,0.453470299425,-1.795,0.44547181525,0.30534171525,0.0022500000000000003,3.1765
2026-04-13 16:00:00+02:00,0.006,0.0016391628,1.021,0.2536049648,-1.015,0.44068054799999995,0.30055044799999997,0.873,2.1262499999999998
2026-04-13 17:00:00+02:00,0.009,0.002587273425,0.631,0.165744659575,-0.622,0.45796058824999997,0.31783048825000004,0.28775,1.41275
2026-04-13 18:00:00+02:00,0.011,0.00341714285,0.246,0.0703177101,-0.235,0.4860017635000001,0.34587166350000004,0.55975,0.69625
2026-04-13 19:00:00+02:00,0.028,0.0093867081,0.033,0.010244340975,-0.005000000000000001,0.51575593575,0.37562583574999997,1.12925,0.18825
2026-04-13 20:00:00+02:00,0.138,0.0443958075,0.0,0.0,0.138,0.4993836375,0.3592535375,3.2115,0.0
2026-04-13 21:00:00+02:00,0.144,0.0444995892,0.0,0.0,0.144,0.48403620925,0.34390610925,0.38075,0.0
2026-04-13 22:00:00+02:00,0.139,0.040837793425,0.0,0.0,0.139,0.46561051074999993,0.32548041075,0.45200000000000007,0.0
2026-04-13 23:00:00+02:00,0.152,0.0431917728,0.0,0.0,0.152,0.45394529399999994,0.313815194,1.55675,0.0
2026-04-14 00:00:00+02:00,0.162,0.0448111521,0.0,0.0,0.162,0.4448166305,0.30468653049999994,0.62725,0.0
2026-04-14 01:00:00+02:00,0.164,0.0449149096,0.0,0.0,0.164,0.441500444,0.30137034399999996,0.3415,0.0
2026-04-14 02:00:00+02:00,0.156,0.0429646074,0.0,0.0,0.156,0.44336717150000005,0.3032370715,0.31149999999999994,0.0
2026-04-14 03:00:00+02:00,0.545,0.14881478425,0.0,0.0,0.545,0.4405121764999999,0.3003820765,0.437,0.0
2026-04-14 04:00:00+02:00,0.645,0.176974842,0.0,0.0,0.645,0.442115366,0.301985266,0.40349999999999997,0.0
2026-04-14 05:00:00+02:00,0.567,0.15790244085,0.0,0.0,0.567,0.4470859855,0.3069558855,0.37424999999999997,0.0
2026-04-14 06:00:00+02:00,0.488,0.147856192,0.0,0.0,0.488,0.47672669,0.33659659000000003,0.3445,0.0
2026-04-14 07:00:00+02:00,0.361,0.120019007625,0.0,0.0,0.361,0.51239582625,0.37226572625,0.38825,0.0
2026-04-14 08:00:00+02:00,0.396,0.1329153903,0.103,0.032016512275,0.29300000000000004,0.51624640925,0.37611630925,0.23149999999999998,0.044
2026-04-14 09:00:00+02:00,0.021,0.00644715225,0.881,0.24862018225,-0.86,0.4815948224999999,0.3414647225,0.2245,0.07725
2026-04-14 10:00:00+02:00,0.031,0.0088317295,1.412,0.367246374,-1.381,0.4548383949999999,0.31470829499999997,0.12725,0.3725
2026-04-14 11:00:00+02:00,0.117,0.030989319075,0.424,0.1017858534,-0.307,0.43060387975,0.29047377975,0.5992500000000001,1.2814999999999999
2026-04-14 12:00:00+02:00,0.0,0.0,3.219,0.7481886291,-3.219,0.421369069,0.281238969,0.30025,1.41225
2026-04-14 13:00:00+02:00,0.0,0.0,4.043,0.90798522815,-4.043,0.41187438049999997,0.2717442805,0.26675,1.54975
2026-04-14 14:00:00+02:00,0.004,0.0009862468,4.813,1.0673149971,-4.809,0.408455707,0.26832560699999997,0.1695,2.104
2026-04-14 15:00:00+02:00,0.003,0.000778716675,4.388,1.0301585833,-4.385,0.42419844225,0.28406834225,0.04075,1.9515
2026-04-14 16:00:00+02:00,0.0,0.0,4.015,0.9701239735,-4.015,0.432496229,0.292366129,0.04325,2.18725
2026-04-14 17:00:00+02:00,0.005,0.00144386275,1.807,0.47698936285,-1.802,0.4595308355,0.3194007355,0.03175,1.52725
2026-04-14 18:00:00+02:00,0.0,0.0,2.329,0.6886848342,-2.329,0.497926858,0.357796758,0.55075,1.1335
2026-04-14 19:00:00+02:00,0.007,0.0027507172,1.136,0.4182236256,-1.129,0.5855971659999999,0.44546706599999997,0.18375,0.48500000000000004
2026-04-14 20:00:00+02:00,0.1,0.0407095425,0.092,0.0351707191,0.008000000000000007,0.60270151425,0.46257141425,0.331,0.00625
2026-04-14 21:00:00+02:00,0.158,0.05201960005,0.0,0.0,0.158,0.50849399975,0.36836389975,0.565,0.0
2026-04-14 22:00:00+02:00,0.165,0.051082449,0.0,0.0,0.165,0.4847206760000001,0.34459057600000004,0.6335000000000001,0.0
2026-04-14 23:00:00+02:00,0.166,0.04898623895,0.0,0.0,0.166,0.46718441825,0.32705431825000003,0.3225,0.0
2026-04-15 00:00:00+02:00,0.171,0.0479182869,0.0,0.0,0.171,0.44918696899999994,0.309056869,1.07925,0.0
2026-04-15 01:00:00+02:00,0.163,0.0444595866,0.0,0.0,0.163,0.440153472,0.300023372,0.913,0.0
2026-04-15 02:00:00+02:00,0.17,0.04538204825,0.0,0.0,0.17,0.43312945224999994,0.29299935225,1.78075,0.0
2026-04-15 03:00:00+02:00,0.19,0.05010268175,0.0,0.0,0.19,0.42919102325,0.28906092325,1.0,0.0
2026-04-15 04:00:00+02:00,0.41,0.10851319325,0.0,0.0,0.41,0.43036230324999997,0.29023220325,1.924,0.0
2026-04-15 05:00:00+02:00,0.668,0.1856861644,0.0,0.0,0.668,0.44646374299999997,0.306333643,0.57725,0.0
2026-04-15 06:00:00+02:00,0.597,0.1827162678,0.0,0.0,0.597,0.480445504,0.340315404,0.7155,0.0
2026-04-15 07:00:00+02:00,0.304,0.0982206368,0.007,0.0020880244,0.297,0.5010600319999999,0.36092993199999995,0.6555000000000001,0.0
2026-04-15 08:00:00+02:00,0.019,0.0057753179,0.26,0.072581366,-0.24100000000000002,0.47791261099999993,0.337782511,0.41025,0.07575000000000001
2026-04-15 09:00:00+02:00,0.021,0.005796211575,0.292,0.0733518819,-0.27099999999999996,0.44408824075,0.30395814075,0.2215,0.567
2026-04-15 10:00:00+02:00,0.005,0.001251578625,1.707,0.384946807575,-1.7020000000000002,0.41299807725,0.27286797725,0.209,1.0354999999999999
2026-04-15 11:00:00+02:00,0.0,0.0,2.746,0.53344475635,-2.746,0.37518769475,0.23505759475,0.0425,1.7644999999999997
2026-04-15 12:00:00+02:00,0.002,0.0003923062,2.351,0.4028393831,-2.349,0.34746130099999994,0.207331201,0.0045000000000000005,2.96875
2026-04-15 13:00:00+02:00,0.0,0.0,3.898,0.63205709435,-3.898,0.33633048075,0.19620038075,0.004,3.7242499999999996
2026-04-15 14:00:00+02:00,0.0,0.0,4.143,0.744748269375,-4.143,0.35764045624999996,0.21751035625,1.81825,2.8377499999999998
2026-04-15 15:00:00+02:00,0.0,0.0,3.265,0.640667033875,-3.265,0.37755953675,0.23742943675,1.1989999999999998,2.3177499999999998
2026-04-15 16:00:00+02:00,0.002,0.00048348575,2.028,0.4399500105,-2.0260000000000002,0.40262492875,0.26249482875,0.30074999999999996,2.55275
2026-04-15 17:00:00+02:00,0.0,0.0,1.463,0.358856600025,-1.463,0.43692879174999993,0.29679869175,0.12225,1.74075
2026-04-15 18:00:00+02:00,0.01,0.002925296,0.248,0.0663957008,-0.238,0.4640768659999999,0.32394676599999994,0.2225,1.5565000000000002
2026-04-15 19:00:00+02:00,0.03,0.01008731625,0.01,0.00311438875,0.019999999999999997,0.51697113875,0.37684103874999997,0.395,0.49150000000000005
2026-04-15 20:00:00+02:00,0.123,0.0423882723,0.0,0.0,0.123,0.527106371,0.38697627100000004,1.105,0.0
2026-04-15 21:00:00+02:00,0.177,0.05499350175,0.0,0.0,0.177,0.4860603275,0.34593022749999996,1.2737500000000002,0.0
2026-04-15 22:00:00+02:00,0.16,0.04701092,0.0,0.0,0.16,0.4656361324999999,0.3255060325,2.05,0.0
2026-04-15 23:00:00+02:00,0.171,0.047328076125,0.0,0.0,0.171,0.44501062374999995,0.30488052374999997,1.3954999999999997,0.0
2026-04-16 00:00:00+02:00,0.178,0.0467493059,0.0,0.0,0.178,0.42790627549999993,0.2877761755,1.84575,0.0
2026-04-16 01:00:00+02:00,0.177,0.045449551125,0.0,0.0,0.177,0.42081637125,0.28068627125,0.35025,0.0
2026-04-16 02:00:00+02:00,0.163,0.04135420025,0.0,0.0,0.163,0.41710121749999995,0.2769711175,0.34650000000000003,0.0
2026-04-16 03:00:00+02:00,0.167,0.0421821125,0.0,0.0,0.167,0.41574692499999993,0.275616825,0.37424999999999997,0.0
2026-04-16 04:00:00+02:00,0.175,0.04478089,0.0,0.0,0.175,0.41974391799999994,0.279613818,0.50425,0.0
2026-04-16 05:00:00+02:00,0.179,0.04754042205,0.0,0.0,0.179,0.43147867949999996,0.2913485795,0.47875,0.0
2026-04-16 06:00:00+02:00,0.182,0.0543965422,0.0,0.0,0.182,0.47176339100000003,0.331633291,0.5117499999999999,0.0
2026-04-16 07:00:00+02:00,0.071,0.02181555585,0.056,0.0158175556,0.014999999999999993,0.4819022835,0.3417721835,0.502,0.0
2026-04-16 08:00:00+02:00,0.411,0.12160472775,0.028,0.007589967,0.38299999999999995,0.46812510250000006,0.3279950025,0.25025000000000003,0.0625
2026-04-16 09:00:00+02:00,0.003,0.0008048436,1.058,0.2575978196,-1.0550000000000002,0.43473630199999996,0.294606202,0.036000000000000004,0.5730000000000001
2026-04-16 10:00:00+02:00,0.004,0.0009839236,1.693,0.3744507987,-1.689,0.407752939,0.267622839,0.0185,1.191
2026-04-16 11:00:00+02:00,0.0,0.0,2.832,0.5411476224,-2.832,0.371340772,0.231210672,0.47225,1.6204999999999998
2026-04-16 12:00:00+02:00,0.0,0.0,3.279,0.576580097775,-3.279,0.35289677225,0.21276667224999998,0.26025000000000004,1.8172499999999998
2026-04-16 13:00:00+02:00,0.0,0.0,4.537,0.722522354125,-4.537,0.33282396125,0.19269386125,0.45025,2.3447500000000003
2026-04-16 14:00:00+02:00,0.0,0.0,4.287,0.715959973575,-4.287,0.34220884225,0.20207874225,0.04,2.8935
2026-04-16 15:00:00+02:00,0.0,0.0,4.744,0.8806819714,-4.744,0.36475598225,0.22462588225,0.0735,2.527
2026-04-16 16:00:00+02:00,0.0,0.0,4.2,0.86704002,-4.2,0.389920201,0.24979010100000001,0.17400000000000002,1.95125
2026-04-16 17:00:00+02:00,0.0,0.0,3.494,0.835612811,-3.494,0.4295094649999999,0.289379365,0.19749999999999998,1.4445000000000001
2026-04-16 18:00:00+02:00,0.0,0.0,2.745,0.7161378345,-2.745,0.45580470100000003,0.315674601,1.2215,0.37625
2026-04-16 19:00:00+02:00,0.008,0.002631508,1.073,0.3263352455,-1.065,0.508131635,0.368001535,0.275,0.06525
2026-04-16 20:00:00+02:00,0.112,0.0396765292,0.001,0.000329449725,0.111,0.5387642672499999,0.39863416725,0.494,0.0
2026-04-16 21:00:00+02:00,0.169,0.053945995675,0.0,0.0,0.169,0.49635661075,0.35622651074999995,0.5297499999999999,0.0
2026-04-16 22:00:00+02:00,0.171,0.0515971467,0.0,0.0,0.171,0.475218667,0.33508856699999995,0.5845,0.0
2026-04-16 23:00:00+02:00,0.157,0.04517011675,0.0,0.0,0.157,0.45824242750000005,0.3181123275,0.49924999999999997,0.0
2026-04-17 00:00:00+02:00,0.164,0.0463674904,0.0,0.0,0.164,0.45221765599999997,0.312087556,0.49975,0.0
2026-04-17 01:00:00+02:00,0.173,0.047634611475,0.0,0.0,0.173,0.44328298574999997,0.30315288575,0.48125,0.0
2026-04-17 02:00:00+02:00,0.184,0.0500144062,0.0,0.0,0.184,0.43901513425,0.29888503425,0.604,0.0
2026-04-17 03:00:00+02:00,0.188,0.0501218058,0.0,0.0,0.188,0.43270852349999994,0.29257842349999996,0.52025,0.0
2026-04-17 04:00:00+02:00,0.177,0.047713328025,0.0,0.0,0.177,0.4362919082499999,0.29616180825,0.45975,0.0
2026-04-17 05:00:00+02:00,0.256,0.0715684992,0.0,0.0,0.256,0.44838903449999995,0.30825893449999997,0.444,0.0
2026-04-17 06:00:00+02:00,0.822,0.2543690919,0.0,0.0,0.822,0.4845523044999999,0.3444222045,0.506,0.0
2026-04-17 07:00:00+02:00,0.924,0.2885577387,0.0,0.0,0.924,0.48798927925,0.34785917925,0.5710000000000001,0.0
2026-04-17 08:00:00+02:00,0.047,0.013536339575,0.163,0.042901962675,-0.116,0.45860479224999995,0.31847469225,0.33225,0.06725
2026-04-17 09:00:00+02:00,0.003,0.000784651725,1.108,0.2623140971,-1.1050000000000002,0.42659224575,0.28646214575,0.041,0.621
2026-04-17 10:00:00+02:00,0.004,0.0010047356,1.757,0.3977477273,-1.753,0.41404856900000003,0.273918469,0.37325,0.7404999999999999
2026-04-17 11:00:00+02:00,0.0,0.0,2.82,0.554021853,-2.82,0.3778486965,0.2377185965,0.3415,0.87925
2026-04-17 12:00:00+02:00,0.0,0.0,3.521,0.584538903025,-3.521,0.34100828025,0.20087818025,0.0775,2.1602500000000004
2026-04-17 13:00:00+02:00,0.0,0.0,3.973,0.62742867495,-3.973,0.3312171115,0.19108701150000001,0.04825,2.4265
2026-04-17 14:00:00+02:00,1.534,0.2952561898,2.955,0.4954639635,-1.421,0.343010437,0.202880337,1.491,1.89825
2026-04-17 15:00:00+02:00,2.664,0.5712419196,1.838,0.3485310257,0.8260000000000001,0.36957653149999997,0.2294464315,1.5237500000000002,2.05825
2026-04-17 16:00:00+02:00,0.0,0.0,2.589,0.542276470725,-2.589,0.39356947024999994,0.25343937024999996,0.5225,2.004
2026-04-17 17:00:00+02:00,0.473,0.1234115179,0.745,0.1758999385,-0.272,0.425819933,0.285689833,0.33725,1.5779999999999998
2026-04-17 18:00:00+02:00,0.138,0.0388011426,0.685,0.1756084495,-0.547,0.450328967,0.310198867,0.4015,1.19
2026-04-17 19:00:00+02:00,0.048,0.0152529696,0.495,0.145017774,-0.447,0.494617992,0.35448789199999997,0.15075,0.33475
2026-04-17 20:00:00+02:00,0.146,0.04688335575,0.021,0.006222591375,0.12499999999999999,0.49866988875,0.35853978875,0.24925,0.0
2026-04-17 21:00:00+02:00,0.292,0.0879572474,0.0,0.0,0.292,0.47459642449999995,0.33446632449999997,0.313,0.0
2026-04-17 22:00:00+02:00,0.529,0.15023232345,0.0,0.0,0.529,0.45374764049999994,0.3136175405,0.25925,0.0
2026-04-17 23:00:00+02:00,0.254,0.0687135405,0.0,0.0,0.254,0.4374522075,0.2973221075,0.2925,0.0
2026-04-18 00:00:00+02:00,0.159,0.04345801515,0.0,0.0,0.159,0.4408342785,0.30070417850000003,0.4115,0.0
2026-04-18 01:00:00+02:00,0.161,0.0429419683,0.0,0.0,0.161,0.432847613,0.292717513,0.56275,0.0
2026-04-18 02:00:00+02:00,0.159,0.042018456975,0.0,0.0,0.159,0.42987915024999995,0.28974905025,1.7125000000000001,0.0
2026-04-18 03:00:00+02:00,0.982,0.25650996305,0.0,0.0,0.982,0.42618229775000005,0.28605219775,2.7552499999999998,0.0
2026-04-18 04:00:00+02:00,1.08,0.283065948,0.0,0.0,1.08,0.427254751,0.287124651,0.84625,0.0
2026-04-18 05:00:00+02:00,3.039,0.80399920755,0.0,0.0,3.039,0.4302341945,0.2901040945,0.358,0.0
2026-04-18 06:00:00+02:00,0.15,0.039782985,0.0,0.0,0.15,0.43103212899999993,0.29090202899999995,1.0865,0.0
2026-04-18 07:00:00+02:00,0.044,0.0115048978,0.047,0.01112348765,-0.0030000000000000027,0.42650073949999995,0.28637063949999997,1.903,0.0005
2026-04-18 08:00:00+02:00,0.032,0.0082772712,0.355,0.083020202375,-0.32299999999999995,0.42310036725,0.28297026724999996,2.6677500000000003,0.10875000000000001
2026-04-18 09:00:00+02:00,0.037,0.0089110208,0.809,0.1747710206,-0.772,0.401530514,0.26140041399999997,0.918,0.41574999999999995
2026-04-18 10:00:00+02:00,4.506,0.9551269068,0.821,0.1536606588,3.6850000000000005,0.36659708799999996,0.22646698799999998,0.03125,0.8675
2026-04-18 11:00:00+02:00,4.243,0.785904477325,1.072,0.1719689268,3.1710000000000003,0.33423681774999997,0.19410671775000002,0.07500000000000001,1.11025
2026-04-18 12:00:00+02:00,4.465,0.7791161565,0.523,0.0782873993,3.9419999999999997,0.321253911,0.181123811,0.17175,1.59525
2026-04-18 13:00:00+02:00,0.013,0.0022989395,1.71,0.259982415,-1.697,0.324094265,0.18396416499999999,0.02925,2.9250000000000003
2026-04-18 14:00:00+02:00,0.293,0.052068934775,1.482,0.22660472835,-1.189,0.32514475675,0.18501465674999998,0.011999999999999999,3.1522500000000004
2026-04-18 15:00:00+02:00,5.61,0.98890737825,0.342,0.05180302215,5.268000000000001,0.32340979825,0.18327969825,0.015000000000000001,3.16
2026-04-18 16:00:00+02:00,3.064,0.6614443704,0.392,0.0748998712,2.672,0.371326131,0.231196031,0.10125,2.35975
2026-04-18 17:00:00+02:00,0.652,0.1611862175,0.898,0.19972698625,-0.246,0.40924998124999995,0.26911988124999997,0.28274999999999995,2.11925
2026-04-18 18:00:00+02:00,0.004,0.0011117601,2.484,0.6287874021,-2.48,0.44642348025000006,0.30629338025,0.38325,0.8845
2026-04-18 19:00:00+02:00,3.862,1.13679389285,0.588,0.1584946209,3.274,0.46628399675,0.32615389675,0.24225,0.22899999999999998
2026-04-18 20:00:00+02:00,1.929,0.598198090875,0.0,0.0,1.929,0.48534657875000004,0.34521647875,0.39775,0.0
2026-04-18 21:00:00+02:00,0.328,0.0991584836,0.0,0.0,0.328,0.47591411449999993,0.33578401449999995,0.43049999999999994,0.0
2026-04-18 22:00:00+02:00,0.233,0.066757499875,0.0,0.0,0.233,0.45679662875,0.31666652874999995,0.41625,0.0
2026-04-18 23:00:00+02:00,0.254,0.0717869405,0.0,0.0,0.254,0.4520932075,0.3119631075,0.5972500000000001,0.0
2026-04-19 00:00:00+02:00,0.163,0.044890041075,0.0,0.0,0.163,0.44334887025,0.30321877025,0.84625,0.0
2026-04-19 01:00:00+02:00,0.176,0.0462831292,0.0,0.0,0.176,0.42831256325,0.28818246325,0.718,0.0
2026-04-19 02:00:00+02:00,0.166,0.04445182445,0.0,0.0,0.166,0.43413236074999995,0.29400226074999997,0.54425,0.0
2026-04-19 03:00:00+02:00,0.42,0.1094446815,0.0,0.0,0.42,0.42542096575,0.28529086574999996,0.48725,0.0
2026-04-19 04:00:00+02:00,0.426,0.11111900085,0.0,0.0,0.426,0.42573574724999996,0.28560564725,0.7525000000000001,0.0
2026-04-19 05:00:00+02:00,0.422,0.1072608372,0.0,0.0,0.422,0.41766489599999995,0.277534796,0.8772500000000001,0.0
2026-04-19 06:00:00+02:00,0.399,0.102746160825,0.0,0.0,0.399,0.42170215175000003,0.28157205175,0.5415000000000001,0.0
2026-04-19 07:00:00+02:00,0.289,0.073449761825,0.001,0.000229346425,0.288,0.41763927424999997,0.27750917425,0.4905,0.00125
2026-04-19 08:00:00+02:00,0.065,0.016466360625,0.588,0.1343718915,-0.5229999999999999,0.41664368625,0.27651358625,0.13174999999999998,0.17775000000000002
2026-04-19 09:00:00+02:00,0.023,0.0055595991,1.117,0.2422959539,-1.094,0.40259930699999996,0.262469207,0.025500000000000002,0.757
2026-04-19 10:00:00+02:00,0.017,0.003567403675,1.282,0.23722419655,-1.2650000000000001,0.36403125275,0.22390115275,0.024,1.4335
2026-04-19 11:00:00+02:00,0.015,0.00254871375,0.913,0.13248474525,-0.898,0.3157122925,0.17558219249999998,0.03475,2.14975
2026-04-19 12:00:00+02:00,0.557,0.08098760505,1.566,0.1888512219,-1.009,0.2860496265,0.14591952649999998,0.3335,2.627
2026-04-19 13:00:00+02:00,0.414,0.05573583675,0.786,0.08632058325,-0.37200000000000005,0.27301547624999994,0.13288537625,1.12825,2.5417500000000004
2026-04-19 14:00:00+02:00,0.049,0.00646883545,2.345,0.25141225725,-2.2960000000000003,0.2698566805,0.1297265805,1.5819999999999999,2.63375
2026-04-19 15:00:00+02:00,0.005,0.00066462275,4.338,0.4690226079,-4.333,0.2709547555,0.1308246555,1.41175,2.2327500000000002
2026-04-19 16:00:00+02:00,0.009,0.0013676751,3.425,0.4355192325,-3.416,0.293992369,0.153862269,2.44225,1.24625
2026-04-19 17:00:00+02:00,0.111,0.0238319664,1.407,0.2671856418,-1.296,0.3699059539999999,0.22977585399999997,2.2257499999999997,0.8972500000000001
2026-04-19 18:00:00+02:00,0.08,0.020905412,0.453,0.10714023045,-0.373,0.42631040649999996,0.2861803065,0.2675,0.5755
2026-04-19 19:00:00+02:00,0.721,0.199709916175,0.135,0.034044998625,0.586,0.44527416175,0.30514406175,0.4515,0.12
2026-04-19 20:00:00+02:00,0.405,0.116020562625,0.0,0.0,0.405,0.45674538525,0.31661528525,0.5675,0.0
2026-04-19 21:00:00+02:00,0.344,0.09750422,0.0,0.0,0.344,0.45308147500000007,0.31295137500000003,0.58925,0.0
2026-04-19 22:00:00+02:00,0.186,0.05202768285,0.0,0.0,0.186,0.4485757072499999,0.30844560725,0.807,0.0
2026-04-19 23:00:00+02:00,0.172,0.0464960892,0.0,0.0,0.172,0.437210631,0.297080531,2.29175,0.0
2026-04-20 00:00:00+02:00,0.177,0.048090267225,0.0,0.0,0.177,0.43886872425,0.29873862425,1.63825,0.0
2026-04-20 01:00:00+02:00,0.183,0.04787648745,0.0,0.0,0.183,0.4266764315,0.2865463315,0.38825,0.0
2026-04-20 02:00:00+02:00,0.181,0.04741895015,0.0,0.0,0.181,0.42711566149999997,0.2869855615,1.254,0.0
2026-04-20 03:00:00+02:00,0.214,0.0555024943,0.0,0.0,0.214,0.4239385645,0.28380846449999997,1.15475,0.0
2026-04-20 04:00:00+02:00,0.556,0.1450655569,0.0,0.0,0.556,0.42581627275,0.28568617274999997,2.00375,0.0
2026-04-20 05:00:00+02:00,0.527,0.1406444952,0.0,0.0,0.527,0.433037946,0.29290784599999997,2.3725,0.0
2026-04-20 06:00:00+02:00,0.436,0.1245621916,0.0,0.0,0.436,0.45580470100000003,0.315674601,1.7890000000000001,0.0
2026-04-20 07:00:00+02:00,0.297,0.09644951745,0.001,0.00029994085,0.296,0.5030585285,0.36292842849999996,0.5775,0.0
2026-04-20 08:00:00+02:00,0.021,0.00662680095,0.414,0.1203733773,-0.39299999999999996,0.49194600949999995,0.3518159095,0.178,0.14
2026-04-20 09:00:00+02:00,0.024,0.0067254462,0.806,0.20587007155,-0.782,0.44919062925000003,0.30906052925,0.06125,0.7552499999999999
2026-04-20 10:00:00+02:00,0.031,0.007848498625,0.559,0.127660157625,-0.528,0.41646067374999995,0.27633057375,0.08425,1.198
2026-04-20 11:00:00+02:00,0.191,0.0445464525,0.293,0.0610677925,-0.10199999999999998,0.39232132500000005,0.252191225,0.3175,1.6297499999999998
2026-04-20 12:00:00+02:00,0.009,0.001778255325,2.409,0.416224430325,-2.4,0.34919259924999996,0.20906249925,0.06425,1.93125
2026-04-20 13:00:00+02:00,0.059,0.010704395075,2.204,0.3452024367,-2.145,0.32964686425,0.18951676425,0.1495,2.35025
2026-04-20 14:00:00+02:00,0.0,0.0,4.86,0.7554659805,-4.86,0.32821936675,0.18808926675,0.02525,2.95275
2026-04-20 15:00:00+02:00,0.0,0.0,4.816,0.9060525012,-4.816,0.36777202825,0.22764192825,0.00175,3.014
2026-04-20 16:00:00+02:00,0.0,0.0,4.342,0.8755228339,-4.342,0.3841150445,0.2439849445,0.857,1.98925
2026-04-20 17:00:00+02:00,0.04,0.010298431,2.851,0.663301614525,-2.811,0.42164358774999994,0.28151348775,0.17775,1.3335
2026-04-20 18:00:00+02:00,0.04,0.011125224,0.891,0.2257131096,-0.851,0.446654076,0.306523976,0.28,0.7284999999999999
2026-04-20 19:00:00+02:00,1.084,0.321286218,0.018,0.004888521,1.066,0.468747345,0.328617245,1.05825,0.1685
2026-04-20 20:00:00+02:00,0.252,0.0736275078,0.0,0.0,0.252,0.46364495650000004,0.3235148565,3.1712499999999997,0.0
2026-04-20 21:00:00+02:00,0.253,0.0720752472,0.0,0.0,0.253,0.45482375399999997,0.314693654,0.3165,0.0
2026-04-20 22:00:00+02:00,0.184,0.0502882534,0.0,0.0,0.184,0.44081597725,0.30068587725,0.33475,0.0
2026-04-20 23:00:00+02:00,0.167,0.042680720225,0.0,0.0,0.167,0.41935959175,0.27922949175,1.51675,0.0
2026-04-21 00:00:00+02:00,0.152,0.0386287176,0.0,0.0,0.152,0.41762097299999995,0.27749087299999997,0.61825,0.0
2026-04-21 01:00:00+02:00,0.609,0.15197250915,0.0,0.0,0.609,0.41206471349999996,0.2719346135,0.33375,0.0
2026-04-21 02:00:00+02:00,0.366,0.09062576325,0.0,0.0,0.366,0.40972581374999995,0.26959571374999997,0.29949999999999993,0.0
2026-04-21 03:00:00+02:00,0.181,0.045327952175,0.0,0.0,0.181,0.41313716675,0.27300706674999997,0.5265,0.0
2026-04-21 04:00:00+02:00,0.172,0.0431084159,0.0,0.0,0.172,0.41337874324999996,0.27324864325,0.519,0.0
2026-04-21 05:00:00+02:00,0.587,0.14734906285,0.0,0.0,0.587,0.4138509155,0.2737208155,0.47250000000000003,0.0
2026-04-21 06:00:00+02:00,0.519,0.1438850688,0.0,0.0,0.519,0.445570642,0.305440542,0.41950000000000004,0.0
2026-04-21 07:00:00+02:00,0.85,0.2505271725,0.0,0.0,0.85,0.4667488484999999,0.3266187485,0.428,0.0
2026-04-21 08:00:00+02:00,0.307,0.085830929525,0.456,0.1161772062,-0.14900000000000002,0.44840733574999997,0.30827723575,0.276,0.06975
2026-04-21 09:00:00+02:00,0.02,0.0050319665,1.292,0.2930169759,-1.272,0.41455002325,0.27441992325,0.2015,0.29725
2026-04-21 10:00:00+02:00,0.004,0.0008045048,1.764,0.3110305968,-1.76,0.353478752,0.213348652,0.11649999999999999,0.722
2026-04-21 11:00:00+02:00,0.0,0.0,2.699,0.35778362345,-2.699,0.3005295755,0.1603994755,0.62175,1.3764999999999998
2026-04-21 12:00:00+02:00,0.0,0.0,3.829,0.417036013625,-3.829,0.27191740124999997,0.13178730125,0.136,2.20375
2026-04-21 13:00:00+02:00,0.368,0.0471239824,3.95,0.407834735,-3.5820000000000003,0.265061753,0.124931653,0.184,2.5204999999999997
2026-04-21 14:00:00+02:00,0.0,0.0,4.767,0.481561744125,-4.767,0.26236414875,0.12223404874999999,0.03775,3.1754999999999995
2026-04-21 15:00:00+02:00,0.0,0.0,4.674,0.4994124597,-4.674,0.2694174505,0.1292873505,0.0115,2.7215000000000003
2026-04-21 16:00:00+02:00,0.0,0.0,4.232,0.5120976036,-4.232,0.2865474205,0.1464173205,0.00575,3.039
2026-04-21 17:00:00+02:00,0.004,0.0008386026,3.111,0.57505481715,-3.107,0.3637933365,0.2236632365,0.03025,1.85
2026-04-21 18:00:00+02:00,0.001,0.000251368425,2.654,0.60129932995,-2.653,0.41427184425,0.27414174425,0.3475,1.6375000000000002
2026-04-21 19:00:00+02:00,0.026,0.0073449662,0.745,0.1919818065,-0.719,0.451939477,0.311809377,0.0895,0.7412500000000001
2026-04-21 20:00:00+02:00,0.638,0.18736533585,0.0,0.0,0.638,0.46546410075000005,0.32533400075,0.2505,0.029249999999999998
2026-04-21 21:00:00+02:00,0.469,0.1322705692,0.0,0.0,0.469,0.451368478,0.311238378,0.538,0.0
2026-04-21 22:00:00+02:00,0.334,0.09123763605,0.0,0.0,0.334,0.44064760574999995,0.30051750574999997,0.6005,0.0
2026-04-21 23:00:00+02:00,0.302,0.0781962258,0.0,0.0,0.302,0.42341880899999995,0.28328870899999997,0.2855,0.0
2026-04-22 00:00:00+02:00,0.168,0.0426969312,0.0,0.0,0.168,0.417635614,0.277505514,1.04975,0.0
2026-04-22 01:00:00+02:00,0.173,0.04352703355,0.0,0.0,0.173,0.4145536835,0.2744235835,0.6327499999999999,0.0
2026-04-22 02:00:00+02:00,0.176,0.044380864,0.0,0.0,0.176,0.41523449,0.27510439,1.57125,0.0
2026-04-22 03:00:00+02:00,0.284,0.071726259,0.0,0.0,0.284,0.41571032249999995,0.27558022249999997,0.7669999999999999,0.0
2026-04-22 04:00:00+02:00,0.511,0.12893309275,0.0,0.0,0.511,0.4154175025,0.2752874025,1.7129999999999999,0.0
2026-04-22 05:00:00+02:00,0.465,0.12254798325,0.0,0.0,0.465,0.4290043505,0.2888742505,0.536,0.0
2026-04-22 06:00:00+02:00,0.42,0.1200508155,0.0,0.0,0.42,0.45597673274999995,0.31584663274999997,0.6307499999999999,0.0
2026-04-22 07:00:00+02:00,0.244,0.0728098745,0.0,0.0,0.244,0.47118141125000007,0.33105131125000004,0.53125,0.00175
2026-04-22 08:00:00+02:00,0.059,0.01611165215,0.441,0.10948876785,-0.382,0.4405414585,0.3004113585,0.3405,0.1335
2026-04-22 09:00:00+02:00,0.021,0.0049674009,1.376,0.2913513504,-1.355,0.396332959,0.256202859,0.22249999999999998,0.43025
2026-04-22 10:00:00+02:00,0.02,0.0031523525,1.085,0.144101698125,-1.065,0.30083337624999995,0.16070327624999997,0.205,1.1365
2026-04-22 11:00:00+02:00,0.015,0.00200548425,1.852,0.2016715954,-1.8370000000000002,0.2718917795,0.1317616795,0.04225,1.8299999999999998
2026-04-22 12:00:00+02:00,0.01,0.00127772975,3.46,0.3562691935,-3.45,0.26472134975,0.12459124975,0.005,2.5820000000000003
2026-04-22 13:00:00+02:00,0.0,0.0,4.452,0.3879255765,-4.452,0.24556360124999999,0.10543350124999999,0.004,3.6
2026-04-22 14:00:00+02:00,0.0,0.0,4.852,0.4310429464,-4.852,0.247624322,0.107494222,1.81825,2.85675
2026-04-22 15:00:00+02:00,0.0,0.0,4.749,0.500947196475,-4.749,0.26776667775,0.12763657775,1.1115,2.5652500000000003
2026-04-22 16:00:00+02:00,0.0,0.0,4.223,0.469120717725,-4.223,0.27454546074999997,0.13441536075,0.2985,2.206
2026-04-22 17:00:00+02:00,0.027,0.005322841425,3.021,0.520630907775,-2.9939999999999998,0.34865820275000003,0.20852810275,0.12175,1.4169999999999998
2026-04-22 18:00:00+02:00,0.0,0.0,2.737,0.61216412565,-2.737,0.4107616645,0.27063156450000003,0.22,1.10925
2026-04-22 19:00:00+02:00,0.018,0.0052733736,1.672,0.4483638544,-1.654,0.46460394200000005,0.324473842,0.34675,0.413
2026-04-22 20:00:00+02:00,0.118,0.03712030135,0.241,0.069835491825,-0.123,0.49075642825,0.35062632824999995,0.78625,0.0
2026-04-22 21:00:00+02:00,0.372,0.1034308242,0.0,0.0,0.372,0.44654426849999995,0.30641416850000003,1.07775,0.0
2026-04-22 22:00:00+02:00,0.346,0.0930723046,0.0,0.0,0.346,0.43560012099999995,0.29547002099999997,0.8727499999999999,0.0
2026-04-22 23:00:00+02:00,0.236,0.0620200625,0.0,0.0,0.236,0.42810026874999996,0.28797016875,0.6455,0.0
